STATE,STATENAME,ST_CASE,PEDS,PERNOTMVIT,VE_TOTAL,VE_FORMS,PVH_INVL,PERSONS,PERMVIT,COUNTY,COUNTYNAME,CITY,CITYNAME,MONTH,MONTHNAME,DAY,DAYNAME,DAY_WEEK,DAY_WEEKNAME,YEAR,HOUR,HOURNAME,MINUTE,MINUTENAME,TWAY_ID,TWAY_ID2,ROUTE,ROUTENAME,RUR_URB,RUR_URBNAME,FUNC_SYS,FUNC_SYSNAME,RD_OWNER,RD_OWNERNAME,NHS,NHSNAME,SP_JUR,SP_JURNAME,MILEPT,MILEPTNAME,LATITUDE,LATITUDENAME,LONGITUD,LONGITUDNAME,HARM_EV,HARM_EVNAME,MAN_COLL,MAN_COLLNAME,RELJCT1,RELJCT1NAME,RELJCT2,RELJCT2NAME,TYP_INT,TYP_INTNAME,REL_ROAD,REL_ROADNAME,WRK_ZONE,WRK_ZONENAME,LGT_COND,LGT_CONDNAME,WEATHER,WEATHERNAME,SCH_BUS,SCH_BUSNAME,RAIL,RAILNAME,NOT_HOUR,NOT_HOURNAME,NOT_MIN,NOT_MINNAME,ARR_HOUR,ARR_HOURNAME,ARR_MIN,ARR_MINNAME,HOSP_HR,HOSP_HRNAME,HOSP_MN,HOSP_MNNAME,FATALS
36,New York,360117,0,0,1,1,0,1,1,103,SUFFOLK (103),2391,GREAT RIVER,3,March,8,8,3,Tuesday,2022,22,10:00pm-10:59pm,28,28,SEBASTIAN DR,NA,5,Local Street - Township,2,Urban,7,Local,3,Town or Township Highway Agency,0,This section IS NOT on the NHS,0,No Special Jurisdiction,99998,Not Reported,40.96720278,40.96720278,-72.70605833,-72.70605833,18,Other Object (not fixed),0,The First Harmful Event was Not a Collision with a Motor Vehicle in Transport,0,No,1,Non-Junction,1,Not an Intersection,4,On Roadside,0,None,2,Dark - Not Lighted,1,Clear,0,No,0000000,Not Applicable,99,Unknown,99,Unknown,99,Unknown EMS Scene Arrival Hour,99,Unknown EMS Scene Arrival Minutes,88,Not Applicable (Not Transported),88,Not Applicable (Not Transported),1
36,New York,360118,1,1,1,1,0,1,1,27,DUTCHESS (27),2000,FISHKILL,2,February,18,18,6,Friday,2022,18,6:00pm-6:59pm,55,55,US-9,NA,2,US Highway,2,Urban,3,Principal Arterial - Other,1,State Highway Agency,1,This section IS ON the NHS,0,No Special Jurisdiction,99998,Not Reported,41.53345556,41.53345556,-73.89702222,-73.89702222,8,Pedestrian,0,The First Harmful Event was Not a Collision with a Motor Vehicle in Transport,0,No,1,Non-Junction,1,Not an Intersection,1,On Roadway,0,None,2,Dark - Not Lighted,1,Clear,0,No,0000000,Not Applicable,18,6:00pm-6:59pm,55,55,19,7:00pm-7:59pm,3,3,99,Unknown,99,Unknown EMS Hospital Arrival Time,1
36,New York,360119,1,1,1,1,0,1,1,55,MONROE (55),680,BROCKPORT,3,March,9,9,4,Wednesday,2022,20,8:00pm-8:59pm,9,9,NORTON ST,CLARK AVE,6,Local Street - Municipality,2,Urban,7,Local,4,City or Municipal Highway Agency,0,This section IS NOT on the NHS,0,No Special Jurisdiction,0,None,43.18767778,43.18767778,-77.57485278,-77.57485278,8,Pedestrian,0,The First Harmful Event was Not a Collision with a Motor Vehicle in Transport,0,No,3,Intersection-Related,3,T-Intersection,1,On Roadway,0,None,3,Dark - Lighted,1,Clear,0,No,0000000,Not Applicable,20,8:00pm-8:59pm,9,9,20,8:00pm-8:59pm,12,12,20,8:00pm-8:59pm,31,31,1
36,New York,360120,0,0,2,2,0,2,2,103,SUFFOLK (103),5810,SOUTHAMPTON,2,February,10,10,5,Thursday,2022,6,6:00am-6:59am,28,28,CR-104 QUOGUE RIVERHEAD RD,NA,4,County Road,2,Urban,4,Minor Arterial,2,County Highway Agency,0,This section IS NOT on the NHS,0,No Special Jurisdiction,99998,Not Reported,40.87333056,40.87333056,-72.62165278,-72.62165278,12,Motor Vehicle In-Transport,6,Angle,0,No,1,Non-Junction,1,Not an Intersection,1,On Roadway,0,None,1,Daylight,1,Clear,0,No,0000000,Not Applicable,6,6:00am-6:59am,28,28,6,6:00am-6:59am,39,39,99,Unknown,99,Unknown EMS Hospital Arrival Time,1
36,New York,360121,0,0,2,2,0,2,2,59,NASSAU (59),2600,HEMPSTEAD,3,March,4,4,6,Friday,2022,16,4:00pm-4:59pm,33,33,PENINSULA BLVD,MADISON AVE,5,Local Street - Township,2,Urban,4,Minor Arterial,3,Town or Township Highway Agency,0,This section IS NOT on the NHS,0,No Special Jurisdiction,99998,Not Reported,40.70219722,40.70219722,-73.62678611,-73.62678611,12,Motor Vehicle In-Transport,6,Angle,0,No,2,Intersection,2,Four-Way Intersection,1,On Roadway,0,None,1,Daylight,1,Clear,0,No,0000000,Not Applicable,16,4:00pm-4:59pm,33,33,16,4:00pm-4:59pm,35,35,16,4:00pm-4:59pm,45,45,1
36,New York,360122,0,0,1,1,0,1,1,69,ONTARIO (69),2319,GORHAM,3,March,11,11,6,Friday,2022,12,12:00pm-12:59pm,46,46,CR-18,NA,4,County Road,2,Urban,6,Minor Collector,2,County Highway Agency,0,This section IS NOT on the NHS,0,No Special Jurisdiction,99998,Not Reported,42.85290833,42.85290833,-77.23745278,-77.23745278,32,Culvert,0,The First Harmful Event was Not a Collision with a Motor Vehicle in Transport,0,No,1,Non-Junction,1,Not an Intersection,4,On Roadside,0,None,1,Daylight,10,Cloudy,0,No,0000000,Not Applicable,12,12:00pm-12:59pm,46,46,12,12:00pm-12:59pm,56,56,13,1:00pm-1:59pm,20,20,1
36,New York,360123,1,1,1,1,0,1,1,47,KINGS (47),4170,NEW YORK CITY,2,February,18,18,6,Friday,2022,18,6:00pm-6:59pm,10,10,FLATBUSH AVE,AVE H,6,Local Street - Municipality,2,Urban,3,Principal Arterial - Other,4,City or Municipal Highway Agency,1,This section IS ON the NHS,0,No Special Jurisdiction,0,None,40.63163056,40.63163056,-73.94651667,-73.94651667,8,Pedestrian,0,The First Harmful Event was Not a Collision with a Motor Vehicle in Transport,0,No,3,Intersection-Related,2,Four-Way Intersection,1,On Roadway,0,None,1,Daylight,1,Clear,0,No,0000000,Not Applicable,99,Unknown,99,Unknown,99,Unknown EMS Scene Arrival Hour,99,Unknown EMS Scene Arrival Minutes,99,Unknown,99,Unknown EMS Hospital Arrival Time,1
36,New York,360124,1,1,1,1,0,1,1,115,WASHINGTON (115),2070,FORT ANN,3,March,1,1,3,Tuesday,2022,11,11:00am-11:59am,15,15,CR-16,NA,4,County Road,2,Urban,7,Local,2,County Highway Agency,0,This section IS NOT on the NHS,0,No Special Jurisdiction,99998,Not Reported,43.42257222,43.42257222,-73.49807222,-73.49807222,8,Pedestrian,0,The First Harmful Event was Not a Collision with a Motor Vehicle in Transport,0,No,1,Non-Junction,1,Not an Intersection,1,On Roadway,0,None,1,Daylight,10,Cloudy,0,No,0000000,Not Applicable,99,Unknown,99,Unknown,99,Unknown EMS Scene Arrival Hour,99,Unknown EMS Scene Arrival Minutes,99,Unknown,99,Unknown EMS Hospital Arrival Time,1
36,New York,360125,0,0,2,1,1,1,1,5,BRONX (5),4170,NEW YORK CITY,3,March,14,14,2,Monday,2022,22,10:00pm-10:59pm,6,6,RICHARDSON AVE,NA,6,Local Street - Municipality,2,Urban,7,Local,4,City or Municipal Highway Agency,0,This section IS NOT on the NHS,0,No Special Jurisdiction,0,None,40.90434167,40.90434167,-73.85098611,-73.85098611,14,Parked Motor Vehicle,0,The First Harmful Event was Not a Collision with a Motor Vehicle in Transport,0,No,1,Non-Junction,1,Not an Intersection,7,In Parking Lane/Zone,0,None,3,Dark - Lighted,1,Clear,0,No,0000000,Not Applicable,22,10:00pm-10:59pm,6,6,99,Unknown EMS Scene Arrival Hour,99,Unknown EMS Scene Arrival Minutes,99,Unknown,99,Unknown EMS Hospital Arrival Time,1
36,New York,360126,0,0,2,2,0,2,2,29,ERIE (29),1117,CHEEKTOWAGA,1,January,23,23,1,Sunday,2022,4,4:00am-4:59am,33,33,SR-78 TRANSIT RD,AERO DR,3,State Highway,2,Urban,3,Principal Arterial - Other,1,State Highway Agency,1,This section IS ON the NHS,0,No Special Jurisdiction,99998,Not Reported,42.94476944,42.94476944,-78.69704167,-78.69704167,12,Motor Vehicle In-Transport,6,Angle,0,No,2,Intersection,3,T-Intersection,1,On Roadway,0,None,3,Dark - Lighted,4,Snow,0,No,0000000,Not Applicable,4,4:00am-4:59am,33,33,4,4:00am-4:59am,35,35,88,Not Applicable (Not Transported),88,Not Applicable (Not Transported),1
36,New York,360127,0,0,1,1,0,1,1,7,BROOME (7),3064,KIRKWOOD,3,March,10,10,5,Thursday,2022,10,10:00am-10:59am,16,16,US-11,NA,2,US Highway,2,Urban,5,Major Collector,1,State Highway Agency,0,This section IS NOT on the NHS,0,No Special Jurisdiction,99998,Not Reported,42.02833056,42.02833056,-75.79018056,-75.79018056,32,Culvert,0,The First Harmful Event was Not a Collision with a Motor Vehicle in Transport,0,No,1,Non-Junction,1,Not an Intersection,4,On Roadside,0,None,1,Daylight,1,Clear,0,No,0000000,Not Applicable,10,10:00am-10:59am,21,21,10,10:00am-10:59am,28,28,88,Not Applicable (Not Transported),88,Not Applicable (Not Transported),1
36,New York,360128,0,0,2,2,0,2,2,71,ORANGE (71),1169,CIRCLEVILLE,2,February,25,25,6,Friday,2022,22,10:00pm-10:59pm,14,14,SR-211,NA,3,State Highway,2,Urban,4,Minor Arterial,1,State Highway Agency,0,This section IS NOT on the NHS,0,No Special Jurisdiction,99998,Not Reported,41.482875,41.482875,-74.298175,-74.298175,12,Motor Vehicle In-Transport,2,Front-to-Front,0,No,1,Non-Junction,1,Not an Intersection,1,On Roadway,0,None,2,Dark - Not Lighted,1,Clear,0,No,0000000,Not Applicable,22,10:00pm-10:59pm,14,14,22,10:00pm-10:59pm,23,23,88,Not Applicable (Not Transported),88,Not Applicable (Not Transported),1
36,New York,360129,0,0,2,2,0,3,3,25,DELAWARE (25),1570,DOWNSVILLE,2,February,27,27,1,Sunday,2022,12,12:00pm-12:59pm,38,38,SR-206,NA,3,State Highway,1,Rural,5,Major Collector,1,State Highway Agency,0,This section IS NOT on the NHS,0,No Special Jurisdiction,99998,Not Reported,42.03753333,42.03753333,-74.90190556,-74.90190556,12,Motor Vehicle In-Transport,2,Front-to-Front,0,No,1,Non-Junction,1,Not an Intersection,1,On Roadway,0,None,1,Daylight,10,Cloudy,0,No,0000000,Not Applicable,12,12:00pm-12:59pm,40,40,12,12:00pm-12:59pm,54,54,99,Unknown,99,Unknown EMS Hospital Arrival Time,1
36,New York,360130,0,0,2,2,0,5,5,27,DUTCHESS (27),3084,LAGRANGEVILLE,3,March,8,8,3,Tuesday,2022,15,3:00pm-3:59pm,12,12,SR-55,S CROSS RD,3,State Highway,2,Urban,3,Principal Arterial - Other,1,State Highway Agency,1,This section IS ON the NHS,0,No Special Jurisdiction,99998,Not Reported,41.66232778,41.66232778,-73.74456111,-73.74456111,12,Motor Vehicle In-Transport,6,Angle,0,No,2,Intersection,2,Four-Way Intersection,1,On Roadway,0,None,1,Daylight,1,Clear,1,Yes,0000000,Not Applicable,15,3:00pm-3:59pm,12,12,15,3:00pm-3:59pm,20,20,99,Unknown,99,Unknown EMS Hospital Arrival Time,1
36,New York,360131,0,0,1,1,0,2,2,91,SARATOGA (91),5470,SARATOGA SPGS,3,March,10,10,5,Thursday,2022,16,4:00pm-4:59pm,16,16,I-87,NA,1,Interstate,2,Urban,1,Interstate,1,State Highway Agency,1,This section IS ON the NHS,0,No Special Jurisdiction,99998,Not Reported,43.052966670000004,43.052966670000004,-73.76773333,-73.76773333,42,Tree (Standing Only),0,The First Harmful Event was Not a Collision with a Motor Vehicle in Transport,0,No,1,Non-Junction,1,Not an Intersection,3,On Median,0,None,1,Daylight,1,Clear,0,No,0000000,Not Applicable,16,4:00pm-4:59pm,16,16,16,4:00pm-4:59pm,26,26,88,Not Applicable (Not Transported),88,Not Applicable (Not Transported),2
36,New York,360132,1,1,1,1,0,1,1,81,QUEENS (81),4170,MIDDLE VILLAGE,3,March,11,11,6,Friday,2022,21,9:00pm-9:59pm,25,25,SR-25 NORTHERN BLVD,NA,3,State Highway,2,Urban,3,Principal Arterial - Other,1,State Highway Agency,1,This section IS ON the NHS,0,No Special Jurisdiction,99998,Not Reported,40.76499444,40.76499444,-73.82022222,-73.82022222,8,Pedestrian,0,The First Harmful Event was Not a Collision with a Motor Vehicle in Transport,0,No,8,Driveway Access Related,1,Not an Intersection,1,On Roadway,0,None,3,Dark - Lighted,1,Clear,0,No,0000000,Not Applicable,99,Unknown,99,Unknown,99,Unknown EMS Scene Arrival Hour,99,Unknown EMS Scene Arrival Minutes,99,Unknown,99,Unknown EMS Hospital Arrival Time,1
36,New York,360133,0,0,2,2,0,2,2,59,NASSAU (59),4600,OYSTER BAY,3,March,15,15,3,Tuesday,2022,23,11:00pm-11:59pm,40,40,SR-25 JERICHO TURNPIKE,NA,3,State Highway,2,Urban,3,Principal Arterial - Other,1,State Highway Agency,1,This section IS ON the NHS,0,No Special Jurisdiction,99998,Not Reported,40.78857222,40.78857222,-73.54571389,-73.54571389,12,Motor Vehicle In-Transport,1,Front-to-Rear,0,No,1,Non-Junction,1,Not an Intersection,1,On Roadway,0,None,3,Dark - Lighted,10,Cloudy,0,No,0000000,Not Applicable,23,11:00pm-11:59pm,44,44,23,11:00pm-11:59pm,48,48,88,Not Applicable (Not Transported),88,Not Applicable (Not Transported),1
36,New York,360135,1,1,1,1,0,1,1,81,QUEENS (81),4170,MIDDLE VILLAGE,3,March,19,19,7,Saturday,2022,9,9:00am-9:59am,11,11,CENTRAL AVE,NAMEOKE AVE,6,Local Street - Municipality,2,Urban,4,Minor Arterial,4,City or Municipal Highway Agency,0,This section IS NOT on the NHS,0,No Special Jurisdiction,99998,Not Reported,40.60648333,40.60648333,-73.75036944,-73.75036944,15,Non-Motorist on Personal Conveyance,0,The First Harmful Event was Not a Collision with a Motor Vehicle in Transport,0,No,3,Intersection-Related,3,T-Intersection,1,On Roadway,0,None,1,Daylight,1,Clear,0,No,0000000,Not Applicable,99,Unknown,99,Unknown,99,Unknown EMS Scene Arrival Hour,99,Unknown EMS Scene Arrival Minutes,99,Unknown,99,Unknown EMS Hospital Arrival Time,1
36,New York,360136,0,0,1,1,0,1,1,7,BROOME (7),3453,MAINE,3,March,19,19,7,Saturday,2022,0,0:00am-0:59am,2,2,CR-49 FARM TO MARKET RD,NA,4,County Road,2,Urban,4,Minor Arterial,2,County Highway Agency,0,This section IS NOT on the NHS,0,No Special Jurisdiction,99998,Not Reported,42.18983889,42.18983889,-75.99662778,-75.99662778,32,Culvert,0,The First Harmful Event was Not a Collision with a Motor Vehicle in Transport,0,No,1,Non-Junction,1,Not an Intersection,4,On Roadside,0,None,2,Dark - Not Lighted,1,Clear,0,No,0000000,Not Applicable,0,0:00am-0:59am,6,6,0,0:00am-0:59am,18,18,88,Not Applicable (Not Transported),88,Not Applicable (Not Transported),1
36,New York,360137,0,0,1,1,0,1,1,111,ULSTER (111),2242,GARDINER,3,March,21,21,2,Monday,2022,12,12:00pm-12:59pm,15,15,CR-7 BRUNSWICK RD,NA,4,County Road,2,Urban,7,Local,2,County Highway Agency,0,This section IS NOT on the NHS,0,No Special Jurisdiction,99998,Not Reported,41.68479722,41.68479722,-74.21348333,-74.21348333,32,Culvert,0,The First Harmful Event was Not a Collision with a Motor Vehicle in Transport,0,No,1,Non-Junction,1,Not an Intersection,4,On Roadside,0,None,1,Daylight,1,Clear,0,No,0000000,Not Applicable,12,12:00pm-12:59pm,18,18,12,12:00pm-12:59pm,36,36,13,1:00pm-1:59pm,21,21,1
36,New York,360138,0,0,1,1,0,1,1,119,WESTCHESTER (119),1083,CHAPPAQUA,3,March,22,22,3,Tuesday,2022,19,7:00pm-7:59pm,37,37,SR-987D SAW MILL RIVER PKWY,NA,3,State Highway,2,Urban,2,Principal Arterial - Other Freeways and Expressways,1,State Highway Agency,1,This section IS ON the NHS,0,No Special Jurisdiction,99998,Not Reported,41.16833056,41.16833056,-73.76878333,-73.76878333,34,Ditch,0,The First Harmful Event was Not a Collision with a Motor Vehicle in Transport,0,No,1,Non-Junction,1,Not an Intersection,4,On Roadside,0,None,2,Dark - Not Lighted,1,Clear,0,No,0000000,Not Applicable,19,7:00pm-7:59pm,47,47,19,7:00pm-7:59pm,54,54,88,Not Applicable (Not Transported),88,Not Applicable (Not Transported),1
36,New York,360139,0,0,1,1,0,1,1,103,SUFFOLK (103),1650,EAST HAMPTON,3,March,23,23,4,Wednesday,2022,18,6:00pm-6:59pm,41,41,ACCABONAC RD,NA,5,Local Street - Township,2,Urban,5,Major Collector,3,Town or Township Highway Agency,0,This section IS NOT on the NHS,0,No Special Jurisdiction,99998,Not Reported,40.97965,40.97965,-72.16954444,-72.16954444,42,Tree (Standing Only),0,The First Harmful Event was Not a Collision with a Motor Vehicle in Transport,0,No,1,Non-Junction,1,Not an Intersection,4,On Roadside,0,None,1,Daylight,10,Cloudy,0,No,0000000,Not Applicable,18,6:00pm-6:59pm,43,43,18,6:00pm-6:59pm,49,49,19,7:00pm-7:59pm,21,21,1
36,New York,360140,0,0,1,1,0,2,2,121,WYOMING (121),4820,PIKE,3,March,4,4,6,Friday,2022,16,4:00pm-4:59pm,16,16,CR-37 E HILLSIDE RD,NA,4,County Road,1,Rural,7,Local,3,Town or Township Highway Agency,0,This section IS NOT on the NHS,0,No Special Jurisdiction,99998,Not Reported,42.59810556,42.59810556,-78.18838056,-78.18838056,30,Utility Pole/Light Support,0,The First Harmful Event was Not a Collision with a Motor Vehicle in Transport,0,No,1,Non-Junction,1,Not an Intersection,4,On Roadside,0,None,1,Daylight,1,Clear,0,No,0000000,Not Applicable,16,4:00pm-4:59pm,16,16,16,4:00pm-4:59pm,16,16,99,Unknown,99,Unknown EMS Hospital Arrival Time,1
36,New York,360141,0,0,1,1,0,2,2,81,QUEENS (81),4170,MIDDLE VILLAGE,3,March,25,25,6,Friday,2022,21,9:00pm-9:59pm,9,9,S CONDUIT AVE,NA,6,Local Street - Municipality,2,Urban,7,Local,4,City or Municipal Highway Agency,0,This section IS NOT on the NHS,0,No Special Jurisdiction,99998,Not Reported,40.66553333,40.66553333,-73.8154,-73.8154,42,Tree (Standing Only),0,The First Harmful Event was Not a Collision with a Motor Vehicle in Transport,0,No,1,Non-Junction,1,Not an Intersection,4,On Roadside,0,None,3,Dark - Lighted,1,Clear,0,No,0000000,Not Applicable,21,9:00pm-9:59pm,9,9,99,Unknown EMS Scene Arrival Hour,99,Unknown EMS Scene Arrival Minutes,99,Unknown,99,Unknown EMS Hospital Arrival Time,1
36,New York,360142,2,2,1,1,0,1,1,87,ROCKLAND (87),3975,NANUET,2,February,18,18,6,Friday,2022,6,6:00am-6:59am,5,5,S SECOND AVE,NA,5,Local Street - Township,2,Urban,7,Local,3,Town or Township Highway Agency,0,This section IS NOT on the NHS,0,No Special Jurisdiction,0,None,41.10865833,41.10865833,-74.03538056,-74.03538056,8,Pedestrian,0,The First Harmful Event was Not a Collision with a Motor Vehicle in Transport,0,No,1,Non-Junction,1,Not an Intersection,1,On Roadway,0,None,2,Dark - Not Lighted,2,Rain,0,No,0000000,Not Applicable,6,6:00am-6:59am,5,5,6,6:00am-6:59am,5,5,6,6:00am-6:59am,45,45,1
36,New York,360143,1,1,2,2,0,1,1,103,SUFFOLK (103),360,BABYLON,2,February,5,5,7,Saturday,2022,3,3:00am-3:59am,10,10,SR-908M SOUTHERN STATE PKWY,NA,3,State Highway,2,Urban,2,Principal Arterial - Other Freeways and Expressways,1,State Highway Agency,1,This section IS ON the NHS,0,No Special Jurisdiction,99998,Not Reported,40.73161944,40.73161944,-73.32402222,-73.32402222,12,Motor Vehicle In-Transport,1,Front-to-Rear,0,No,1,Non-Junction,1,Not an Intersection,1,On Roadway,0,None,3,Dark - Lighted,1,Clear,0,No,0000000,Not Applicable,99,Unknown,99,Unknown,99,Unknown EMS Scene Arrival Hour,99,Unknown EMS Scene Arrival Minutes,99,Unknown,99,Unknown EMS Hospital Arrival Time,1
36,New York,360144,0,0,2,2,0,3,3,65,ONEIDA (65),5260,ROME,1,January,16,16,1,Sunday,2022,9,9:00am-9:59am,25,25,SR-26 RAMP,NA,3,State Highway,2,Urban,2,Principal Arterial - Other Freeways and Expressways,1,State Highway Agency,1,This section IS ON the NHS,0,No Special Jurisdiction,99998,Not Reported,43.19235,43.19235,-75.45388889,-75.45388889,12,Motor Vehicle In-Transport,2,Front-to-Front,1,Yes,20,Entrance/Exit Ramp,1,Not an Intersection,1,On Roadway,0,None,1,Daylight,1,Clear,0,No,0000000,Not Applicable,9,9:00am-9:59am,28,28,9,9:00am-9:59am,37,37,10,10:00am-10:59am,0,0,1
36,New York,360145,0,0,1,1,0,1,1,115,WASHINGTON (115),250,ARGYLE,3,March,3,3,5,Thursday,2022,7,7:00am-7:59am,13,13,SR-197,NA,3,State Highway,1,Rural,5,Major Collector,1,State Highway Agency,0,This section IS NOT on the NHS,0,No Special Jurisdiction,99998,Not Reported,43.26148056,43.26148056,-73.52438889,-73.52438889,30,Utility Pole/Light Support,0,The First Harmful Event was Not a Collision with a Motor Vehicle in Transport,0,No,1,Non-Junction,1,Not an Intersection,4,On Roadside,0,None,1,Daylight,10,Cloudy,0,No,0000000,Not Applicable,7,7:00am-7:59am,13,13,7,7:00am-7:59am,26,26,88,Not Applicable (Not Transported),88,Not Applicable (Not Transported),1
36,New York,360146,1,1,1,1,0,2,2,51,LIVINGSTON (51),2461,GROVELAND CORNERS,2,February,27,27,1,Sunday,2022,3,3:00am-3:59am,0,0,I-390,NA,1,Interstate,1,Rural,1,Interstate,1,State Highway Agency,1,This section IS ON the NHS,0,No Special Jurisdiction,99998,Not Reported,42.74266667,42.74266667,-77.83986389,-77.83986389,8,Pedestrian,0,The First Harmful Event was Not a Collision with a Motor Vehicle in Transport,0,No,1,Non-Junction,1,Not an Intersection,1,On Roadway,0,None,2,Dark - Not Lighted,1,Clear,0,No,0000000,Not Applicable,99,Unknown,99,Unknown,99,Unknown EMS Scene Arrival Hour,99,Unknown EMS Scene Arrival Minutes,99,Unknown,99,Unknown EMS Hospital Arrival Time,1
36,New York,360147,0,0,2,2,0,2,2,119,WESTCHESTER (119),4309,NORTH SALEM,2,February,12,12,7,Saturday,2022,14,2:00pm-2:59pm,30,30,SR-116 TITICUS RD,NA,3,State Highway,2,Urban,4,Minor Arterial,1,State Highway Agency,0,This section IS NOT on the NHS,0,No Special Jurisdiction,99998,Not Reported,41.33180556,41.33180556,-73.64306667,-73.64306667,12,Motor Vehicle In-Transport,2,Front-to-Front,0,No,1,Non-Junction,1,Not an Intersection,1,On Roadway,0,None,1,Daylight,1,Clear,0,No,0000000,Not Applicable,14,2:00pm-2:59pm,30,30,14,2:00pm-2:59pm,35,35,88,Not Applicable (Not Transported),88,Not Applicable (Not Transported),1
36,New York,360148,1,1,2,2,0,1,1,119,WESTCHESTER (119),2555,HARRISON,2,February,21,21,2,Monday,2022,1,1:00am-1:59am,29,29,I-684,NA,1,Interstate,2,Urban,1,Interstate,1,State Highway Agency,1,This section IS ON the NHS,0,No Special Jurisdiction,99998,Not Reported,99.9999,99.9999,999.9999,999.9999,12,Motor Vehicle In-Transport,6,Angle,0,No,1,Non-Junction,1,Not an Intersection,1,On Roadway,0,None,2,Dark - Not Lighted,1,Clear,0,No,0000000,Not Applicable,99,Unknown,99,Unknown,99,Unknown EMS Scene Arrival Hour,99,Unknown EMS Scene Arrival Minutes,99,Unknown,99,Unknown EMS Hospital Arrival Time,1
36,New York,360149,0,0,2,2,0,2,2,109,TOMPKINS (109),4072,NEWFIELD,3,March,19,19,7,Saturday,2022,1,1:00am-1:59am,18,18,SR-13 ELMIRA RD,NA,3,State Highway,1,Rural,3,Principal Arterial - Other,1,State Highway Agency,1,This section IS ON the NHS,0,No Special Jurisdiction,99998,Not Reported,99.9999,99.9999,999.9999,999.9999,12,Motor Vehicle In-Transport,6,Angle,0,No,1,Non-Junction,1,Not an Intersection,1,On Roadway,0,None,2,Dark - Not Lighted,2,Rain,0,No,0000000,Not Applicable,1,1:00am-1:59am,18,18,1,1:00am-1:59am,40,40,2,2:00am-2:59am,30,30,1
36,New York,360150,0,0,2,1,1,1,1,5,BRONX (5),4170,NEW YORK CITY,3,March,24,24,5,Thursday,2022,22,10:00pm-10:59pm,34,34,SOUTHERN BLVD,NA,6,Local Street - Municipality,2,Urban,3,Principal Arterial - Other,4,City or Municipal Highway Agency,1,This section IS ON the NHS,0,No Special Jurisdiction,99998,Not Reported,40.85958333,40.85958333,-73.88086111,-73.88086111,14,Parked Motor Vehicle,0,The First Harmful Event was Not a Collision with a Motor Vehicle in Transport,0,No,1,Non-Junction,1,Not an Intersection,7,In Parking Lane/Zone,0,None,3,Dark - Lighted,2,Rain,0,No,0000000,Not Applicable,22,10:00pm-10:59pm,34,34,99,Unknown EMS Scene Arrival Hour,99,Unknown EMS Scene Arrival Minutes,99,Unknown,99,Unknown EMS Hospital Arrival Time,1
36,New York,360151,0,0,2,2,0,2,2,1,ALBANY (1),2464,GUILDERLAND,3,March,15,15,3,Tuesday,2022,6,6:00am-6:59am,39,39,US-20 WESTERN TPK,NA,2,US Highway,2,Urban,3,Principal Arterial - Other,1,State Highway Agency,1,This section IS ON the NHS,0,No Special Jurisdiction,99998,Not Reported,42.72363056,42.72363056,-73.95471111,-73.95471111,12,Motor Vehicle In-Transport,2,Front-to-Front,0,No,1,Non-Junction,1,Not an Intersection,1,On Roadway,0,None,1,Daylight,1,Clear,0,No,0000000,Not Applicable,6,6:00am-6:59am,41,41,6,6:00am-6:59am,45,45,7,7:00am-7:59am,26,26,1
36,New York,360152,0,0,2,2,0,2,2,55,MONROE (55),2710,HILTON,3,March,20,20,1,Sunday,2022,21,9:00pm-9:59pm,44,44,SR-104 W RIDGE RD,NA,3,State Highway,2,Urban,3,Principal Arterial - Other,1,State Highway Agency,1,This section IS ON the NHS,0,No Special Jurisdiction,99998,Not Reported,43.221125,43.221125,-77.82717222,-77.82717222,12,Motor Vehicle In-Transport,2,Front-to-Front,0,No,1,Non-Junction,1,Not an Intersection,1,On Roadway,0,None,2,Dark - Not Lighted,1,Clear,0,No,0000000,Not Applicable,9,9:00am-9:59am,44,44,9,9:00am-9:59am,46,46,99,Unknown,99,Unknown EMS Hospital Arrival Time,1
36,New York,360153,1,1,2,2,0,2,2,55,MONROE (55),2248,GATES,3,March,7,7,2,Monday,2022,22,10:00pm-10:59pm,10,10,I-390,NA,1,Interstate,2,Urban,1,Interstate,1,State Highway Agency,1,This section IS ON the NHS,0,No Special Jurisdiction,99998,Not Reported,43.14535,43.14535,-77.67426111,-77.67426111,8,Pedestrian,0,The First Harmful Event was Not a Collision with a Motor Vehicle in Transport,0,No,1,Non-Junction,1,Not an Intersection,1,On Roadway,0,None,3,Dark - Lighted,1,Clear,0,No,0000000,Not Applicable,22,10:00pm-10:59pm,10,10,22,10:00pm-10:59pm,12,12,88,Not Applicable (Not Transported),88,Not Applicable (Not Transported),1