STATE,STATENAME,ST_CASE,PEDS,PERNOTMVIT,VE_TOTAL,VE_FORMS,PVH_INVL,PERSONS,PERMVIT,COUNTY,COUNTYNAME,CITY,CITYNAME,MONTH,MONTHNAME,DAY,DAYNAME,DAY_WEEK,DAY_WEEKNAME,YEAR,HOUR,HOURNAME,MINUTE,MINUTENAME,TWAY_ID,TWAY_ID2,ROUTE,ROUTENAME,RUR_URB,RUR_URBNAME,FUNC_SYS,FUNC_SYSNAME,RD_OWNER,RD_OWNERNAME,NHS,NHSNAME,SP_JUR,SP_JURNAME,MILEPT,MILEPTNAME,LATITUDE,LATITUDENAME,LONGITUD,LONGITUDNAME,HARM_EV,HARM_EVNAME,MAN_COLL,MAN_COLLNAME,RELJCT1,RELJCT1NAME,RELJCT2,RELJCT2NAME,TYP_INT,TYP_INTNAME,REL_ROAD,REL_ROADNAME,WRK_ZONE,WRK_ZONENAME,LGT_COND,LGT_CONDNAME,WEATHER,WEATHERNAME,SCH_BUS,SCH_BUSNAME,RAIL,RAILNAME,NOT_HOUR,NOT_HOURNAME,NOT_MIN,NOT_MINNAME,ARR_HOUR,ARR_HOURNAME,ARR_MIN,ARR_MINNAME,HOSP_HR,HOSP_HRNAME,HOSP_MN,HOSP_MNNAME,FATALS
36,New York,360154,1,1,1,1,0,1,1,113,WARREN (113),2300,GLENS FALLS,2,February,6,6,1,Sunday,2022,5,5:00am-5:59am,45,45,BROAD ST,NA,6,Local Street - Municipality,2,Urban,3,Principal Arterial - Other,4,City or Municipal Highway Agency,1,This section IS ON the NHS,0,No Special Jurisdiction,99998,Not Reported,43.30326667,43.30326667,-73.66085556,-73.66085556,8,Pedestrian,0,The First Harmful Event was Not a Collision with a Motor Vehicle in Transport,0,No,1,Non-Junction,1,Not an Intersection,1,On Roadway,0,None,3,Dark - Lighted,1,Clear,0,No,0000000,Not Applicable,5,5:00am-5:59am,45,45,5,5:00am-5:59am,51,51,5,5:00am-5:59am,59,59,1
36,New York,360155,0,0,1,1,0,1,1,29,ERIE (29),750,BUFFALO,2,February,22,22,3,Tuesday,2022,1,1:00am-1:59am,53,53,HOWARD AVE,FILLMORE ST,6,Local Street - Municipality,2,Urban,7,Local,4,City or Municipal Highway Agency,0,This section IS NOT on the NHS,0,No Special Jurisdiction,99998,Not Reported,42.883394439999996,42.883394439999996,-78.83920556,-78.83920556,21,Bridge Pier or Support,0,The First Harmful Event was Not a Collision with a Motor Vehicle in Transport,0,No,3,Intersection-Related,2,Four-Way Intersection,10,Separator,0,None,3,Dark - Lighted,1,Clear,0,No,0000000,Not Applicable,99,Unknown,99,Unknown,99,Unknown EMS Scene Arrival Hour,99,Unknown EMS Scene Arrival Minutes,88,Not Applicable (Not Transported),88,Not Applicable (Not Transported),1
36,New York,360156,0,0,1,1,0,1,1,87,ROCKLAND (87),4063,NEW CITY,3,March,12,12,7,Saturday,2022,11,11:00am-11:59am,0,0,SR-987C,NA,3,State Highway,2,Urban,2,Principal Arterial - Other Freeways and Expressways,1,State Highway Agency,1,This section IS ON the NHS,8,Other,99998,Not Reported,41.11309722,41.11309722,-74.00187222,-74.00187222,42,Tree (Standing Only),0,The First Harmful Event was Not a Collision with a Motor Vehicle in Transport,0,No,1,Non-Junction,1,Not an Intersection,3,On Median,0,None,1,Daylight,4,Snow,0,No,0000000,Not Applicable,11,11:00am-11:59am,0,0,11,11:00am-11:59am,8,8,88,Not Applicable (Not Transported),88,Not Applicable (Not Transported),1
36,New York,360157,0,0,1,1,0,1,1,29,ERIE (29),156,AMHERST,3,March,18,18,6,Friday,2022,19,7:00pm-7:59pm,33,33,CR-87 HOPKINS RD,NA,4,County Road,2,Urban,4,Minor Arterial,2,County Highway Agency,0,This section IS NOT on the NHS,0,No Special Jurisdiction,99998,Not Reported,43.01254167,43.01254167,-78.73795278,-78.73795278,1,Rollover/Overturn,0,The First Harmful Event was Not a Collision with a Motor Vehicle in Transport,0,No,1,Non-Junction,1,Not an Intersection,4,On Roadside,0,None,3,Dark - Lighted,10,Cloudy,0,No,0000000,Not Applicable,20,8:00pm-8:59pm,58,58,22,10:00pm-10:59pm,5,5,88,Not Applicable (Not Transported),88,Not Applicable (Not Transported),1
36,New York,360158,0,0,1,1,0,1,1,105,SULLIVAN (105),4905,POND EDDY,3,March,16,16,4,Wednesday,2022,17,5:00pm-5:59pm,31,31,CR-42 FORESTBURGH RD,NA,4,County Road,1,Rural,6,Minor Collector,2,County Highway Agency,0,This section IS NOT on the NHS,0,No Special Jurisdiction,99998,Not Reported,41.51890833,41.51890833,-74.79718889,-74.79718889,42,Tree (Standing Only),0,The First Harmful Event was Not a Collision with a Motor Vehicle in Transport,0,No,1,Non-Junction,1,Not an Intersection,4,On Roadside,0,None,1,Daylight,1,Clear,0,No,0000000,Not Applicable,17,5:00pm-5:59pm,34,34,17,5:00pm-5:59pm,44,44,18,6:00pm-6:59pm,20,20,1
36,New York,360159,1,1,2,2,0,2,2,59,NASSAU (59),5250,ROCKVILLE CENTRE,3,March,19,19,7,Saturday,2022,23,11:00pm-11:59pm,56,56,CR-27 MERRICK RD,S FOREST AVE,4,County Road,2,Urban,4,Minor Arterial,2,County Highway Agency,0,This section IS NOT on the NHS,0,No Special Jurisdiction,99998,Not Reported,40.65527778,40.65527778,-73.63809722,-73.63809722,8,Pedestrian,0,The First Harmful Event was Not a Collision with a Motor Vehicle in Transport,0,No,3,Intersection-Related,2,Four-Way Intersection,1,On Roadway,0,None,3,Dark - Lighted,10,Cloudy,0,No,0000000,Not Applicable,23,11:00pm-11:59pm,56,56,23,11:00pm-11:59pm,57,57,0,0:00am-0:59am,45,45,1
36,New York,360161,0,0,1,1,0,1,1,29,ERIE (29),750,BUFFALO,2,February,2,2,4,Wednesday,2022,0,0:00am-0:59am,33,33,MICHIGAN AVE,RILEY ST,6,Local Street - Municipality,2,Urban,7,Local,4,City or Municipal Highway Agency,0,This section IS NOT on the NHS,0,No Special Jurisdiction,0,None,42.90943611,42.90943611,-78.86238611,-78.86238611,46,Traffic Signal Support,0,The First Harmful Event was Not a Collision with a Motor Vehicle in Transport,0,No,3,Intersection-Related,2,Four-Way Intersection,4,On Roadside,0,None,3,Dark - Lighted,1,Clear,0,No,0000000,Not Applicable,99,Unknown,99,Unknown,99,Unknown EMS Scene Arrival Hour,99,Unknown EMS Scene Arrival Minutes,88,Not Applicable (Not Transported),88,Not Applicable (Not Transported),1
36,New York,360162,0,0,1,1,0,1,1,53,MADISON (53),703,BROOKFIELD,3,March,20,20,1,Sunday,2022,4,4:00am-4:59am,42,42,CR-99 BEAVER CREEK RD,NA,4,County Road,1,Rural,6,Minor Collector,4,City or Municipal Highway Agency,0,This section IS NOT on the NHS,0,No Special Jurisdiction,99998,Not Reported,42.820275,42.820275,-75.31830278,-75.31830278,35,Embankment,0,The First Harmful Event was Not a Collision with a Motor Vehicle in Transport,0,No,1,Non-Junction,1,Not an Intersection,4,On Roadside,0,None,2,Dark - Not Lighted,2,Rain,0,No,0000000,Not Applicable,4,4:00am-4:59am,43,43,4,4:00am-4:59am,50,50,88,Not Applicable (Not Transported),88,Not Applicable (Not Transported),1
36,New York,360163,0,0,1,1,0,1,1,89,ST LAWRENCE (89),1502,DE PEYSTER,3,March,30,30,4,Wednesday,2022,22,10:00pm-10:59pm,59,59,SR-184,NA,3,State Highway,1,Rural,6,Minor Collector,1,State Highway Agency,0,This section IS NOT on the NHS,0,No Special Jurisdiction,99998,Not Reported,44.59483333,44.59483333,-75.42695833,-75.42695833,35,Embankment,0,The First Harmful Event was Not a Collision with a Motor Vehicle in Transport,0,No,1,Non-Junction,1,Not an Intersection,4,On Roadside,0,None,2,Dark - Not Lighted,2,Rain,0,No,0000000,Not Applicable,23,11:00pm-11:59pm,1,1,23,11:00pm-11:59pm,8,8,88,Not Applicable (Not Transported),88,Not Applicable (Not Transported),1
36,New York,360164,1,1,1,1,0,1,1,29,ERIE (29),750,BUFFALO,2,February,8,8,3,Tuesday,2022,19,7:00pm-7:59pm,15,15,US-62 BAILEY ST,NA,2,US Highway,2,Urban,3,Principal Arterial - Other,1,State Highway Agency,1,This section IS ON the NHS,0,No Special Jurisdiction,99998,Not Reported,42.89775278,42.89775278,-78.81404167,-78.81404167,8,Pedestrian,0,The First Harmful Event was Not a Collision with a Motor Vehicle in Transport,0,No,1,Non-Junction,1,Not an Intersection,1,On Roadway,0,None,3,Dark - Lighted,1,Clear,0,No,0000000,Not Applicable,99,Unknown,99,Unknown,99,Unknown EMS Scene Arrival Hour,99,Unknown EMS Scene Arrival Minutes,99,Unknown,99,Unknown EMS Hospital Arrival Time,1
36,New York,360165,1,1,1,1,0,1,1,119,WESTCHESTER (119),6820,YONKERS,2,February,8,8,3,Tuesday,2022,5,5:00am-5:59am,43,43,CR-142 FORT HILL AVE,NA,4,County Road,2,Urban,4,Minor Arterial,2,County Highway Agency,0,This section IS NOT on the NHS,0,No Special Jurisdiction,99998,Not Reported,99.9999,99.9999,999.9999,999.9999,8,Pedestrian,0,The First Harmful Event was Not a Collision with a Motor Vehicle in Transport,0,No,1,Non-Junction,1,Not an Intersection,1,On Roadway,0,None,3,Dark - Lighted,5,"Fog, Smog, Smoke",0,No,0000000,Not Applicable,99,Unknown,99,Unknown,99,Unknown EMS Scene Arrival Hour,99,Unknown EMS Scene Arrival Minutes,88,Not Applicable (Not Transported),88,Not Applicable (Not Transported),1
36,New York,360166,0,0,2,2,0,2,2,29,ERIE (29),750,BUFFALO,2,February,5,5,7,Saturday,2022,1,1:00am-1:59am,11,11,SR-33 KENSINGTON EXPY,NA,3,State Highway,2,Urban,2,Principal Arterial - Other Freeways and Expressways,1,State Highway Agency,1,This section IS ON the NHS,0,No Special Jurisdiction,99998,Not Reported,42.93287222,42.93287222,-78.81282778,-78.81282778,12,Motor Vehicle In-Transport,2,Front-to-Front,0,No,1,Non-Junction,1,Not an Intersection,1,On Roadway,0,None,3,Dark - Lighted,98,Not Reported,0,No,0000000,Not Applicable,99,Unknown,99,Unknown,99,Unknown EMS Scene Arrival Hour,99,Unknown EMS Scene Arrival Minutes,99,Unknown,99,Unknown EMS Hospital Arrival Time,1
36,New York,360167,0,0,1,1,0,1,1,113,WARREN (113),5068,QUEENSBURY,2,February,23,23,4,Wednesday,2022,3,3:00am-3:59am,57,57,AVIATION RD,NA,5,Local Street - Township,2,Urban,4,Minor Arterial,3,Town or Township Highway Agency,0,This section IS NOT on the NHS,0,No Special Jurisdiction,99998,Not Reported,43.32923611,43.32923611,-73.69282222,-73.69282222,30,Utility Pole/Light Support,0,The First Harmful Event was Not a Collision with a Motor Vehicle in Transport,0,No,1,Non-Junction,1,Not an Intersection,4,On Roadside,0,None,3,Dark - Lighted,10,Cloudy,0,No,0000000,Not Applicable,99,Unknown,99,Unknown,99,Unknown EMS Scene Arrival Hour,99,Unknown EMS Scene Arrival Minutes,99,Unknown,99,Unknown EMS Hospital Arrival Time,1
36,New York,360168,0,0,1,1,0,1,1,9,CATTARAUGUS (9),1959,FARMERSVILLE CENTER,3,March,5,5,7,Saturday,2022,5,5:00am-5:59am,0,0,SR-98,NA,3,State Highway,1,Rural,5,Major Collector,1,State Highway Agency,0,This section IS NOT on the NHS,0,No Special Jurisdiction,99998,Not Reported,42.39185278,42.39185278,-78.36941944,-78.36941944,42,Tree (Standing Only),0,The First Harmful Event was Not a Collision with a Motor Vehicle in Transport,0,No,1,Non-Junction,1,Not an Intersection,4,On Roadside,0,None,2,Dark - Not Lighted,1,Clear,0,No,0000000,Not Applicable,5,5:00am-5:59am,5,5,5,5:00am-5:59am,30,30,6,6:00am-6:59am,27,27,1
36,New York,360169,0,0,1,1,0,2,2,29,ERIE (29),1170,CLARENCE,3,March,7,7,2,Monday,2022,16,4:00pm-4:59pm,10,10,CR-247 DELAWARE RD,NA,4,County Road,1,Rural,7,Local,3,Town or Township Highway Agency,0,This section IS NOT on the NHS,0,No Special Jurisdiction,99998,Not Reported,43.05805833,43.05805833,-78.62171389,-78.62171389,35,Embankment,0,The First Harmful Event was Not a Collision with a Motor Vehicle in Transport,0,No,1,Non-Junction,1,Not an Intersection,4,On Roadside,0,None,1,Daylight,10,Cloudy,0,No,0000000,Not Applicable,16,4:00pm-4:59pm,13,13,16,4:00pm-4:59pm,24,24,99,Unknown,99,Unknown EMS Hospital Arrival Time,2
36,New York,360170,1,1,1,1,0,2,2,29,ERIE (29),750,BUFFALO,3,March,25,25,6,Friday,2022,0,0:00am-0:59am,3,3,SOBIESKI ST,STANISLAUS ST,6,Local Street - Municipality,2,Urban,7,Local,4,City or Municipal Highway Agency,0,This section IS NOT on the NHS,0,No Special Jurisdiction,0,None,42.89727778,42.89727778,-78.83260833,-78.83260833,8,Pedestrian,0,The First Harmful Event was Not a Collision with a Motor Vehicle in Transport,0,No,3,Intersection-Related,2,Four-Way Intersection,1,On Roadway,0,None,6,Dark - Unknown Lighting,1,Clear,0,No,0000000,Not Applicable,0,0:00am-0:59am,3,3,0,0:00am-0:59am,3,3,88,Not Applicable (Not Transported),88,Not Applicable (Not Transported),1
36,New York,360171,0,0,1,1,0,1,1,119,WESTCHESTER (119),6820,YONKERS,3,March,13,13,1,Sunday,2022,4,4:00am-4:59am,30,30,SR-987F SPRAIN BROOK PKWY,NA,3,State Highway,2,Urban,2,Principal Arterial - Other Freeways and Expressways,1,State Highway Agency,1,This section IS ON the NHS,0,No Special Jurisdiction,99998,Not Reported,99.9999,99.9999,999.9999,999.9999,24,Guardrail Face,0,The First Harmful Event was Not a Collision with a Motor Vehicle in Transport,0,No,1,Non-Junction,1,Not an Intersection,3,On Median,0,None,2,Dark - Not Lighted,1,Clear,0,No,0000000,Not Applicable,6,6:00am-6:59am,0,0,6,6:00am-6:59am,28,28,88,Not Applicable (Not Transported),88,Not Applicable (Not Transported),1
36,New York,360172,0,0,1,1,0,1,1,119,WESTCHESTER (119),6825,YORKTOWN HGTS,3,March,27,27,1,Sunday,2022,0,0:00am-0:59am,15,15,SR-987G TACONIC STATE PKWY,NA,3,State Highway,2,Urban,2,Principal Arterial - Other Freeways and Expressways,1,State Highway Agency,1,This section IS ON the NHS,0,No Special Jurisdiction,99998,Not Reported,99.9999,99.9999,999.9999,999.9999,24,Guardrail Face,0,The First Harmful Event was Not a Collision with a Motor Vehicle in Transport,0,No,1,Non-Junction,1,Not an Intersection,4,On Roadside,0,None,2,Dark - Not Lighted,1,Clear,0,No,0000000,Not Applicable,0,0:00am-0:59am,22,22,0,0:00am-0:59am,31,31,88,Not Applicable (Not Transported),88,Not Applicable (Not Transported),1
36,New York,360173,0,0,1,1,0,1,1,45,JEFFERSON (45),6050,THERESA,3,March,30,30,4,Wednesday,2022,12,12:00pm-12:59pm,15,15,SR-26,NA,3,State Highway,1,Rural,5,Major Collector,1,State Highway Agency,0,This section IS NOT on the NHS,0,No Special Jurisdiction,99998,Not Reported,44.25039444,44.25039444,-75.81958056,-75.81958056,1,Rollover/Overturn,0,The First Harmful Event was Not a Collision with a Motor Vehicle in Transport,0,No,1,Non-Junction,1,Not an Intersection,4,On Roadside,0,None,1,Daylight,10,Cloudy,0,No,0000000,Not Applicable,12,12:00pm-12:59pm,19,19,12,12:00pm-12:59pm,39,39,88,Not Applicable (Not Transported),88,Not Applicable (Not Transported),1
36,New York,360174,0,0,1,1,0,3,3,81,QUEENS (81),4170,MIDDLE VILLAGE,4,April,8,8,6,Friday,2022,3,3:00am-3:59am,15,15,SR-907A,NA,3,State Highway,2,Urban,3,Principal Arterial - Other,1,State Highway Agency,1,This section IS ON the NHS,0,No Special Jurisdiction,99998,Not Reported,40.68945556,40.68945556,-73.72682222,-73.72682222,24,Guardrail Face,0,The First Harmful Event was Not a Collision with a Motor Vehicle in Transport,0,No,1,Non-Junction,1,Not an Intersection,4,On Roadside,0,None,3,Dark - Lighted,10,Cloudy,0,No,0000000,Not Applicable,99,Unknown,99,Unknown,99,Unknown EMS Scene Arrival Hour,99,Unknown EMS Scene Arrival Minutes,99,Unknown,99,Unknown EMS Hospital Arrival Time,1
36,New York,360175,0,0,1,1,0,2,2,65,ONEIDA (65),6021,TABERG,3,March,29,29,3,Tuesday,2022,14,2:00pm-2:59pm,5,5,RANNEY RD,NA,5,Local Street - Township,1,Rural,7,Local,3,Town or Township Highway Agency,0,This section IS NOT on the NHS,0,No Special Jurisdiction,99998,Not Reported,43.28115556,43.28115556,-75.61608889,-75.61608889,42,Tree (Standing Only),0,The First Harmful Event was Not a Collision with a Motor Vehicle in Transport,0,No,1,Non-Junction,1,Not an Intersection,4,On Roadside,0,None,1,Daylight,1,Clear,0,No,0000000,Not Applicable,14,2:00pm-2:59pm,5,5,14,2:00pm-2:59pm,16,16,99,Unknown,99,Unknown EMS Hospital Arrival Time,2
36,New York,360176,1,1,1,1,0,1,1,7,BROOME (7),4940,PORT DICKINSON,4,April,2,2,7,Saturday,2022,21,9:00pm-9:59pm,26,26,SR-7 OFF RAMP,NA,3,State Highway,2,Urban,2,Principal Arterial - Other Freeways and Expressways,1,State Highway Agency,1,This section IS ON the NHS,0,No Special Jurisdiction,99998,Not Reported,42.13594167,42.13594167,-75.89263611,-75.89263611,8,Pedestrian,0,The First Harmful Event was Not a Collision with a Motor Vehicle in Transport,1,Yes,20,Entrance/Exit Ramp,1,Not an Intersection,1,On Roadway,0,None,2,Dark - Not Lighted,10,Cloudy,0,No,0000000,Not Applicable,21,9:00pm-9:59pm,29,29,21,9:00pm-9:59pm,34,34,22,10:00pm-10:59pm,0,0,1
36,New York,360177,1,1,1,1,0,6,6,47,KINGS (47),4170,NEW YORK CITY,4,April,7,7,5,Thursday,2022,20,8:00pm-8:59pm,7,7,EASTERN PKWY,SCHENECTADY AVE,6,Local Street - Municipality,2,Urban,3,Principal Arterial - Other,4,City or Municipal Highway Agency,1,This section IS ON the NHS,0,No Special Jurisdiction,99998,Not Reported,40.66901944,40.66901944,-73.93379444,-73.93379444,8,Pedestrian,0,The First Harmful Event was Not a Collision with a Motor Vehicle in Transport,0,No,3,Intersection-Related,2,Four-Way Intersection,1,On Roadway,0,None,3,Dark - Lighted,2,Rain,0,No,0000000,Not Applicable,20,8:00pm-8:59pm,7,7,20,8:00pm-8:59pm,10,10,20,8:00pm-8:59pm,20,20,1
36,New York,360178,0,0,2,2,0,2,2,1,ALBANY (1),1290,COLONIE,3,March,27,27,1,Sunday,2022,4,4:00am-4:59am,46,46,I-87,NA,1,Interstate,2,Urban,1,Interstate,1,State Highway Agency,1,This section IS ON the NHS,0,No Special Jurisdiction,99998,Not Reported,42.77601667,42.77601667,-73.76026111,-73.76026111,12,Motor Vehicle In-Transport,1,Front-to-Rear,0,No,1,Non-Junction,1,Not an Intersection,1,On Roadway,0,None,2,Dark - Not Lighted,10,Cloudy,0,No,0000000,Not Applicable,4,4:00am-4:59am,54,54,5,5:00am-5:59am,5,5,99,Unknown,99,Unknown EMS Hospital Arrival Time,1
36,New York,360179,0,0,2,2,0,2,2,57,MONTGOMERY (57),170,AMSTERDAM,3,March,29,29,3,Tuesday,2022,16,4:00pm-4:59pm,24,24,SR-5,NA,3,State Highway,2,Urban,3,Principal Arterial - Other,1,State Highway Agency,1,This section IS ON the NHS,0,No Special Jurisdiction,99998,Not Reported,42.92506667,42.92506667,-74.16830556,-74.16830556,12,Motor Vehicle In-Transport,2,Front-to-Front,0,No,1,Non-Junction,1,Not an Intersection,1,On Roadway,0,None,1,Daylight,1,Clear,0,No,0000000,Not Applicable,16,4:00pm-4:59pm,24,24,16,4:00pm-4:59pm,33,33,17,5:00pm-5:59pm,8,8,1
36,New York,360180,0,0,2,2,0,2,2,103,SUFFOLK (103),5210,RIVERHEAD,2,February,10,10,5,Thursday,2022,16,4:00pm-4:59pm,59,59,SOUND AVE,NA,5,Local Street - Township,2,Urban,3,Principal Arterial - Other,3,Town or Township Highway Agency,1,This section IS ON the NHS,0,No Special Jurisdiction,99998,Not Reported,40.96858056,40.96858056,-72.62409444,-72.62409444,12,Motor Vehicle In-Transport,2,Front-to-Front,0,No,1,Non-Junction,1,Not an Intersection,1,On Roadway,0,None,1,Daylight,1,Clear,1,Yes,0000000,Not Applicable,17,5:00pm-5:59pm,2,2,17,5:00pm-5:59pm,11,11,17,5:00pm-5:59pm,44,44,1
36,New York,360181,0,0,2,2,0,3,3,67,ONONDAGA (67),1179,CLAY,4,April,1,1,6,Friday,2022,23,11:00pm-11:59pm,29,29,CR-45 HENRY CLAY BLVD,NA,4,County Road,2,Urban,3,Principal Arterial - Other,2,County Highway Agency,1,This section IS ON the NHS,0,No Special Jurisdiction,99998,Not Reported,43.12492778,43.12492778,-76.18605833,-76.18605833,12,Motor Vehicle In-Transport,2,Front-to-Front,0,No,1,Non-Junction,1,Not an Intersection,1,On Roadway,0,None,3,Dark - Lighted,1,Clear,0,No,0000000,Not Applicable,23,11:00pm-11:59pm,31,31,99,Unknown EMS Scene Arrival Hour,99,Unknown EMS Scene Arrival Minutes,99,Unknown,99,Unknown EMS Hospital Arrival Time,1
36,New York,360182,0,0,2,1,1,1,1,103,SUFFOLK (103),2840,HUNTINGTON,3,March,29,29,3,Tuesday,2022,4,4:00am-4:59am,47,47,SR-25 JERICHO TPK,NA,3,State Highway,2,Urban,3,Principal Arterial - Other,1,State Highway Agency,1,This section IS ON the NHS,0,No Special Jurisdiction,99998,Not Reported,40.83521667,40.83521667,-73.36931389,-73.36931389,30,Utility Pole/Light Support,0,The First Harmful Event was Not a Collision with a Motor Vehicle in Transport,0,No,1,Non-Junction,1,Not an Intersection,4,On Roadside,0,None,3,Dark - Lighted,1,Clear,0,No,0000000,Not Applicable,4,4:00am-4:59am,48,48,4,4:00am-4:59am,56,56,88,Not Applicable (Not Transported),88,Not Applicable (Not Transported),1
36,New York,360183,1,1,1,1,0,1,1,79,PUTNAM (79),1280,COLD SPRING,3,March,15,15,3,Tuesday,2022,17,5:00pm-5:59pm,30,30,US-9,NA,2,US Highway,1,Rural,3,Principal Arterial - Other,1,State Highway Agency,1,This section IS ON the NHS,0,No Special Jurisdiction,99998,Not Reported,41.47409722,41.47409722,-73.91588333,-73.91588333,9,Pedalcyclist,0,The First Harmful Event was Not a Collision with a Motor Vehicle in Transport,0,No,1,Non-Junction,1,Not an Intersection,1,On Roadway,0,None,1,Daylight,1,Clear,0,No,0000000,Not Applicable,17,5:00pm-5:59pm,26,26,17,5:00pm-5:59pm,35,35,88,Not Applicable (Not Transported),88,Not Applicable (Not Transported),1
36,New York,360184,1,1,2,2,0,4,4,63,NIAGARA (63),3340,LOCKPORT,3,March,18,18,6,Friday,2022,19,7:00pm-7:59pm,46,46,SR-78 S TRANSIT ST,HIGH ST,3,State Highway,2,Urban,3,Principal Arterial - Other,1,State Highway Agency,1,This section IS ON the NHS,0,No Special Jurisdiction,99998,Not Reported,43.16478889,43.16478889,-78.69688889,-78.69688889,8,Pedestrian,0,The First Harmful Event was Not a Collision with a Motor Vehicle in Transport,0,No,3,Intersection-Related,2,Four-Way Intersection,1,On Roadway,0,None,3,Dark - Lighted,10,Cloudy,0,No,0000000,Not Applicable,19,7:00pm-7:59pm,49,49,19,7:00pm-7:59pm,51,51,88,Not Applicable (Not Transported),88,Not Applicable (Not Transported),1
36,New York,360185,0,0,3,3,0,5,5,111,ULSTER (111),5480,SAUGERTIES,3,March,1,1,3,Tuesday,2022,15,3:00pm-3:59pm,28,28,US-9W,NORTH DR,2,US Highway,2,Urban,4,Minor Arterial,1,State Highway Agency,0,This section IS NOT on the NHS,0,No Special Jurisdiction,99998,Not Reported,42.00440278,42.00440278,-73.98383056,-73.98383056,12,Motor Vehicle In-Transport,1,Front-to-Rear,0,No,2,Intersection,4,Y-Intersection,1,On Roadway,0,None,1,Daylight,10,Cloudy,0,No,0000000,Not Applicable,15,3:00pm-3:59pm,28,28,15,3:00pm-3:59pm,33,33,99,Unknown,99,Unknown EMS Hospital Arrival Time,1
36,New York,360186,0,0,3,3,0,3,3,29,ERIE (29),156,AMHERST,3,March,24,24,5,Thursday,2022,9,9:00am-9:59am,19,19,HOPKINS RD,SHERIDAN DR,5,Local Street - Township,2,Urban,4,Minor Arterial,3,Town or Township Highway Agency,0,This section IS NOT on the NHS,0,No Special Jurisdiction,99998,Not Reported,42.97840556,42.97840556,-78.73950833,-78.73950833,12,Motor Vehicle In-Transport,8,Sideswipe - Opposite Direction,0,No,2,Intersection,2,Four-Way Intersection,1,On Roadway,0,None,1,Daylight,10,Cloudy,0,No,0000000,Not Applicable,9,9:00am-9:59am,19,19,9,9:00am-9:59am,19,19,9,9:00am-9:59am,52,52,1
36,New York,360187,0,0,3,3,0,4,4,103,SUFFOLK (103),2840,HUNTINGTON,3,March,25,25,6,Friday,2022,17,5:00pm-5:59pm,20,20,VANDERBILT PKWY,NA,5,Local Street - Township,2,Urban,6,Minor Collector,3,Town or Township Highway Agency,0,This section IS NOT on the NHS,0,No Special Jurisdiction,99998,Not Reported,40.81463889,40.81463889,-73.31754444,-73.31754444,12,Motor Vehicle In-Transport,2,Front-to-Front,0,No,1,Non-Junction,1,Not an Intersection,1,On Roadway,0,None,1,Daylight,1,Clear,0,No,0000000,Not Applicable,17,5:00pm-5:59pm,28,28,17,5:00pm-5:59pm,35,35,99,Unknown,99,Unknown EMS Hospital Arrival Time,1
36,New York,360188,2,2,5,1,4,1,1,61,NEW YORK (61),4170,NEW YORK,3,March,28,28,2,Monday,2022,8,8:00am-8:59am,25,25,W 145TH ST,LENOX AVE,6,Local Street - Municipality,2,Urban,7,Local,4,City or Municipal Highway Agency,0,This section IS NOT on the NHS,0,No Special Jurisdiction,0,None,40.82067222,40.82067222,-73.93632222,-73.93632222,8,Pedestrian,0,The First Harmful Event was Not a Collision with a Motor Vehicle in Transport,0,No,3,Intersection-Related,2,Four-Way Intersection,4,On Roadside,0,None,1,Daylight,1,Clear,0,No,0000000,Not Applicable,99,Unknown,99,Unknown,99,Unknown EMS Scene Arrival Hour,99,Unknown EMS Scene Arrival Minutes,99,Unknown,99,Unknown EMS Hospital Arrival Time,1
36,New York,360189,0,0,1,1,0,1,1,111,ULSTER (111),4875,PLATTEKILL,3,March,19,19,7,Saturday,2022,15,3:00pm-3:59pm,59,59,CR-68 MILTON TURNPIKE,NA,4,County Road,1,Rural,5,Major Collector,2,County Highway Agency,0,This section IS NOT on the NHS,0,No Special Jurisdiction,99998,Not Reported,41.67281944,41.67281944,-74.06213889,-74.06213889,42,Tree (Standing Only),0,The First Harmful Event was Not a Collision with a Motor Vehicle in Transport,0,No,1,Non-Junction,1,Not an Intersection,4,On Roadside,0,None,1,Daylight,1,Clear,0,No,0000000,Not Applicable,15,3:00pm-3:59pm,59,59,16,4:00pm-4:59pm,4,4,88,Not Applicable (Not Transported),88,Not Applicable (Not Transported),1