STATE,STATENAME,ST_CASE,PEDS,PERNOTMVIT,VE_TOTAL,VE_FORMS,PVH_INVL,PERSONS,PERMVIT,COUNTY,COUNTYNAME,CITY,CITYNAME,MONTH,MONTHNAME,DAY,DAYNAME,DAY_WEEK,DAY_WEEKNAME,YEAR,HOUR,HOURNAME,MINUTE,MINUTENAME,TWAY_ID,TWAY_ID2,ROUTE,ROUTENAME,RUR_URB,RUR_URBNAME,FUNC_SYS,FUNC_SYSNAME,RD_OWNER,RD_OWNERNAME,NHS,NHSNAME,SP_JUR,SP_JURNAME,MILEPT,MILEPTNAME,LATITUDE,LATITUDENAME,LONGITUD,LONGITUDNAME,HARM_EV,HARM_EVNAME,MAN_COLL,MAN_COLLNAME,RELJCT1,RELJCT1NAME,RELJCT2,RELJCT2NAME,TYP_INT,TYP_INTNAME,REL_ROAD,REL_ROADNAME,WRK_ZONE,WRK_ZONENAME,LGT_COND,LGT_CONDNAME,WEATHER,WEATHERNAME,SCH_BUS,SCH_BUSNAME,RAIL,RAILNAME,NOT_HOUR,NOT_HOURNAME,NOT_MIN,NOT_MINNAME,ARR_HOUR,ARR_HOURNAME,ARR_MIN,ARR_MINNAME,HOSP_HR,HOSP_HRNAME,HOSP_MN,HOSP_MNNAME,FATALS
36,New York,360190,1,1,1,1,0,2,2,27,DUTCHESS (27),2000,FISHKILL,3,March,28,28,2,Monday,2022,20,8:00pm-8:59pm,30,30,US-9,CHURCH ST,2,US Highway,2,Urban,3,Principal Arterial - Other,1,State Highway Agency,1,This section IS ON the NHS,0,No Special Jurisdiction,99998,Not Reported,41.53785556,41.53785556,-73.90025278,-73.90025278,8,Pedestrian,0,The First Harmful Event was Not a Collision with a Motor Vehicle in Transport,0,No,3,Intersection-Related,2,Four-Way Intersection,1,On Roadway,0,None,3,Dark - Lighted,10,Cloudy,0,No,0000000,Not Applicable,20,8:00pm-8:59pm,30,30,20,8:00pm-8:59pm,32,32,88,Not Applicable (Not Transported),88,Not Applicable (Not Transported),1
36,New York,360191,0,0,2,2,0,2,2,29,ERIE (29),1844,ELMA,4,April,2,2,7,Saturday,2022,11,11:00am-11:59am,1,1,SR-16/78 SENECA ST,NA,3,State Highway,2,Urban,4,Minor Arterial,1,State Highway Agency,0,This section IS NOT on the NHS,0,No Special Jurisdiction,99998,Not Reported,42.81433889,42.81433889,-78.67035556,-78.67035556,12,Motor Vehicle In-Transport,6,Angle,0,No,8,Driveway Access Related,1,Not an Intersection,1,On Roadway,0,None,1,Daylight,1,Clear,0,No,0000000,Not Applicable,11,11:00am-11:59am,5,5,11,11:00am-11:59am,8,8,11,11:00am-11:59am,50,50,1
36,New York,360192,0,0,1,1,0,1,1,23,CORTLAND (23),2760,HOMER,4,April,8,8,6,Friday,2022,5,5:00am-5:59am,52,52,I-81,NA,1,Interstate,1,Rural,1,Interstate,1,State Highway Agency,1,This section IS ON the NHS,0,No Special Jurisdiction,99998,Not Reported,42.67354722,42.67354722,-76.16785833,-76.16785833,42,Tree (Standing Only),0,The First Harmful Event was Not a Collision with a Motor Vehicle in Transport,0,No,1,Non-Junction,1,Not an Intersection,4,On Roadside,0,None,2,Dark - Not Lighted,10,Cloudy,0,No,0000000,Not Applicable,99,Unknown,99,Unknown,99,Unknown EMS Scene Arrival Hour,99,Unknown EMS Scene Arrival Minutes,88,Not Applicable (Not Transported),88,Not Applicable (Not Transported),1
36,New York,360193,2,2,1,1,0,1,1,27,DUTCHESS (27),5030,POUGHKEEPSIE,4,April,11,11,2,Monday,2022,13,1:00pm-1:59pm,6,6,STANLEY ST,MARY AVE,5,Local Street - Township,2,Urban,7,Local,3,Town or Township Highway Agency,0,This section IS NOT on the NHS,0,No Special Jurisdiction,99998,Not Reported,41.72069167,41.72069167,-73.84461667,-73.84461667,15,Non-Motorist on Personal Conveyance,0,The First Harmful Event was Not a Collision with a Motor Vehicle in Transport,0,No,3,Intersection-Related,3,T-Intersection,1,On Roadway,0,None,1,Daylight,1,Clear,0,No,0000000,Not Applicable,13,1:00pm-1:59pm,8,8,13,1:00pm-1:59pm,11,11,99,Unknown,99,Unknown EMS Hospital Arrival Time,2
36,New York,360194,0,0,2,2,0,2,2,63,NIAGARA (63),4330,NORTH TONAWANDA,4,April,13,13,4,Wednesday,2022,11,11:00am-11:59am,30,30,US-62 NIAGARA FALLS BLVD,NA,2,US Highway,2,Urban,3,Principal Arterial - Other,1,State Highway Agency,1,This section IS ON the NHS,0,No Special Jurisdiction,99998,Not Reported,43.09388333,43.09388333,-78.90989722,-78.90989722,12,Motor Vehicle In-Transport,1,Front-to-Rear,0,No,1,Non-Junction,1,Not an Intersection,1,On Roadway,0,None,1,Daylight,10,Cloudy,0,No,0000000,Not Applicable,11,11:00am-11:59am,30,30,11,11:00am-11:59am,31,31,88,Not Applicable (Not Transported),88,Not Applicable (Not Transported),1
36,New York,360195,0,0,2,2,0,3,3,3,ALLEGANY (3),1046,CENTERVILLE,3,March,11,11,6,Friday,2022,7,7:00am-7:59am,56,56,CR-36,DOW RD,4,County Road,1,Rural,6,Minor Collector,2,County Highway Agency,0,This section IS NOT on the NHS,0,No Special Jurisdiction,99998,Not Reported,42.48455556,42.48455556,-78.23902222,-78.23902222,12,Motor Vehicle In-Transport,6,Angle,0,No,2,Intersection,2,Four-Way Intersection,1,On Roadway,0,None,1,Daylight,10,Cloudy,0,No,0000000,Not Applicable,7,7:00am-7:59am,58,58,8,8:00am-8:59am,5,5,99,Unknown,99,Unknown EMS Hospital Arrival Time,2
36,New York,360197,0,0,1,1,0,3,3,89,ST LAWRENCE (89),880,CANTON,4,April,17,17,1,Sunday,2022,8,8:00am-8:59am,2,2,IRISH SETTLEMENT RD,NA,5,Local Street - Township,1,Rural,7,Local,3,Town or Township Highway Agency,0,This section IS NOT on the NHS,0,No Special Jurisdiction,99998,Not Reported,44.58403333,44.58403333,-75.24342222,-75.24342222,42,Tree (Standing Only),0,The First Harmful Event was Not a Collision with a Motor Vehicle in Transport,0,No,1,Non-Junction,1,Not an Intersection,4,On Roadside,0,None,1,Daylight,10,Cloudy,0,No,0000000,Not Applicable,8,8:00am-8:59am,10,10,8,8:00am-8:59am,18,18,8,8:00am-8:59am,52,52,1
36,New York,360198,0,0,2,2,0,2,2,65,ONEIDA (65),403,BARNEVELD,3,March,27,27,1,Sunday,2022,15,3:00pm-3:59pm,17,17,SR-365,PROSPECT RD,3,State Highway,1,Rural,5,Major Collector,1,State Highway Agency,0,This section IS NOT on the NHS,0,No Special Jurisdiction,99998,Not Reported,43.30820833,43.30820833,-75.15473056,-75.15473056,12,Motor Vehicle In-Transport,6,Angle,0,No,2,Intersection,2,Four-Way Intersection,1,On Roadway,0,None,1,Daylight,10,Cloudy,0,No,0000000,Not Applicable,15,3:00pm-3:59pm,15,15,15,3:00pm-3:59pm,18,18,99,Unknown,99,Unknown EMS Hospital Arrival Time,1
36,New York,360200,0,0,2,2,0,3,3,65,ONEIDA (65),650,BRIDGEWATER,4,April,7,7,5,Thursday,2022,8,8:00am-8:59am,5,5,CR-2A STONE RD,NA,4,County Road,1,Rural,5,Major Collector,2,County Highway Agency,0,This section IS NOT on the NHS,0,No Special Jurisdiction,99998,Not Reported,42.91311389,42.91311389,-75.20574444,-75.20574444,12,Motor Vehicle In-Transport,6,Angle,0,No,1,Non-Junction,1,Not an Intersection,1,On Roadway,0,None,2,Dark - Not Lighted,2,Rain,0,No,0000000,Not Applicable,8,8:00am-8:59am,10,10,8,8:00am-8:59am,20,20,9,9:00am-9:59am,0,0,1
36,New York,360201,0,0,3,3,0,8,8,51,LIVINGSTON (51),3200,LEICESTER,4,April,13,13,4,Wednesday,2022,18,6:00pm-6:59pm,6,6,SR-36 MOUNT MORRIS RD,CR-64 PERRY RD,3,State Highway,1,Rural,4,Minor Arterial,1,State Highway Agency,0,This section IS NOT on the NHS,0,No Special Jurisdiction,99998,Not Reported,42.756325,42.756325,-77.88470278,-77.88470278,12,Motor Vehicle In-Transport,6,Angle,0,No,2,Intersection,2,Four-Way Intersection,1,On Roadway,0,None,5,Dusk,10,Cloudy,0,No,0000000,Not Applicable,18,6:00pm-6:59pm,6,6,18,6:00pm-6:59pm,12,12,99,Unknown,99,Unknown EMS Hospital Arrival Time,1
36,New York,360202,0,0,1,1,0,1,1,71,ORANGE (71),4060,NEWBURGH,3,March,31,31,5,Thursday,2022,6,6:00am-6:59am,32,32,SR-32,NA,3,State Highway,2,Urban,3,Principal Arterial - Other,1,State Highway Agency,1,This section IS ON the NHS,0,No Special Jurisdiction,99998,Not Reported,41.58062222,41.58062222,-74.06770278,-74.06770278,53,Mail Box,0,The First Harmful Event was Not a Collision with a Motor Vehicle in Transport,0,No,1,Non-Junction,1,Not an Intersection,4,On Roadside,0,None,1,Daylight,2,Rain,0,No,0000000,Not Applicable,6,6:00am-6:59am,37,37,6,6:00am-6:59am,48,48,99,Unknown,99,Unknown EMS Hospital Arrival Time,1
36,New York,360203,0,0,1,1,0,1,1,103,SUFFOLK (103),2840,HUNTINGTON,1,January,18,18,3,Tuesday,2022,20,8:00pm-8:59pm,0,0,PIDGEON HILL RD,NA,5,Local Street - Township,2,Urban,7,Local,3,Town or Township Highway Agency,0,This section IS NOT on the NHS,0,No Special Jurisdiction,99998,Not Reported,40.81872222,40.81872222,-73.38832778,-73.38832778,33,Curb,0,The First Harmful Event was Not a Collision with a Motor Vehicle in Transport,0,No,1,Non-Junction,1,Not an Intersection,4,On Roadside,0,None,3,Dark - Lighted,1,Clear,0,No,0000000,Not Applicable,99,Unknown,99,Unknown,99,Unknown EMS Scene Arrival Hour,99,Unknown EMS Scene Arrival Minutes,99,Unknown,99,Unknown EMS Hospital Arrival Time,1
36,New York,360204,1,1,1,1,0,2,2,103,SUFFOLK (103),2840,HUNTINGTON,4,April,14,14,5,Thursday,2022,21,9:00pm-9:59pm,37,37,SR-110 NEW YORK AVE,OLIVE ST,3,State Highway,2,Urban,3,Principal Arterial - Other,1,State Highway Agency,1,This section IS ON the NHS,0,No Special Jurisdiction,99998,Not Reported,40.85786389,40.85786389,-73.413525,-73.413525,8,Pedestrian,0,The First Harmful Event was Not a Collision with a Motor Vehicle in Transport,0,No,3,Intersection-Related,2,Four-Way Intersection,1,On Roadway,0,None,3,Dark - Lighted,1,Clear,0,No,0000000,Not Applicable,99,Unknown,99,Unknown,99,Unknown EMS Scene Arrival Hour,99,Unknown EMS Scene Arrival Minutes,99,Unknown,99,Unknown EMS Hospital Arrival Time,1
36,New York,360205,0,0,2,2,0,4,4,103,SUFFOLK (103),2840,HUNTINGTON,1,January,5,5,4,Wednesday,2022,12,12:00pm-12:59pm,15,15,CUBA HILL RD,NA,5,Local Street - Township,2,Urban,7,Local,3,Town or Township Highway Agency,0,This section IS NOT on the NHS,0,No Special Jurisdiction,99998,Not Reported,40.85038056,40.85038056,-73.34311389,-73.34311389,12,Motor Vehicle In-Transport,6,Angle,0,No,8,Driveway Access Related,1,Not an Intersection,1,On Roadway,0,None,1,Daylight,2,Rain,0,No,0000000,Not Applicable,99,Unknown,99,Unknown,99,Unknown EMS Scene Arrival Hour,99,Unknown EMS Scene Arrival Minutes,99,Unknown,99,Unknown EMS Hospital Arrival Time,2
36,New York,360206,0,0,2,2,0,2,2,103,SUFFOLK (103),2840,HUNTINGTON,4,April,14,14,5,Thursday,2022,23,11:00pm-11:59pm,15,15,S SERVICE RD,NA,7,Local Street - Frontage Road,2,Urban,3,Principal Arterial - Other,1,State Highway Agency,9,Unknown if this section is on the NHS,0,No Special Jurisdiction,99998,Not Reported,40.78025,40.78025,-73.41268333,-73.41268333,12,Motor Vehicle In-Transport,2,Front-to-Front,0,No,1,Non-Junction,1,Not an Intersection,1,On Roadway,0,None,3,Dark - Lighted,2,Rain,0,No,0000000,Not Applicable,23,11:00pm-11:59pm,17,17,23,11:00pm-11:59pm,25,25,0,0:00am-0:59am,5,5,1
36,New York,360207,0,0,2,2,0,4,4,47,KINGS (47),4170,NEW YORK CITY,4,April,22,22,6,Friday,2022,15,3:00pm-3:59pm,56,56,AVE P,W 4TH ST,6,Local Street - Municipality,2,Urban,3,Principal Arterial - Other,4,City or Municipal Highway Agency,1,This section IS ON the NHS,0,No Special Jurisdiction,0,None,40.60835,40.60835,-73.97775556,-73.97775556,12,Motor Vehicle In-Transport,6,Angle,0,No,2,Intersection,2,Four-Way Intersection,1,On Roadway,0,None,1,Daylight,1,Clear,0,No,0000000,Not Applicable,99,Unknown,99,Unknown,99,Unknown EMS Scene Arrival Hour,99,Unknown EMS Scene Arrival Minutes,99,Unknown,99,Unknown EMS Hospital Arrival Time,1
36,New York,360208,0,0,1,1,0,2,2,103,SUFFOLK (103),705,BROOKHAVEN,1,January,9,9,1,Sunday,2022,0,0:00am-0:59am,35,35,I-495,NA,1,Interstate,2,Urban,1,Interstate,1,State Highway Agency,1,This section IS ON the NHS,0,No Special Jurisdiction,99998,Not Reported,40.82383333,40.82383333,-73.01230556,-73.01230556,42,Tree (Standing Only),0,The First Harmful Event was Not a Collision with a Motor Vehicle in Transport,0,No,1,Non-Junction,1,Not an Intersection,4,On Roadside,0,None,2,Dark - Not Lighted,1,Clear,0,No,0000000,Not Applicable,0,0:00am-0:59am,39,39,0,0:00am-0:59am,45,45,1,1:00am-1:59am,8,8,1
36,New York,360209,0,0,1,1,0,1,1,103,SUFFOLK (103),705,BROOKHAVEN,1,January,11,11,3,Tuesday,2022,13,1:00pm-1:59pm,30,30,SR-27,NA,3,State Highway,2,Urban,2,Principal Arterial - Other Freeways and Expressways,1,State Highway Agency,1,This section IS ON the NHS,0,No Special Jurisdiction,0,None,40.76961944,40.76961944,-73.05893056,-73.05893056,25,Concrete Traffic Barrier,0,The First Harmful Event was Not a Collision with a Motor Vehicle in Transport,0,No,1,Non-Junction,1,Not an Intersection,3,On Median,0,None,1,Daylight,1,Clear,0,No,0000000,Not Applicable,99,Unknown,99,Unknown,99,Unknown EMS Scene Arrival Hour,99,Unknown EMS Scene Arrival Minutes,99,Unknown,99,Unknown EMS Hospital Arrival Time,1
36,New York,360210,0,0,1,1,0,1,1,103,SUFFOLK (103),5769,SMITHTOWN,1,January,14,14,6,Friday,2022,19,7:00pm-7:59pm,20,20,CR-14 HARNED RD,NA,4,County Road,2,Urban,7,Local,2,County Highway Agency,0,This section IS NOT on the NHS,0,No Special Jurisdiction,99998,Not Reported,40.81645278,40.81645278,-73.28735,-73.28735,1,Rollover/Overturn,0,The First Harmful Event was Not a Collision with a Motor Vehicle in Transport,0,No,1,Non-Junction,1,Not an Intersection,1,On Roadway,0,None,3,Dark - Lighted,1,Clear,0,No,0000000,Not Applicable,99,Unknown,99,Unknown,99,Unknown EMS Scene Arrival Hour,99,Unknown EMS Scene Arrival Minutes,88,Not Applicable (Not Transported),88,Not Applicable (Not Transported),1
36,New York,360211,0,0,1,1,0,1,1,103,SUFFOLK (103),705,BROOKHAVEN,1,January,18,18,3,Tuesday,2022,18,6:00pm-6:59pm,57,57,CR-46,NA,4,County Road,2,Urban,2,Principal Arterial - Other Freeways and Expressways,2,County Highway Agency,1,This section IS ON the NHS,0,No Special Jurisdiction,99998,Not Reported,40.8155,40.8155,-72.87654167,-72.87654167,1,Rollover/Overturn,0,The First Harmful Event was Not a Collision with a Motor Vehicle in Transport,0,No,1,Non-Junction,1,Not an Intersection,4,On Roadside,0,None,3,Dark - Lighted,1,Clear,0,No,0000000,Not Applicable,99,Unknown,99,Unknown,99,Unknown EMS Scene Arrival Hour,99,Unknown EMS Scene Arrival Minutes,88,Not Applicable (Not Transported),88,Not Applicable (Not Transported),1
36,New York,360212,0,0,1,1,0,2,2,103,SUFFOLK (103),705,BROOKHAVEN,2,February,5,5,7,Saturday,2022,1,1:00am-1:59am,59,59,CR-80 MONTAUK HWY,NA,4,County Road,2,Urban,4,Minor Arterial,2,County Highway Agency,0,This section IS NOT on the NHS,0,No Special Jurisdiction,99998,Not Reported,99.9999,99.9999,999.9999,999.9999,42,Tree (Standing Only),0,The First Harmful Event was Not a Collision with a Motor Vehicle in Transport,0,No,1,Non-Junction,1,Not an Intersection,4,On Roadside,0,None,3,Dark - Lighted,98,Not Reported,0,No,0000000,Not Applicable,1,1:00am-1:59am,59,59,2,2:00am-2:59am,6,6,99,Unknown,99,Unknown EMS Hospital Arrival Time,1
36,New York,360213,0,0,1,1,0,2,2,103,SUFFOLK (103),705,BROOKHAVEN,2,February,10,10,5,Thursday,2022,5,5:00am-5:59am,23,23,SR-27 SUNRISE HWY,NA,3,State Highway,2,Urban,2,Principal Arterial - Other Freeways and Expressways,1,State Highway Agency,1,This section IS ON the NHS,0,No Special Jurisdiction,99998,Not Reported,40.82371111,40.82371111,-72.78968611,-72.78968611,42,Tree (Standing Only),0,The First Harmful Event was Not a Collision with a Motor Vehicle in Transport,0,No,1,Non-Junction,1,Not an Intersection,4,On Roadside,0,None,2,Dark - Not Lighted,1,Clear,0,No,0000000,Not Applicable,5,5:00am-5:59am,29,29,5,5:00am-5:59am,35,35,99,Unknown,99,Unknown EMS Hospital Arrival Time,1
36,New York,360214,1,1,1,1,0,1,1,29,ERIE (29),750,BUFFALO,3,March,30,30,4,Wednesday,2022,0,0:00am-0:59am,16,16,SR-384 DELAWARE AVE,STRATFORD RD,3,State Highway,2,Urban,3,Principal Arterial - Other,1,State Highway Agency,1,This section IS ON the NHS,0,No Special Jurisdiction,99998,Not Reported,42.95239167,42.95239167,-78.86906111,-78.86906111,8,Pedestrian,0,The First Harmful Event was Not a Collision with a Motor Vehicle in Transport,0,No,3,Intersection-Related,3,T-Intersection,1,On Roadway,0,None,3,Dark - Lighted,1,Clear,0,No,0000000,Not Applicable,0,0:00am-0:59am,18,18,0,0:00am-0:59am,20,20,99,Unknown,99,Unknown EMS Hospital Arrival Time,1
36,New York,360215,1,1,1,1,0,3,3,103,SUFFOLK (103),2758,HOLTSVILLE,1,January,4,4,3,Tuesday,2022,22,10:00pm-10:59pm,20,20,CR-83 N OCEAN AVE,MASONIC AVE,4,County Road,2,Urban,3,Principal Arterial - Other,2,County Highway Agency,1,This section IS ON the NHS,0,No Special Jurisdiction,99998,Not Reported,40.80178889,40.80178889,-73.01807778,-73.01807778,8,Pedestrian,0,The First Harmful Event was Not a Collision with a Motor Vehicle in Transport,0,No,3,Intersection-Related,2,Four-Way Intersection,1,On Roadway,0,None,3,Dark - Lighted,1,Clear,0,No,0000000,Not Applicable,99,Unknown,99,Unknown,99,Unknown EMS Scene Arrival Hour,99,Unknown EMS Scene Arrival Minutes,99,Unknown,99,Unknown EMS Hospital Arrival Time,1
36,New York,360216,1,1,2,2,0,3,3,103,SUFFOLK (103),705,BROOKHAVEN,1,January,6,6,5,Thursday,2022,19,7:00pm-7:59pm,35,35,SR-347 NESCONSET HWY,NA,3,State Highway,2,Urban,3,Principal Arterial - Other,1,State Highway Agency,1,This section IS ON the NHS,0,No Special Jurisdiction,99998,Not Reported,40.91694444,40.91694444,-73.05443889,-73.05443889,8,Pedestrian,0,The First Harmful Event was Not a Collision with a Motor Vehicle in Transport,0,No,1,Non-Junction,1,Not an Intersection,1,On Roadway,0,None,3,Dark - Lighted,1,Clear,0,No,0000000,Not Applicable,19,7:00pm-7:59pm,39,39,19,7:00pm-7:59pm,48,48,88,Not Applicable (Not Transported),88,Not Applicable (Not Transported),1
36,New York,360217,1,1,2,2,0,2,2,103,SUFFOLK (103),2920,ISLIP,1,January,10,10,2,Monday,2022,19,7:00pm-7:59pm,0,0,BRENTWOOD RD,NA,5,Local Street - Township,2,Urban,7,Local,3,Town or Township Highway Agency,0,This section IS NOT on the NHS,0,No Special Jurisdiction,99998,Not Reported,40.73509722,40.73509722,-73.23750556,-73.23750556,8,Pedestrian,0,The First Harmful Event was Not a Collision with a Motor Vehicle in Transport,0,No,1,Non-Junction,1,Not an Intersection,1,On Roadway,0,None,3,Dark - Lighted,1,Clear,0,No,0000000,Not Applicable,99,Unknown,99,Unknown,99,Unknown EMS Scene Arrival Hour,99,Unknown EMS Scene Arrival Minutes,99,Unknown,99,Unknown EMS Hospital Arrival Time,1
36,New York,360218,0,0,1,1,0,1,1,27,DUTCHESS (27),5030,POUGHKEEPSIE,4,April,23,23,7,Saturday,2022,14,2:00pm-2:59pm,37,37,SR-115,NA,3,State Highway,2,Urban,4,Minor Arterial,1,State Highway Agency,0,This section IS NOT on the NHS,0,No Special Jurisdiction,99998,Not Reported,41.71626944,41.71626944,-73.90086111,-73.90086111,30,Utility Pole/Light Support,0,The First Harmful Event was Not a Collision with a Motor Vehicle in Transport,0,No,1,Non-Junction,1,Not an Intersection,4,On Roadside,0,None,1,Daylight,1,Clear,0,No,0000000,Not Applicable,14,2:00pm-2:59pm,37,37,14,2:00pm-2:59pm,43,43,15,3:00pm-3:59pm,9,9,1
36,New York,360219,1,1,1,1,0,1,1,5,BRONX (5),4170,NEW YORK CITY,4,April,28,28,5,Thursday,2022,4,4:00am-4:59am,28,28,BOUCK AVE,BURKE AVE,6,Local Street - Municipality,2,Urban,7,Local,4,City or Municipal Highway Agency,0,This section IS NOT on the NHS,0,No Special Jurisdiction,0,None,40.87128056,40.87128056,-73.85001944,-73.85001944,8,Pedestrian,0,The First Harmful Event was Not a Collision with a Motor Vehicle in Transport,0,No,3,Intersection-Related,2,Four-Way Intersection,1,On Roadway,0,None,1,Daylight,1,Clear,0,No,0000000,Not Applicable,99,Unknown,99,Unknown,99,Unknown EMS Scene Arrival Hour,99,Unknown EMS Scene Arrival Minutes,99,Unknown,99,Unknown EMS Hospital Arrival Time,1
36,New York,360221,0,0,2,1,1,1,1,59,NASSAU (59),2600,HEMPSTEAD,4,April,15,15,6,Friday,2022,1,1:00am-1:59am,35,35,SR-24 HEMPSTEAD TPK,NA,3,State Highway,2,Urban,3,Principal Arterial - Other,1,State Highway Agency,1,This section IS ON the NHS,0,No Special Jurisdiction,99998,Not Reported,40.71920278,40.71920278,-73.58928056,-73.58928056,14,Parked Motor Vehicle,0,The First Harmful Event was Not a Collision with a Motor Vehicle in Transport,0,No,1,Non-Junction,1,Not an Intersection,7,In Parking Lane/Zone,0,None,3,Dark - Lighted,10,Cloudy,0,No,0000000,Not Applicable,1,1:00am-1:59am,42,42,1,1:00am-1:59am,45,45,2,2:00am-2:59am,3,3,1
36,New York,360222,0,0,2,2,0,3,3,103,SUFFOLK (103),2920,ISLIP,2,February,26,26,7,Saturday,2022,3,3:00am-3:59am,35,35,SR-111,NA,3,State Highway,2,Urban,3,Principal Arterial - Other,1,State Highway Agency,1,This section IS ON the NHS,0,No Special Jurisdiction,99998,Not Reported,40.74676111,40.74676111,-73.20805833,-73.20805833,12,Motor Vehicle In-Transport,2,Front-to-Front,0,No,1,Non-Junction,1,Not an Intersection,1,On Roadway,0,None,3,Dark - Lighted,1,Clear,0,No,0000000,Not Applicable,99,Unknown,99,Unknown,99,Unknown EMS Scene Arrival Hour,99,Unknown EMS Scene Arrival Minutes,88,Not Applicable (Not Transported),88,Not Applicable (Not Transported),2
36,New York,360223,0,0,2,2,0,2,2,103,SUFFOLK (103),2920,ISLIP,1,January,2,2,1,Sunday,2022,2,2:00am-2:59am,18,18,CR-100 W SUFFOLK AVE,NA,4,County Road,2,Urban,4,Minor Arterial,2,County Highway Agency,0,This section IS NOT on the NHS,0,No Special Jurisdiction,99998,Not Reported,40.78796111,40.78796111,-73.21513056,-73.21513056,12,Motor Vehicle In-Transport,2,Front-to-Front,0,No,1,Non-Junction,1,Not an Intersection,1,On Roadway,0,None,3,Dark - Lighted,2,Rain,0,No,0000000,Not Applicable,99,Unknown,99,Unknown,99,Unknown EMS Scene Arrival Hour,99,Unknown EMS Scene Arrival Minutes,99,Unknown,99,Unknown EMS Hospital Arrival Time,1
36,New York,360224,0,0,2,2,0,2,2,103,SUFFOLK (103),2920,ISLIP,1,January,3,3,2,Monday,2022,12,12:00pm-12:59pm,50,50,LONG ISLAND AVE,EXECUTIVE DR,5,Local Street - Township,2,Urban,4,Minor Arterial,3,Town or Township Highway Agency,0,This section IS NOT on the NHS,0,No Special Jurisdiction,99998,Not Reported,40.77195556,40.77195556,-73.29158333,-73.29158333,12,Motor Vehicle In-Transport,6,Angle,0,No,2,Intersection,2,Four-Way Intersection,1,On Roadway,0,None,1,Daylight,10,Cloudy,0,No,0000000,Not Applicable,99,Unknown,99,Unknown,99,Unknown EMS Scene Arrival Hour,99,Unknown EMS Scene Arrival Minutes,99,Unknown,99,Unknown EMS Hospital Arrival Time,1
36,New York,360225,0,0,3,3,0,4,4,103,SUFFOLK (103),705,BROOKHAVEN,2,February,9,9,4,Wednesday,2022,15,3:00pm-3:59pm,59,59,CR-21 ROCKY POINT YAPHANK RD,NA,4,County Road,2,Urban,4,Minor Arterial,2,County Highway Agency,0,This section IS NOT on the NHS,0,No Special Jurisdiction,99998,Not Reported,40.93802778,40.93802778,-72.94006667,-72.94006667,12,Motor Vehicle In-Transport,2,Front-to-Front,0,No,1,Non-Junction,1,Not an Intersection,1,On Roadway,0,None,1,Daylight,1,Clear,0,No,0000000,Not Applicable,99,Unknown,99,Unknown,99,Unknown EMS Scene Arrival Hour,99,Unknown EMS Scene Arrival Minutes,99,Unknown,99,Unknown EMS Hospital Arrival Time,1
36,New York,360226,0,0,2,2,0,2,2,103,SUFFOLK (103),360,BABYLON,2,February,25,25,6,Friday,2022,5,5:00am-5:59am,36,36,SR-27A MONTAUK HWY,NA,3,State Highway,2,Urban,4,Minor Arterial,1,State Highway Agency,0,This section IS NOT on the NHS,0,No Special Jurisdiction,99998,Not Reported,40.67881389,40.67881389,-73.36295833,-73.36295833,12,Motor Vehicle In-Transport,6,Angle,0,No,8,Driveway Access Related,1,Not an Intersection,1,On Roadway,0,None,3,Dark - Lighted,2,Rain,0,No,0000000,Not Applicable,5,5:00am-5:59am,36,36,5,5:00am-5:59am,40,40,6,6:00am-6:59am,27,27,1
36,New York,360227,1,1,1,1,0,2,2,1,ALBANY (1),1290,COLONIE,3,March,20,20,1,Sunday,2022,19,7:00pm-7:59pm,44,44,SR-2 TROY SCHENECTADY RD,NA,3,State Highway,2,Urban,3,Principal Arterial - Other,1,State Highway Agency,1,This section IS ON the NHS,0,No Special Jurisdiction,99998,Not Reported,42.74017222,42.74017222,-73.73667222,-73.73667222,8,Pedestrian,0,The First Harmful Event was Not a Collision with a Motor Vehicle in Transport,0,No,1,Non-Junction,1,Not an Intersection,1,On Roadway,0,None,2,Dark - Not Lighted,2,Rain,0,No,0000000,Not Applicable,19,7:00pm-7:59pm,44,44,19,7:00pm-7:59pm,44,44,88,Not Applicable (Not Transported),88,Not Applicable (Not Transported),1
36,New York,360228,0,0,1,1,0,7,7,1,ALBANY (1),50,ALBANY,4,April,4,4,2,Monday,2022,18,6:00pm-6:59pm,45,45,BROADWAY,NA,6,Local Street - Municipality,2,Urban,4,Minor Arterial,4,City or Municipal Highway Agency,0,This section IS NOT on the NHS,0,No Special Jurisdiction,99998,Not Reported,42.67488889,42.67488889,-73.736575,-73.736575,19,Building,0,The First Harmful Event was Not a Collision with a Motor Vehicle in Transport,0,No,1,Non-Junction,1,Not an Intersection,5,Outside Trafficway,0,None,3,Dark - Lighted,1,Clear,0,No,0000000,Not Applicable,18,6:00pm-6:59pm,47,47,18,6:00pm-6:59pm,52,52,18,6:00pm-6:59pm,58,58,1