STATE,STATENAME,ST_CASE,PEDS,PERNOTMVIT,VE_TOTAL,VE_FORMS,PVH_INVL,PERSONS,PERMVIT,COUNTY,COUNTYNAME,CITY,CITYNAME,MONTH,MONTHNAME,DAY,DAYNAME,DAY_WEEK,DAY_WEEKNAME,YEAR,HOUR,HOURNAME,MINUTE,MINUTENAME,TWAY_ID,TWAY_ID2,ROUTE,ROUTENAME,RUR_URB,RUR_URBNAME,FUNC_SYS,FUNC_SYSNAME,RD_OWNER,RD_OWNERNAME,NHS,NHSNAME,SP_JUR,SP_JURNAME,MILEPT,MILEPTNAME,LATITUDE,LATITUDENAME,LONGITUD,LONGITUDNAME,HARM_EV,HARM_EVNAME,MAN_COLL,MAN_COLLNAME,RELJCT1,RELJCT1NAME,RELJCT2,RELJCT2NAME,TYP_INT,TYP_INTNAME,REL_ROAD,REL_ROADNAME,WRK_ZONE,WRK_ZONENAME,LGT_COND,LGT_CONDNAME,WEATHER,WEATHERNAME,SCH_BUS,SCH_BUSNAME,RAIL,RAILNAME,NOT_HOUR,NOT_HOURNAME,NOT_MIN,NOT_MINNAME,ARR_HOUR,ARR_HOURNAME,ARR_MIN,ARR_MINNAME,HOSP_HR,HOSP_HRNAME,HOSP_MN,HOSP_MNNAME,FATALS
36,New York,360229,1,1,1,1,0,3,3,55,MONROE (55),5230,ROCHESTER,4,April,24,24,1,Sunday,2022,17,5:00pm-5:59pm,8,8,COLUMBIA AVE,NA,6,Local Street - Municipality,2,Urban,5,Major Collector,4,City or Municipal Highway Agency,0,This section IS NOT on the NHS,0,No Special Jurisdiction,99998,Not Reported,43.14166667,43.14166667,-77.63136944,-77.63136944,8,Pedestrian,0,The First Harmful Event was Not a Collision with a Motor Vehicle in Transport,0,No,1,Non-Junction,1,Not an Intersection,1,On Roadway,0,None,1,Daylight,1,Clear,0,No,0000000,Not Applicable,17,5:00pm-5:59pm,8,8,17,5:00pm-5:59pm,11,11,17,5:00pm-5:59pm,21,21,1
36,New York,360230,1,1,1,1,0,1,1,115,WASHINGTON (115),250,ARGYLE,4,April,25,25,2,Monday,2022,17,5:00pm-5:59pm,43,43,BRENNAN RD,NA,5,Local Street - Township,1,Rural,7,Local,3,Town or Township Highway Agency,0,This section IS NOT on the NHS,0,No Special Jurisdiction,99998,Not Reported,43.22565278,43.22565278,-73.482525,-73.482525,8,Pedestrian,0,The First Harmful Event was Not a Collision with a Motor Vehicle in Transport,0,No,1,Non-Junction,1,Not an Intersection,1,On Roadway,0,None,1,Daylight,1,Clear,0,No,0000000,Not Applicable,17,5:00pm-5:59pm,43,43,17,5:00pm-5:59pm,56,56,88,Not Applicable (Not Transported),88,Not Applicable (Not Transported),1
36,New York,360231,0,0,1,1,0,1,1,71,ORANGE (71),814,CAMPBELL HALL,3,March,14,14,2,Monday,2022,20,8:00pm-8:59pm,14,14,CR-8 SARAH WELLS TRAIL,NA,4,County Road,2,Urban,5,Major Collector,2,County Highway Agency,0,This section IS NOT on the NHS,0,No Special Jurisdiction,99998,Not Reported,41.44106111,41.44106111,-74.23761111,-74.23761111,34,Ditch,0,The First Harmful Event was Not a Collision with a Motor Vehicle in Transport,0,No,1,Non-Junction,1,Not an Intersection,4,On Roadside,0,None,2,Dark - Not Lighted,1,Clear,0,No,0000000,Not Applicable,20,8:00pm-8:59pm,14,14,20,8:00pm-8:59pm,21,21,21,9:00pm-9:59pm,0,0,1
36,New York,360233,0,0,1,1,0,2,2,75,OSWEGO (75),1312,CONSTANTIA,4,April,22,22,6,Friday,2022,16,4:00pm-4:59pm,22,22,SR-49,NA,3,State Highway,1,Rural,4,Minor Arterial,1,State Highway Agency,0,This section IS NOT on the NHS,0,No Special Jurisdiction,99998,Not Reported,43.27421111,43.27421111,-76.03947778,-76.03947778,35,Embankment,0,The First Harmful Event was Not a Collision with a Motor Vehicle in Transport,0,No,1,Non-Junction,1,Not an Intersection,4,On Roadside,0,None,1,Daylight,10,Cloudy,0,No,0000000,Not Applicable,16,4:00pm-4:59pm,25,25,16,4:00pm-4:59pm,25,25,17,5:00pm-5:59pm,0,0,1
36,New York,360234,1,1,1,1,0,1,1,81,QUEENS (81),4170,MIDDLE VILLAGE,4,April,23,23,7,Saturday,2022,14,2:00pm-2:59pm,38,38,48TH ST,NONE,6,Local Street - Municipality,2,Urban,4,Minor Arterial,4,City or Municipal Highway Agency,0,This section IS NOT on the NHS,0,No Special Jurisdiction,99998,Not Reported,40.75282222,40.75282222,-73.91483056,-73.91483056,8,Pedestrian,0,The First Harmful Event was Not a Collision with a Motor Vehicle in Transport,0,No,3,Intersection-Related,3,T-Intersection,1,On Roadway,0,None,1,Daylight,1,Clear,0,No,0000000,Not Applicable,99,Unknown,99,Unknown,99,Unknown EMS Scene Arrival Hour,99,Unknown EMS Scene Arrival Minutes,99,Unknown,99,Unknown EMS Hospital Arrival Time,1
36,New York,360235,0,0,2,2,0,2,2,83,RENSSELAER (83),4894,POESTENKILL,4,April,21,21,5,Thursday,2022,22,10:00pm-10:59pm,39,39,SR-355 MAIN ST,NA,3,State Highway,2,Urban,5,Major Collector,1,State Highway Agency,0,This section IS NOT on the NHS,0,No Special Jurisdiction,99998,Not Reported,42.69579167,42.69579167,-73.57836944,-73.57836944,12,Motor Vehicle In-Transport,2,Front-to-Front,0,No,1,Non-Junction,1,Not an Intersection,1,On Roadway,0,None,3,Dark - Lighted,10,Cloudy,0,No,0000000,Not Applicable,22,10:00pm-10:59pm,39,39,22,10:00pm-10:59pm,52,52,23,11:00pm-11:59pm,31,31,1
36,New York,360236,0,0,1,1,0,1,1,91,SARATOGA (91),2469,HADLEY,4,April,24,24,1,Sunday,2022,19,7:00pm-7:59pm,47,47,OLD CORINTH RD,NA,5,Local Street - Township,1,Rural,6,Minor Collector,3,Town or Township Highway Agency,0,This section IS NOT on the NHS,0,No Special Jurisdiction,99998,Not Reported,43.31431389,43.31431389,-73.8449,-73.8449,35,Embankment,0,The First Harmful Event was Not a Collision with a Motor Vehicle in Transport,0,No,1,Non-Junction,1,Not an Intersection,4,On Roadside,0,None,1,Daylight,1,Clear,0,No,0000000,Not Applicable,19,7:00pm-7:59pm,49,49,19,7:00pm-7:59pm,52,52,22,10:00pm-10:59pm,22,22,1
36,New York,360238,1,1,2,2,0,4,4,61,NEW YORK (61),4170,NEW YORK,5,May,2,2,2,Monday,2022,2,2:00am-2:59am,47,47,E HOUSTON ST,1ST AVE,6,Local Street - Municipality,2,Urban,3,Principal Arterial - Other,4,City or Municipal Highway Agency,1,This section IS ON the NHS,0,No Special Jurisdiction,0,None,40.72299722,40.72299722,-73.98857222,-73.98857222,8,Pedestrian,0,The First Harmful Event was Not a Collision with a Motor Vehicle in Transport,0,No,3,Intersection-Related,2,Four-Way Intersection,1,On Roadway,0,None,3,Dark - Lighted,10,Cloudy,0,No,0000000,Not Applicable,99,Unknown,99,Unknown,99,Unknown EMS Scene Arrival Hour,99,Unknown EMS Scene Arrival Minutes,99,Unknown,99,Unknown EMS Hospital Arrival Time,1
36,New York,360239,0,0,1,1,0,1,1,63,NIAGARA (63),5323,ROYALTON,4,April,27,27,4,Wednesday,2022,1,1:00am-1:59am,6,6,CR-118 ORANGEPORT RD,NA,4,County Road,1,Rural,7,Local,2,County Highway Agency,0,This section IS NOT on the NHS,0,No Special Jurisdiction,99998,Not Reported,43.20014722,43.20014722,-78.59595833,-78.59595833,31,"Post, Pole or Other Supports",0,The First Harmful Event was Not a Collision with a Motor Vehicle in Transport,0,No,1,Non-Junction,1,Not an Intersection,4,On Roadside,0,None,2,Dark - Not Lighted,2,Rain,0,No,0000000,Not Applicable,1,1:00am-1:59am,19,19,1,1:00am-1:59am,26,26,88,Not Applicable (Not Transported),88,Not Applicable (Not Transported),1
36,New York,360241,1,1,1,1,0,1,1,61,NEW YORK (61),4170,NEW YORK,4,April,29,29,6,Friday,2022,11,11:00am-11:59am,40,40,2ND AVE,E 37TH ST,6,Local Street - Municipality,2,Urban,3,Principal Arterial - Other,4,City or Municipal Highway Agency,1,This section IS ON the NHS,0,No Special Jurisdiction,99998,Not Reported,40.74663611,40.74663611,-73.97457222,-73.97457222,8,Pedestrian,0,The First Harmful Event was Not a Collision with a Motor Vehicle in Transport,0,No,3,Intersection-Related,2,Four-Way Intersection,1,On Roadway,0,None,1,Daylight,1,Clear,1,Yes,0000000,Not Applicable,99,Unknown,99,Unknown,99,Unknown EMS Scene Arrival Hour,99,Unknown EMS Scene Arrival Minutes,99,Unknown,99,Unknown EMS Hospital Arrival Time,1
36,New York,360242,1,1,5,1,4,1,1,47,KINGS (47),4170,NEW YORK CITY,4,April,30,30,7,Saturday,2022,9,9:00am-9:59am,35,35,E 89 ST,NA,6,Local Street - Municipality,2,Urban,7,Local,4,City or Municipal Highway Agency,0,This section IS NOT on the NHS,0,No Special Jurisdiction,99998,Not Reported,40.63428333,40.63428333,-73.90059167,-73.90059167,14,Parked Motor Vehicle,0,The First Harmful Event was Not a Collision with a Motor Vehicle in Transport,0,No,1,Non-Junction,1,Not an Intersection,7,In Parking Lane/Zone,0,None,1,Daylight,1,Clear,0,No,0000000,Not Applicable,99,Unknown,99,Unknown,99,Unknown EMS Scene Arrival Hour,99,Unknown EMS Scene Arrival Minutes,99,Unknown,99,Unknown EMS Hospital Arrival Time,1
36,New York,360243,0,0,1,1,0,1,1,3,ALLEGANY (3),861,CANEADEA,4,April,21,21,5,Thursday,2022,14,2:00pm-2:59pm,6,6,E RIVER RD,NA,5,Local Street - Township,1,Rural,7,Local,3,Town or Township Highway Agency,0,This section IS NOT on the NHS,0,No Special Jurisdiction,99998,Not Reported,42.37139722,42.37139722,-78.13047778,-78.13047778,1,Rollover/Overturn,0,The First Harmful Event was Not a Collision with a Motor Vehicle in Transport,0,No,1,Non-Junction,1,Not an Intersection,1,On Roadway,0,None,1,Daylight,10,Cloudy,0,No,0000000,Not Applicable,99,Unknown,99,Unknown,99,Unknown EMS Scene Arrival Hour,99,Unknown EMS Scene Arrival Minutes,88,Not Applicable (Not Transported),88,Not Applicable (Not Transported),1
36,New York,360244,0,0,1,1,0,1,1,63,NIAGARA (63),3340,LOCKPORT,4,April,29,29,6,Friday,2022,22,10:00pm-10:59pm,37,37,SR-77 CHESTNUT RIDGE RD,KECK RD,3,State Highway,2,Urban,5,Major Collector,1,State Highway Agency,0,This section IS NOT on the NHS,0,No Special Jurisdiction,99998,Not Reported,43.17749722,43.17749722,-78.62413333,-78.62413333,42,Tree (Standing Only),0,The First Harmful Event was Not a Collision with a Motor Vehicle in Transport,0,No,3,Intersection-Related,3,T-Intersection,4,On Roadside,0,None,2,Dark - Not Lighted,1,Clear,0,No,0000000,Not Applicable,0,0:00am-0:59am,8,8,0,0:00am-0:59am,22,22,88,Not Applicable (Not Transported),88,Not Applicable (Not Transported),1
36,New York,360245,0,0,1,1,0,1,1,55,MONROE (55),5230,ROCHESTER,5,May,3,3,3,Tuesday,2022,5,5:00am-5:59am,7,7,STATE ST,LYELL AVE,6,Local Street - Municipality,2,Urban,3,Principal Arterial - Other,4,City or Municipal Highway Agency,0,This section IS NOT on the NHS,0,No Special Jurisdiction,99998,Not Reported,43.16457778,43.16457778,-77.62341111,-77.62341111,33,Curb,0,The First Harmful Event was Not a Collision with a Motor Vehicle in Transport,0,No,3,Intersection-Related,7,"Five Point, or More",4,On Roadside,0,None,3,Dark - Lighted,1,Clear,0,No,0000000,Not Applicable,5,5:00am-5:59am,8,8,5,5:00am-5:59am,8,8,5,5:00am-5:59am,26,26,1
36,New York,360246,0,0,2,2,0,2,2,7,BROOME (7),4935,PORT CRANE,5,May,1,1,1,Sunday,2022,15,3:00pm-3:59pm,46,46,I-88,NA,1,Interstate,2,Urban,1,Interstate,1,State Highway Agency,1,This section IS ON the NHS,0,No Special Jurisdiction,99998,Not Reported,42.16686389,42.16686389,-75.83541667,-75.83541667,24,Guardrail Face,0,The First Harmful Event was Not a Collision with a Motor Vehicle in Transport,0,No,1,Non-Junction,1,Not an Intersection,3,On Median,0,None,1,Daylight,1,Clear,0,No,0000000,Not Applicable,99,Unknown,99,Unknown,99,Unknown EMS Scene Arrival Hour,99,Unknown EMS Scene Arrival Minutes,99,Unknown,99,Unknown EMS Hospital Arrival Time,1
36,New York,360247,1,1,1,1,0,1,1,65,ONEIDA (65),2713,HINCKLEY,4,April,24,24,1,Sunday,2022,0,0:00am-0:59am,17,17,SR-365,NA,3,State Highway,1,Rural,5,Major Collector,1,State Highway Agency,0,This section IS NOT on the NHS,0,No Special Jurisdiction,99998,Not Reported,43.31168333,43.31168333,-75.11966667,-75.11966667,8,Pedestrian,0,The First Harmful Event was Not a Collision with a Motor Vehicle in Transport,0,No,1,Non-Junction,1,Not an Intersection,1,On Roadway,0,None,2,Dark - Not Lighted,10,Cloudy,0,No,0000000,Not Applicable,0,0:00am-0:59am,20,20,0,0:00am-0:59am,33,33,88,Not Applicable (Not Transported),88,Not Applicable (Not Transported),1
36,New York,360248,0,0,2,2,0,2,2,59,NASSAU (59),2600,HEMPSTEAD,5,May,3,3,3,Tuesday,2022,5,5:00am-5:59am,15,15,CR-55 GRAND AVE,E CARL AVE,4,County Road,2,Urban,4,Minor Arterial,2,County Highway Agency,0,This section IS NOT on the NHS,0,No Special Jurisdiction,99998,Not Reported,40.67415278,40.67415278,-73.61179722,-73.61179722,12,Motor Vehicle In-Transport,6,Angle,0,No,2,Intersection,2,Four-Way Intersection,1,On Roadway,0,None,4,Dawn,1,Clear,0,No,0000000,Not Applicable,5,5:00am-5:59am,15,15,5,5:00am-5:59am,20,20,99,Unknown,99,Unknown EMS Hospital Arrival Time,1
36,New York,360252,1,1,1,1,0,1,1,5,BRONX (5),4170,NEW YORK CITY,5,May,4,4,4,Wednesday,2022,8,8:00am-8:59am,22,22,NEILL AVE,PAULDING AVE,6,Local Street - Municipality,2,Urban,5,Major Collector,4,City or Municipal Highway Agency,0,This section IS NOT on the NHS,0,No Special Jurisdiction,99998,Not Reported,40.852375,40.852375,-73.85841111,-73.85841111,8,Pedestrian,0,The First Harmful Event was Not a Collision with a Motor Vehicle in Transport,0,No,3,Intersection-Related,2,Four-Way Intersection,1,On Roadway,0,None,1,Daylight,2,Rain,0,No,0000000,Not Applicable,8,8:00am-8:59am,22,22,8,8:00am-8:59am,27,27,8,8:00am-8:59am,45,45,1
36,New York,360253,1,1,1,1,0,1,1,47,KINGS (47),4170,NEW YORK CITY,5,May,5,5,5,Thursday,2022,8,8:00am-8:59am,23,23,9TH AVE,NA,6,Local Street - Municipality,2,Urban,7,Local,4,City or Municipal Highway Agency,0,This section IS NOT on the NHS,0,No Special Jurisdiction,99998,Not Reported,40.64680833,40.64680833,-73.99424167,-73.99424167,9,Pedalcyclist,0,The First Harmful Event was Not a Collision with a Motor Vehicle in Transport,0,No,1,Non-Junction,1,Not an Intersection,1,On Roadway,0,None,1,Daylight,1,Clear,0,No,0000000,Not Applicable,8,8:00am-8:59am,23,23,99,Unknown EMS Scene Arrival Hour,99,Unknown EMS Scene Arrival Minutes,99,Unknown,99,Unknown EMS Hospital Arrival Time,1
36,New York,360254,0,0,3,3,0,4,4,19,CLINTON (19),475,BEEKMANTOWN,2,February,11,11,6,Friday,2022,18,6:00pm-6:59pm,45,45,SR-190 MILITARY TPK,NA,3,State Highway,2,Urban,3,Principal Arterial - Other,1,State Highway Agency,1,This section IS ON the NHS,0,No Special Jurisdiction,99998,Not Reported,44.75909444,44.75909444,-73.55340556,-73.55340556,12,Motor Vehicle In-Transport,2,Front-to-Front,0,No,1,Non-Junction,1,Not an Intersection,1,On Roadway,0,None,2,Dark - Not Lighted,1,Clear,0,No,0000000,Not Applicable,18,6:00pm-6:59pm,45,45,18,6:00pm-6:59pm,52,52,19,7:00pm-7:59pm,22,22,2
36,New York,360255,0,0,1,1,0,1,1,61,NEW YORK (61),4170,NEW YORK,5,May,10,10,3,Tuesday,2022,7,7:00am-7:59am,10,10,SR-907L FDR DR,NA,3,State Highway,2,Urban,2,Principal Arterial - Other Freeways and Expressways,1,State Highway Agency,1,This section IS ON the NHS,0,No Special Jurisdiction,99998,Not Reported,40.71188333,40.71188333,-73.97817778,-73.97817778,25,Concrete Traffic Barrier,0,The First Harmful Event was Not a Collision with a Motor Vehicle in Transport,0,No,1,Non-Junction,1,Not an Intersection,3,On Median,0,None,1,Daylight,1,Clear,0,No,0000000,Not Applicable,7,7:00am-7:59am,10,10,99,Unknown EMS Scene Arrival Hour,99,Unknown EMS Scene Arrival Minutes,99,Unknown,99,Unknown EMS Hospital Arrival Time,1
36,New York,360256,1,1,1,1,0,1,1,81,QUEENS (81),4170,MIDDLE VILLAGE,5,May,6,6,6,Friday,2022,22,10:00pm-10:59pm,12,12,21ST ST,ASTORIA PARK SOUTH,6,Local Street - Municipality,2,Urban,3,Principal Arterial - Other,4,City or Municipal Highway Agency,1,This section IS ON the NHS,0,No Special Jurisdiction,99998,Not Reported,40.77471944,40.77471944,-73.92375833,-73.92375833,8,Pedestrian,0,The First Harmful Event was Not a Collision with a Motor Vehicle in Transport,0,No,3,Intersection-Related,2,Four-Way Intersection,1,On Roadway,0,None,3,Dark - Lighted,2,Rain,0,No,0000000,Not Applicable,22,10:00pm-10:59pm,12,12,99,Unknown EMS Scene Arrival Hour,99,Unknown EMS Scene Arrival Minutes,99,Unknown,99,Unknown EMS Hospital Arrival Time,1
36,New York,360257,1,1,1,1,0,1,1,47,KINGS (47),4170,NEW YORK CITY,5,May,6,6,6,Friday,2022,13,1:00pm-1:59pm,14,14,4TH AVE,21ST ST,6,Local Street - Municipality,2,Urban,3,Principal Arterial - Other,4,City or Municipal Highway Agency,1,This section IS ON the NHS,0,No Special Jurisdiction,0,None,40.66263056,40.66263056,-73.99558333,-73.99558333,9,Pedalcyclist,0,The First Harmful Event was Not a Collision with a Motor Vehicle in Transport,0,No,3,Intersection-Related,2,Four-Way Intersection,1,On Roadway,0,None,1,Daylight,2,Rain,0,No,0000000,Not Applicable,13,1:00pm-1:59pm,14,14,99,Unknown EMS Scene Arrival Hour,99,Unknown EMS Scene Arrival Minutes,99,Unknown,99,Unknown EMS Hospital Arrival Time,1
36,New York,360258,0,0,1,1,0,1,1,103,SUFFOLK (103),705,BROOKHAVEN,3,March,12,12,7,Saturday,2022,14,2:00pm-2:59pm,50,50,SR-906B EXPRESS DR N,NA,3,State Highway,2,Urban,3,Principal Arterial - Other,1,State Highway Agency,1,This section IS ON the NHS,0,No Special Jurisdiction,99998,Not Reported,40.81508611,40.81508611,-73.096325,-73.096325,42,Tree (Standing Only),0,The First Harmful Event was Not a Collision with a Motor Vehicle in Transport,0,No,1,Non-Junction,1,Not an Intersection,4,On Roadside,0,None,1,Daylight,2,Rain,0,No,0000000,Not Applicable,99,Unknown,99,Unknown,99,Unknown EMS Scene Arrival Hour,99,Unknown EMS Scene Arrival Minutes,99,Unknown,99,Unknown EMS Hospital Arrival Time,1
36,New York,360259,0,0,2,2,0,3,3,49,LEWIS (49),1330,COPENHAGEN,4,April,1,1,6,Friday,2022,18,6:00pm-6:59pm,48,48,SR-177,NA,3,State Highway,1,Rural,5,Major Collector,1,State Highway Agency,0,This section IS NOT on the NHS,0,No Special Jurisdiction,99998,Not Reported,43.799925,43.799925,-75.73119444,-75.73119444,12,Motor Vehicle In-Transport,6,Angle,0,No,1,Non-Junction,1,Not an Intersection,1,On Roadway,0,None,1,Daylight,4,Snow,0,No,0000000,Not Applicable,18,6:00pm-6:59pm,48,48,19,7:00pm-7:59pm,9,9,19,7:00pm-7:59pm,49,49,1
36,New York,360261,1,1,1,1,0,3,3,5,BRONX (5),4170,NEW YORK CITY,5,May,7,7,7,Saturday,2022,20,8:00pm-8:59pm,14,14,E TREMONT AVE,ROOSEVELT AVE,6,Local Street - Municipality,2,Urban,7,Local,4,City or Municipal Highway Agency,0,This section IS NOT on the NHS,0,No Special Jurisdiction,0,None,40.82561111,40.82561111,-73.82091389,-73.82091389,8,Pedestrian,0,The First Harmful Event was Not a Collision with a Motor Vehicle in Transport,0,No,3,Intersection-Related,3,T-Intersection,1,On Roadway,0,None,3,Dark - Lighted,10,Cloudy,0,No,0000000,Not Applicable,20,8:00pm-8:59pm,14,14,99,Unknown EMS Scene Arrival Hour,99,Unknown EMS Scene Arrival Minutes,99,Unknown,99,Unknown EMS Hospital Arrival Time,1
36,New York,360262,0,0,2,2,0,2,2,19,CLINTON (19),4880,PLATTSBURGH,4,April,10,10,1,Sunday,2022,5,5:00am-5:59am,59,59,SR-374,NA,3,State Highway,2,Urban,5,Major Collector,1,State Highway Agency,0,This section IS NOT on the NHS,0,No Special Jurisdiction,99998,Not Reported,44.72335833,44.72335833,-73.70796111,-73.70796111,12,Motor Vehicle In-Transport,2,Front-to-Front,0,No,1,Non-Junction,1,Not an Intersection,1,On Roadway,0,None,4,Dawn,10,Cloudy,0,No,0000000,Not Applicable,5,5:00am-5:59am,59,59,6,6:00am-6:59am,7,7,8,8:00am-8:59am,5,5,1
36,New York,360263,0,0,2,2,0,2,2,65,ONEIDA (65),5120,REMSEN,5,May,7,7,7,Saturday,2022,11,11:00am-11:59am,2,2,SR-365,FAIRCHILD RD,3,State Highway,1,Rural,5,Major Collector,1,State Highway Agency,0,This section IS NOT on the NHS,0,No Special Jurisdiction,99998,Not Reported,43.34251667,43.34251667,-75.09540833,-75.09540833,12,Motor Vehicle In-Transport,6,Angle,0,No,2,Intersection,2,Four-Way Intersection,1,On Roadway,0,None,1,Daylight,10,Cloudy,0,No,0000000,Not Applicable,11,11:00am-11:59am,2,2,11,11:00am-11:59am,16,16,88,Not Applicable (Not Transported),88,Not Applicable (Not Transported),1
36,New York,360264,0,0,2,2,0,2,2,101,STEUBEN (101),870,CANISTEO,4,April,28,28,5,Thursday,2022,12,12:00pm-12:59pm,34,34,SR-36,NA,3,State Highway,1,Rural,4,Minor Arterial,1,State Highway Agency,0,This section IS NOT on the NHS,0,No Special Jurisdiction,99998,Not Reported,42.25063889,42.25063889,-77.5822,-77.5822,12,Motor Vehicle In-Transport,2,Front-to-Front,0,No,1,Non-Junction,1,Not an Intersection,1,On Roadway,0,None,1,Daylight,1,Clear,0,No,0000000,Not Applicable,12,12:00pm-12:59pm,34,34,12,12:00pm-12:59pm,38,38,88,Not Applicable (Not Transported),88,Not Applicable (Not Transported),1
36,New York,360265,0,0,3,3,0,4,4,5,BRONX (5),4170,NEW YORK CITY,5,May,6,6,6,Friday,2022,4,4:00am-4:59am,6,6,I-95,NA,1,Interstate,2,Urban,1,Interstate,1,State Highway Agency,1,This section IS ON the NHS,0,No Special Jurisdiction,99998,Not Reported,99.9999,99.9999,999.9999,999.9999,26,Other Traffic Barrier,0,The First Harmful Event was Not a Collision with a Motor Vehicle in Transport,1,Yes,19,Other location within Interchange Area,1,Not an Intersection,3,On Median,0,None,3,Dark - Lighted,10,Cloudy,0,No,0000000,Not Applicable,4,4:00am-4:59am,6,6,99,Unknown EMS Scene Arrival Hour,99,Unknown EMS Scene Arrival Minutes,99,Unknown,99,Unknown EMS Hospital Arrival Time,1
36,New York,360266,0,0,2,2,0,5,5,47,KINGS (47),4170,NEW YORK CITY,5,May,9,9,2,Monday,2022,0,0:00am-0:59am,30,30,SR-907C BELT PKWY,NA,3,State Highway,2,Urban,2,Principal Arterial - Other Freeways and Expressways,1,State Highway Agency,1,This section IS ON the NHS,0,No Special Jurisdiction,99998,Not Reported,40.62956944,40.62956944,-73.88763056,-73.88763056,12,Motor Vehicle In-Transport,1,Front-to-Rear,0,No,1,Non-Junction,1,Not an Intersection,1,On Roadway,0,None,3,Dark - Lighted,1,Clear,0,No,0000000,Not Applicable,0,0:00am-0:59am,30,30,99,Unknown EMS Scene Arrival Hour,99,Unknown EMS Scene Arrival Minutes,99,Unknown,99,Unknown EMS Hospital Arrival Time,1
36,New York,360267,0,0,1,1,0,1,1,79,PUTNAM (79),630,BREWSTER,5,May,9,9,2,Monday,2022,2,2:00am-2:59am,20,20,CR-50 SODOM LN N,NA,4,County Road,2,Urban,7,Local,2,County Highway Agency,0,This section IS NOT on the NHS,0,No Special Jurisdiction,99998,Not Reported,41.40020556,41.40020556,-73.59171667,-73.59171667,26,Other Traffic Barrier,0,The First Harmful Event was Not a Collision with a Motor Vehicle in Transport,0,No,1,Non-Junction,1,Not an Intersection,4,On Roadside,0,None,2,Dark - Not Lighted,1,Clear,0,No,0000000,Not Applicable,2,2:00am-2:59am,22,22,2,2:00am-2:59am,22,22,88,Not Applicable (Not Transported),88,Not Applicable (Not Transported),1
36,New York,360268,1,1,1,1,0,2,2,65,ONEIDA (65),6626,WESTMORELAND,3,March,31,31,5,Thursday,2022,21,9:00pm-9:59pm,7,7,SR-233,NA,3,State Highway,2,Urban,4,Minor Arterial,1,State Highway Agency,0,This section IS NOT on the NHS,0,No Special Jurisdiction,99998,Not Reported,43.117875,43.117875,-75.40443333,-75.40443333,8,Pedestrian,0,The First Harmful Event was Not a Collision with a Motor Vehicle in Transport,0,No,1,Non-Junction,1,Not an Intersection,1,On Roadway,0,None,3,Dark - Lighted,2,Rain,0,No,0000000,Not Applicable,21,9:00pm-9:59pm,8,8,21,9:00pm-9:59pm,10,10,88,Not Applicable (Not Transported),88,Not Applicable (Not Transported),1
36,New York,360269,0,0,1,1,0,2,2,19,CLINTON (19),475,BEEKMANTOWN,4,April,2,2,7,Saturday,2022,16,4:00pm-4:59pm,53,53,SR-22,NA,3,State Highway,1,Rural,5,Major Collector,1,State Highway Agency,0,This section IS NOT on the NHS,0,No Special Jurisdiction,99998,Not Reported,44.75147778,44.75147778,-73.47028056,-73.47028056,24,Guardrail Face,0,The First Harmful Event was Not a Collision with a Motor Vehicle in Transport,0,No,1,Non-Junction,1,Not an Intersection,4,On Roadside,0,None,1,Daylight,1,Clear,0,No,0000000,Not Applicable,16,4:00pm-4:59pm,53,53,16,4:00pm-4:59pm,57,57,18,6:00pm-6:59pm,19,19,1
36,New York,360270,0,0,2,2,0,2,2,55,MONROE (55),2606,HENRIETTA,4,April,10,10,1,Sunday,2022,18,6:00pm-6:59pm,56,56,SR-252 JEFFERSON RD,NA,3,State Highway,2,Urban,3,Principal Arterial - Other,1,State Highway Agency,1,This section IS ON the NHS,0,No Special Jurisdiction,99998,Not Reported,43.08708333,43.08708333,-77.59995556,-77.59995556,12,Motor Vehicle In-Transport,6,Angle,0,No,8,Driveway Access Related,1,Not an Intersection,1,On Roadway,0,None,1,Daylight,10,Cloudy,0,No,0000000,Not Applicable,18,6:00pm-6:59pm,10,10,18,6:00pm-6:59pm,12,12,18,6:00pm-6:59pm,39,39,1