STATE,STATENAME,ST_CASE,PEDS,PERNOTMVIT,VE_TOTAL,VE_FORMS,PVH_INVL,PERSONS,PERMVIT,COUNTY,COUNTYNAME,CITY,CITYNAME,MONTH,MONTHNAME,DAY,DAYNAME,DAY_WEEK,DAY_WEEKNAME,YEAR,HOUR,HOURNAME,MINUTE,MINUTENAME,TWAY_ID,TWAY_ID2,ROUTE,ROUTENAME,RUR_URB,RUR_URBNAME,FUNC_SYS,FUNC_SYSNAME,RD_OWNER,RD_OWNERNAME,NHS,NHSNAME,SP_JUR,SP_JURNAME,MILEPT,MILEPTNAME,LATITUDE,LATITUDENAME,LONGITUD,LONGITUDNAME,HARM_EV,HARM_EVNAME,MAN_COLL,MAN_COLLNAME,RELJCT1,RELJCT1NAME,RELJCT2,RELJCT2NAME,TYP_INT,TYP_INTNAME,REL_ROAD,REL_ROADNAME,WRK_ZONE,WRK_ZONENAME,LGT_COND,LGT_CONDNAME,WEATHER,WEATHERNAME,SCH_BUS,SCH_BUSNAME,RAIL,RAILNAME,NOT_HOUR,NOT_HOURNAME,NOT_MIN,NOT_MINNAME,ARR_HOUR,ARR_HOURNAME,ARR_MIN,ARR_MINNAME,HOSP_HR,HOSP_HRNAME,HOSP_MN,HOSP_MNNAME,FATALS
36,New York,360348,0,0,2,2,0,3,3,55,MONROE (55),2606,HENRIETTA,5,May,14,14,7,Saturday,2022,15,3:00pm-3:59pm,13,13,SR-252 W JEFFERSON RD,CR-102 EDGEWOOD AVE,3,State Highway,2,Urban,4,Minor Arterial,1,State Highway Agency,0,This section IS NOT on the NHS,0,No Special Jurisdiction,99998,Not Reported,43.08731389,43.08731389,-77.57338889,-77.57338889,12,Motor Vehicle In-Transport,2,Front-to-Front,0,No,2,Intersection,3,T-Intersection,1,On Roadway,0,None,1,Daylight,1,Clear,0,No,0000000,Not Applicable,15,3:00pm-3:59pm,13,13,15,3:00pm-3:59pm,21,21,16,4:00pm-4:59pm,0,0,1
36,New York,360349,1,1,1,1,0,2,2,29,ERIE (29),750,BUFFALO,5,May,16,16,2,Monday,2022,1,1:00am-1:59am,57,57,US-62 BAILEY AVE,NA,2,US Highway,2,Urban,3,Principal Arterial - Other,1,State Highway Agency,1,This section IS ON the NHS,0,No Special Jurisdiction,99998,Not Reported,42.90793889,42.90793889,-78.81378611,-78.81378611,9,Pedalcyclist,0,The First Harmful Event was Not a Collision with a Motor Vehicle in Transport,0,No,1,Non-Junction,1,Not an Intersection,1,On Roadway,0,None,3,Dark - Lighted,1,Clear,0,No,0000000,Not Applicable,1,1:00am-1:59am,58,58,2,2:00am-2:59am,3,3,99,Unknown,99,Unknown EMS Hospital Arrival Time,1
36,New York,360350,0,0,2,2,0,2,2,81,QUEENS (81),4170,MIDDLE VILLAGE,5,May,24,24,3,Tuesday,2022,13,1:00pm-1:59pm,15,15,HORACE HARDING EXPY,NA,6,Local Street - Municipality,2,Urban,4,Minor Arterial,4,City or Municipal Highway Agency,0,This section IS NOT on the NHS,0,No Special Jurisdiction,99998,Not Reported,40.74376389,40.74376389,-73.83614167,-73.83614167,12,Motor Vehicle In-Transport,1,Front-to-Rear,0,No,1,Non-Junction,1,Not an Intersection,1,On Roadway,0,None,1,Daylight,1,Clear,0,No,0000000,Not Applicable,99,Unknown,99,Unknown,99,Unknown EMS Scene Arrival Hour,99,Unknown EMS Scene Arrival Minutes,99,Unknown,99,Unknown EMS Hospital Arrival Time,1
36,New York,360351,0,0,2,2,0,2,2,29,ERIE (29),750,BUFFALO,5,May,29,29,1,Sunday,2022,18,6:00pm-6:59pm,32,32,MADISON ST,PECKHAM ST,6,Local Street - Municipality,2,Urban,7,Local,4,City or Municipal Highway Agency,0,This section IS NOT on the NHS,0,No Special Jurisdiction,99998,Not Reported,42.88786667,42.88786667,-78.85290556,-78.85290556,12,Motor Vehicle In-Transport,6,Angle,0,No,2,Intersection,2,Four-Way Intersection,1,On Roadway,0,None,1,Daylight,1,Clear,0,No,0000000,Not Applicable,99,Unknown,99,Unknown,99,Unknown EMS Scene Arrival Hour,99,Unknown EMS Scene Arrival Minutes,99,Unknown,99,Unknown EMS Hospital Arrival Time,1
36,New York,360352,0,0,1,1,0,1,1,69,ONTARIO (69),4770,PHELPS,6,June,9,9,5,Thursday,2022,14,2:00pm-2:59pm,39,39,I-90,NA,1,Interstate,1,Rural,1,Interstate,1,State Highway Agency,1,This section IS ON the NHS,0,No Special Jurisdiction,99998,Not Reported,99.9999,99.9999,999.9999,999.9999,1,Rollover/Overturn,0,The First Harmful Event was Not a Collision with a Motor Vehicle in Transport,0,No,1,Non-Junction,1,Not an Intersection,1,On Roadway,0,None,1,Daylight,10,Cloudy,0,No,0000000,Not Applicable,14,2:00pm-2:59pm,39,39,99,Unknown EMS Scene Arrival Hour,99,Unknown EMS Scene Arrival Minutes,88,Not Applicable (Not Transported),88,Not Applicable (Not Transported),1
36,New York,360353,2,2,1,1,0,3,3,73,ORLEANS (73),2219,GAINES,1,January,1,1,7,Saturday,2022,20,8:00pm-8:59pm,46,46,CR-21,NA,4,County Road,1,Rural,4,Minor Arterial,2,County Highway Agency,0,This section IS NOT on the NHS,0,No Special Jurisdiction,99998,Not Reported,43.2597,43.2597,-78.25283056,-78.25283056,8,Pedestrian,0,The First Harmful Event was Not a Collision with a Motor Vehicle in Transport,0,No,1,Non-Junction,1,Not an Intersection,1,On Roadway,0,None,2,Dark - Not Lighted,5,"Fog, Smog, Smoke",0,No,0000000,Not Applicable,20,8:00pm-8:59pm,46,46,20,8:00pm-8:59pm,49,49,88,Not Applicable (Not Transported),88,Not Applicable (Not Transported),1
36,New York,360354,1,1,1,1,0,1,1,59,NASSAU (59),4600,OYSTER BAY,5,May,30,30,2,Monday,2022,20,8:00pm-8:59pm,35,35,SR-24 HEMPSTEAD TPKE,NA,3,State Highway,2,Urban,3,Principal Arterial - Other,1,State Highway Agency,1,This section IS ON the NHS,0,No Special Jurisdiction,99998,Not Reported,40.72556111,40.72556111,-73.48386944,-73.48386944,8,Pedestrian,0,The First Harmful Event was Not a Collision with a Motor Vehicle in Transport,0,No,1,Non-Junction,1,Not an Intersection,1,On Roadway,0,None,3,Dark - Lighted,1,Clear,0,No,0000000,Not Applicable,20,8:00pm-8:59pm,40,40,20,8:00pm-8:59pm,41,41,20,8:00pm-8:59pm,52,52,1
36,New York,360355,0,0,2,2,0,2,2,91,SARATOGA (91),3462,MALTA,6,June,8,8,4,Wednesday,2022,7,7:00am-7:59am,47,47,I-87,NA,1,Interstate,2,Urban,1,Interstate,1,State Highway Agency,1,This section IS ON the NHS,0,No Special Jurisdiction,99998,Not Reported,99.9999,99.9999,999.9999,999.9999,12,Motor Vehicle In-Transport,7,Sideswipe - Same Direction,0,No,1,Non-Junction,1,Not an Intersection,1,On Roadway,0,None,1,Daylight,1,Clear,0,No,0000000,Not Applicable,7,7:00am-7:59am,48,48,7,7:00am-7:59am,55,55,8,8:00am-8:59am,15,15,1
36,New York,360356,0,0,1,1,0,1,1,79,PUTNAM (79),900,CARMEL,6,June,11,11,7,Saturday,2022,16,4:00pm-4:59pm,52,52,CR-60 FAIR ST,NA,4,County Road,2,Urban,4,Minor Arterial,2,County Highway Agency,0,This section IS NOT on the NHS,0,No Special Jurisdiction,99998,Not Reported,41.42809167,41.42809167,-73.67653056,-73.67653056,1,Rollover/Overturn,0,The First Harmful Event was Not a Collision with a Motor Vehicle in Transport,0,No,1,Non-Junction,1,Not an Intersection,1,On Roadway,0,None,1,Daylight,1,Clear,0,No,0000000,Not Applicable,16,4:00pm-4:59pm,52,52,16,4:00pm-4:59pm,54,54,88,Not Applicable (Not Transported),88,Not Applicable (Not Transported),1
36,New York,360357,0,0,1,1,0,1,1,103,SUFFOLK (103),5870,SOUTHOLD,6,June,13,13,2,Monday,2022,14,2:00pm-2:59pm,45,45,SR-25 MAIN RD,NA,3,State Highway,2,Urban,4,Minor Arterial,1,State Highway Agency,0,This section IS NOT on the NHS,0,No Special Jurisdiction,99998,Not Reported,40.97519722,40.97519722,-72.55305556,-72.55305556,42,Tree (Standing Only),0,The First Harmful Event was Not a Collision with a Motor Vehicle in Transport,0,No,1,Non-Junction,1,Not an Intersection,4,On Roadside,0,None,1,Daylight,1,Clear,0,No,0000000,Not Applicable,14,2:00pm-2:59pm,45,45,14,2:00pm-2:59pm,46,46,14,2:00pm-2:59pm,55,55,1
36,New York,360358,0,0,1,1,0,1,1,71,ORANGE (71),1370,CORNWALL-ON-HUDSON,6,June,1,1,4,Wednesday,2022,11,11:00am-11:59am,14,14,SR-218,NA,3,State Highway,2,Urban,4,Minor Arterial,1,State Highway Agency,0,This section IS NOT on the NHS,0,No Special Jurisdiction,99998,Not Reported,41.43317778,41.43317778,-73.98674167,-73.98674167,26,Other Traffic Barrier,0,The First Harmful Event was Not a Collision with a Motor Vehicle in Transport,0,No,1,Non-Junction,1,Not an Intersection,4,On Roadside,0,None,1,Daylight,1,Clear,0,No,0000000,Not Applicable,99,Unknown,99,Unknown,99,Unknown EMS Scene Arrival Hour,99,Unknown EMS Scene Arrival Minutes,88,Not Applicable (Not Transported),88,Not Applicable (Not Transported),1
36,New York,360359,0,0,1,1,0,1,1,79,PUTNAM (79),5066,PUTNAM VALLEY,6,June,3,3,6,Friday,2022,0,0:00am-0:59am,47,47,CR-21 PEEKSKILL HOLLOW RD,NA,4,County Road,1,Rural,4,Minor Arterial,2,County Highway Agency,0,This section IS NOT on the NHS,0,No Special Jurisdiction,99998,Not Reported,41.41375278,41.41375278,-73.78122222,-73.78122222,42,Tree (Standing Only),0,The First Harmful Event was Not a Collision with a Motor Vehicle in Transport,0,No,1,Non-Junction,1,Not an Intersection,4,On Roadside,0,None,2,Dark - Not Lighted,10,Cloudy,0,No,0000000,Not Applicable,0,0:00am-0:59am,52,52,1,1:00am-1:59am,0,0,2,2:00am-2:59am,0,0,1
36,New York,360360,0,0,2,2,0,3,3,39,GREENE (39),970,CATSKILL,6,June,3,3,6,Friday,2022,15,3:00pm-3:59pm,59,59,US-9W,NA,2,US Highway,1,Rural,4,Minor Arterial,1,State Highway Agency,0,This section IS NOT on the NHS,0,No Special Jurisdiction,99998,Not Reported,42.19673889,42.19673889,-73.90102222,-73.90102222,12,Motor Vehicle In-Transport,2,Front-to-Front,0,No,1,Non-Junction,1,Not an Intersection,1,On Roadway,0,None,1,Daylight,1,Clear,0,No,0000000,Not Applicable,15,3:00pm-3:59pm,59,59,16,4:00pm-4:59pm,11,11,99,Unknown,99,Unknown EMS Hospital Arrival Time,1
36,New York,360361,1,1,1,1,0,1,1,59,NASSAU (59),2600,HEMPSTEAD,6,June,15,15,4,Wednesday,2022,1,1:00am-1:59am,21,21,CR-5A FRANKLIN AVE,NA,4,County Road,2,Urban,4,Minor Arterial,2,County Highway Agency,0,This section IS NOT on the NHS,0,No Special Jurisdiction,99998,Not Reported,40.69699722,40.69699722,-73.68251944,-73.68251944,8,Pedestrian,0,The First Harmful Event was Not a Collision with a Motor Vehicle in Transport,0,No,1,Non-Junction,1,Not an Intersection,1,On Roadway,0,None,3,Dark - Lighted,1,Clear,0,No,0000000,Not Applicable,1,1:00am-1:59am,21,21,1,1:00am-1:59am,22,22,1,1:00am-1:59am,45,45,1
36,New York,360362,1,1,1,1,0,1,1,47,KINGS (47),4170,NEW YORK CITY,6,June,20,20,2,Monday,2022,21,9:00pm-9:59pm,40,40,FLATLANDS AVE,NA,6,Local Street - Municipality,2,Urban,3,Principal Arterial - Other,4,City or Municipal Highway Agency,1,This section IS ON the NHS,0,No Special Jurisdiction,99998,Not Reported,40.63233611,40.63233611,-73.91803611,-73.91803611,8,Pedestrian,0,The First Harmful Event was Not a Collision with a Motor Vehicle in Transport,0,No,1,Non-Junction,1,Not an Intersection,1,On Roadway,0,None,3,Dark - Lighted,1,Clear,0,No,0000000,Not Applicable,21,9:00pm-9:59pm,42,42,21,9:00pm-9:59pm,47,47,22,10:00pm-10:59pm,0,0,1
36,New York,360363,0,0,2,2,0,3,3,59,NASSAU (59),2600,HEMPSTEAD,6,June,15,15,4,Wednesday,2022,10,10:00am-10:59am,10,10,CR-105 JERUSALEM AVE,NA,4,County Road,2,Urban,4,Minor Arterial,2,County Highway Agency,0,This section IS NOT on the NHS,0,No Special Jurisdiction,99998,Not Reported,40.72715833,40.72715833,-73.51445,-73.51445,12,Motor Vehicle In-Transport,6,Angle,0,No,1,Non-Junction,1,Not an Intersection,1,On Roadway,0,None,1,Daylight,1,Clear,0,No,0000000,Not Applicable,10,10:00am-10:59am,13,13,10,10:00am-10:59am,14,14,10,10:00am-10:59am,31,31,1
36,New York,360364,1,1,1,1,0,1,1,47,KINGS (47),4170,NEW YORK CITY,6,June,1,1,4,Wednesday,2022,19,7:00pm-7:59pm,11,11,65 ST,4TH AVE,6,Local Street - Municipality,2,Urban,3,Principal Arterial - Other,4,City or Municipal Highway Agency,1,This section IS ON the NHS,0,No Special Jurisdiction,99998,Not Reported,40.63819167,40.63819167,-74.02103889,-74.02103889,8,Pedestrian,0,The First Harmful Event was Not a Collision with a Motor Vehicle in Transport,0,No,3,Intersection-Related,2,Four-Way Intersection,1,On Roadway,0,None,1,Daylight,10,Cloudy,0,No,0000000,Not Applicable,99,Unknown,99,Unknown,99,Unknown EMS Scene Arrival Hour,99,Unknown EMS Scene Arrival Minutes,99,Unknown,99,Unknown EMS Hospital Arrival Time,1
36,New York,360365,0,0,4,2,2,2,2,5,BRONX (5),4170,NEW YORK CITY,6,June,4,4,7,Saturday,2022,1,1:00am-1:59am,17,17,E 138 ST,NA,6,Local Street - Municipality,2,Urban,3,Principal Arterial - Other,4,City or Municipal Highway Agency,1,This section IS ON the NHS,0,No Special Jurisdiction,99998,Not Reported,40.80924444,40.80924444,-73.92334722,-73.92334722,14,Parked Motor Vehicle,0,The First Harmful Event was Not a Collision with a Motor Vehicle in Transport,0,No,1,Non-Junction,1,Not an Intersection,7,In Parking Lane/Zone,0,None,3,Dark - Lighted,1,Clear,0,No,0000000,Not Applicable,99,Unknown,99,Unknown,99,Unknown EMS Scene Arrival Hour,99,Unknown EMS Scene Arrival Minutes,99,Unknown,99,Unknown EMS Hospital Arrival Time,1
36,New York,360366,0,0,1,1,0,2,2,59,NASSAU (59),2600,HEMPSTEAD,6,June,19,19,1,Sunday,2022,7,7:00am-7:59am,45,45,SR-135 EXIT RAMP 1E,NA,3,State Highway,2,Urban,2,Principal Arterial - Other Freeways and Expressways,1,State Highway Agency,1,This section IS ON the NHS,0,No Special Jurisdiction,99998,Not Reported,40.66415833,40.66415833,-73.49458889,-73.49458889,42,Tree (Standing Only),0,The First Harmful Event was Not a Collision with a Motor Vehicle in Transport,1,Yes,5,Entrance/Exit Ramp Related,1,Not an Intersection,4,On Roadside,0,None,1,Daylight,1,Clear,0,No,0000000,Not Applicable,7,7:00am-7:59am,53,53,7,7:00am-7:59am,58,58,8,8:00am-8:59am,27,27,1
36,New York,360367,0,0,2,2,0,2,2,111,ULSTER (111),3329,LLOYD,5,May,17,17,3,Tuesday,2022,17,5:00pm-5:59pm,23,23,SR-299,NA,3,State Highway,2,Urban,3,Principal Arterial - Other,1,State Highway Agency,1,This section IS ON the NHS,0,No Special Jurisdiction,99998,Not Reported,41.73731111,41.73731111,-74.03145833,-74.03145833,12,Motor Vehicle In-Transport,2,Front-to-Front,0,No,1,Non-Junction,1,Not an Intersection,1,On Roadway,0,None,1,Daylight,1,Clear,0,No,0000000,Not Applicable,17,5:00pm-5:59pm,21,21,17,5:00pm-5:59pm,23,23,17,5:00pm-5:59pm,49,49,1
36,New York,360368,0,0,3,3,0,7,7,47,KINGS (47),4170,NEW YORK CITY,6,June,18,18,7,Saturday,2022,2,2:00am-2:59am,5,5,SR-907C BELT PKWY,NA,3,State Highway,2,Urban,2,Principal Arterial - Other Freeways and Expressways,1,State Highway Agency,1,This section IS ON the NHS,0,No Special Jurisdiction,99998,Not Reported,40.59661389,40.59661389,-74.00220833,-74.00220833,12,Motor Vehicle In-Transport,6,Angle,0,No,1,Non-Junction,1,Not an Intersection,1,On Roadway,0,None,3,Dark - Lighted,1,Clear,0,No,0000000,Not Applicable,2,2:00am-2:59am,5,5,99,Unknown EMS Scene Arrival Hour,99,Unknown EMS Scene Arrival Minutes,99,Unknown,99,Unknown EMS Hospital Arrival Time,1
36,New York,360370,0,0,1,1,0,1,1,75,OSWEGO (75),4540,OSWEGO,6,June,12,12,1,Sunday,2022,8,8:00am-8:59am,31,31,W 6TH ST,NIAGARA ST,6,Local Street - Municipality,2,Urban,7,Local,4,City or Municipal Highway Agency,0,This section IS NOT on the NHS,0,No Special Jurisdiction,0,None,43.44740278,43.44740278,-76.512175,-76.512175,42,Tree (Standing Only),0,The First Harmful Event was Not a Collision with a Motor Vehicle in Transport,0,No,3,Intersection-Related,3,T-Intersection,4,On Roadside,0,None,1,Daylight,1,Clear,0,No,0000000,Not Applicable,8,8:00am-8:59am,31,31,8,8:00am-8:59am,33,33,9,9:00am-9:59am,0,0,1
36,New York,360371,0,0,2,2,0,3,3,35,FULTON (35),2980,JOHNSTOWN,6,June,18,18,7,Saturday,2022,2,2:00am-2:59am,1,1,CR-142,NA,4,County Road,1,Rural,6,Minor Collector,2,County Highway Agency,0,This section IS NOT on the NHS,0,No Special Jurisdiction,99998,Not Reported,43.00783889,43.00783889,-74.32312778,-74.32312778,12,Motor Vehicle In-Transport,2,Front-to-Front,0,No,1,Non-Junction,1,Not an Intersection,1,On Roadway,0,None,2,Dark - Not Lighted,1,Clear,0,No,0000000,Not Applicable,3,3:00am-3:59am,8,8,3,3:00am-3:59am,43,43,99,Unknown,99,Unknown EMS Hospital Arrival Time,1
36,New York,360372,0,0,2,2,0,2,2,13,CHAUTAUQUA (13),5710,SILVER CREEK,5,May,15,15,1,Sunday,2022,15,3:00pm-3:59pm,38,38,CR-95 ALLEGHANY RD,NA,4,County Road,1,Rural,5,Major Collector,2,County Highway Agency,0,This section IS NOT on the NHS,0,No Special Jurisdiction,99998,Not Reported,42.52311111,42.52311111,-79.1103,-79.1103,12,Motor Vehicle In-Transport,1,Front-to-Rear,0,No,1,Non-Junction,1,Not an Intersection,1,On Roadway,0,None,1,Daylight,1,Clear,0,No,0000000,Not Applicable,15,3:00pm-3:59pm,40,40,15,3:00pm-3:59pm,52,52,99,Unknown,99,Unknown EMS Hospital Arrival Time,1
36,New York,360373,0,0,2,2,0,2,2,123,YATES (123),4740,PENN YAN,6,June,21,21,3,Tuesday,2022,8,8:00am-8:59am,16,16,SR-14,LAMPMAN RD,3,State Highway,1,Rural,3,Principal Arterial - Other,1,State Highway Agency,1,This section IS ON the NHS,0,No Special Jurisdiction,99998,Not Reported,42.67716667,42.67716667,-76.956575,-76.956575,12,Motor Vehicle In-Transport,2,Front-to-Front,0,No,3,Intersection-Related,2,Four-Way Intersection,1,On Roadway,0,None,1,Daylight,10,Cloudy,0,No,0000000,Not Applicable,8,8:00am-8:59am,20,20,8,8:00am-8:59am,25,25,88,Not Applicable (Not Transported),88,Not Applicable (Not Transported),1
36,New York,360374,0,0,2,2,0,2,2,59,NASSAU (59),2600,HEMPSTEAD,6,June,19,19,1,Sunday,2022,13,1:00pm-1:59pm,40,40,WANTAGH AVE,TALLY LN,5,Local Street - Township,2,Urban,7,Local,3,Town or Township Highway Agency,0,This section IS NOT on the NHS,0,No Special Jurisdiction,99998,Not Reported,40.69872778,40.69872778,-73.50667778,-73.50667778,12,Motor Vehicle In-Transport,6,Angle,0,No,2,Intersection,2,Four-Way Intersection,1,On Roadway,0,None,1,Daylight,1,Clear,0,No,0000000,Not Applicable,13,1:00pm-1:59pm,41,41,13,1:00pm-1:59pm,43,43,14,2:00pm-2:59pm,0,0,1
36,New York,360375,0,0,1,1,0,1,1,29,ERIE (29),156,AMHERST,6,June,4,4,7,Saturday,2022,0,0:00am-0:59am,35,35,LAWRENCE BELL DR,NA,5,Local Street - Township,2,Urban,7,Local,3,Town or Township Highway Agency,0,This section IS NOT on the NHS,0,No Special Jurisdiction,99998,Not Reported,42.95275278,42.95275278,-78.71360556,-78.71360556,42,Tree (Standing Only),0,The First Harmful Event was Not a Collision with a Motor Vehicle in Transport,0,No,1,Non-Junction,1,Not an Intersection,4,On Roadside,0,None,2,Dark - Not Lighted,1,Clear,0,No,0000000,Not Applicable,0,0:00am-0:59am,35,35,0,0:00am-0:59am,40,40,88,Not Applicable (Not Transported),88,Not Applicable (Not Transported),1
36,New York,360376,0,0,1,1,0,1,1,77,OTSEGO (77),5931,SPRINGFIELD CENTER,6,June,16,16,5,Thursday,2022,5,5:00am-5:59am,52,52,BRIAR HILL RD,NA,5,Local Street - Township,1,Rural,7,Local,3,Town or Township Highway Agency,0,This section IS NOT on the NHS,0,No Special Jurisdiction,99998,Not Reported,42.82215278,42.82215278,-74.80126667,-74.80126667,31,"Post, Pole or Other Supports",0,The First Harmful Event was Not a Collision with a Motor Vehicle in Transport,0,No,1,Non-Junction,1,Not an Intersection,4,On Roadside,0,None,2,Dark - Not Lighted,10,Cloudy,0,No,0000000,Not Applicable,6,6:00am-6:59am,0,0,6,6:00am-6:59am,5,5,88,Not Applicable (Not Transported),88,Not Applicable (Not Transported),1
36,New York,360377,0,0,2,2,0,3,3,25,DELAWARE (25),1454,DAVENPORT,6,June,1,1,4,Wednesday,2022,13,1:00pm-1:59pm,13,13,SR-23,NA,3,State Highway,2,Urban,4,Minor Arterial,1,State Highway Agency,0,This section IS NOT on the NHS,0,No Special Jurisdiction,99998,Not Reported,42.47141667,42.47141667,-74.80623056,-74.80623056,12,Motor Vehicle In-Transport,2,Front-to-Front,0,No,1,Non-Junction,1,Not an Intersection,1,On Roadway,0,None,1,Daylight,10,Cloudy,0,No,0000000,Not Applicable,13,1:00pm-1:59pm,16,16,13,1:00pm-1:59pm,24,24,99,Unknown,99,Unknown EMS Hospital Arrival Time,1
36,New York,360378,0,0,2,2,0,2,2,103,SUFFOLK (103),2840,HUNTINGTON,6,June,9,9,5,Thursday,2022,18,6:00pm-6:59pm,47,47,LARKFIELD RD,NA,5,Local Street - Township,2,Urban,4,Minor Arterial,3,Town or Township Highway Agency,0,This section IS NOT on the NHS,0,No Special Jurisdiction,99998,Not Reported,40.86641389,40.86641389,-73.321575,-73.321575,12,Motor Vehicle In-Transport,6,Angle,0,No,8,Driveway Access Related,1,Not an Intersection,1,On Roadway,0,None,1,Daylight,1,Clear,0,No,0000000,Not Applicable,18,6:00pm-6:59pm,48,48,18,6:00pm-6:59pm,50,50,19,7:00pm-7:59pm,23,23,1
36,New York,360379,0,0,2,2,0,3,3,103,SUFFOLK (103),1335,COPIAGUE,6,June,9,9,5,Thursday,2022,10,10:00am-10:59am,55,55,SR-27 SUNRISE HWY,CR-28 NEW HWY,3,State Highway,2,Urban,3,Principal Arterial - Other,1,State Highway Agency,1,This section IS ON the NHS,0,No Special Jurisdiction,99998,Not Reported,40.69335556,40.69335556,-73.394875,-73.394875,12,Motor Vehicle In-Transport,1,Front-to-Rear,0,No,3,Intersection-Related,3,T-Intersection,1,On Roadway,0,None,1,Daylight,1,Clear,0,No,0000000,Not Applicable,10,10:00am-10:59am,55,55,99,Unknown EMS Scene Arrival Hour,99,Unknown EMS Scene Arrival Minutes,99,Unknown,99,Unknown EMS Hospital Arrival Time,1
36,New York,360380,1,1,1,1,0,1,1,119,WESTCHESTER (119),6670,WHITE PLAINS,6,June,14,14,3,Tuesday,2022,0,0:00am-0:59am,50,50,MAPLE AVE,NA,6,Local Street - Municipality,2,Urban,7,Local,4,City or Municipal Highway Agency,0,This section IS NOT on the NHS,0,No Special Jurisdiction,0,None,41.02606944,41.02606944,-73.76788889,-73.76788889,8,Pedestrian,0,The First Harmful Event was Not a Collision with a Motor Vehicle in Transport,0,No,1,Non-Junction,1,Not an Intersection,1,On Roadway,1,Construction,3,Dark - Lighted,1,Clear,0,No,0000000,Not Applicable,0,0:00am-0:59am,50,50,0,0:00am-0:59am,56,56,88,Not Applicable (Not Transported),88,Not Applicable (Not Transported),1
36,New York,360381,0,0,2,2,0,3,3,47,KINGS (47),4170,NEW YORK CITY,6,June,15,15,4,Wednesday,2022,11,11:00am-11:59am,47,47,CENTRAL AVE,PALMETTO ST,6,Local Street - Municipality,2,Urban,5,Major Collector,1,State Highway Agency,0,This section IS NOT on the NHS,0,No Special Jurisdiction,99998,Not Reported,40.69348056,40.69348056,-73.91701944,-73.91701944,12,Motor Vehicle In-Transport,6,Angle,0,No,2,Intersection,2,Four-Way Intersection,1,On Roadway,0,None,1,Daylight,1,Clear,0,No,0000000,Not Applicable,99,Unknown,99,Unknown,99,Unknown EMS Scene Arrival Hour,99,Unknown EMS Scene Arrival Minutes,99,Unknown,99,Unknown EMS Hospital Arrival Time,1
36,New York,360382,0,0,2,2,0,3,3,13,CHAUTAUQUA (13),1232,CLYMER,6,June,4,4,7,Saturday,2022,14,2:00pm-2:59pm,42,42,MARVIN RD,BELKNAP RD,5,Local Street - Township,1,Rural,7,Local,3,Town or Township Highway Agency,0,This section IS NOT on the NHS,0,No Special Jurisdiction,99998,Not Reported,42.03131944,42.03131944,-79.73435556,-79.73435556,12,Motor Vehicle In-Transport,9,Rear-to-Side,0,No,3,Intersection-Related,3,T-Intersection,1,On Roadway,0,None,1,Daylight,1,Clear,0,No,0000000,Not Applicable,14,2:00pm-2:59pm,57,57,15,3:00pm-3:59pm,52,52,88,Not Applicable (Not Transported),88,Not Applicable (Not Transported),1
36,New York,360383,0,0,2,2,0,2,2,5,BRONX (5),4170,NEW YORK CITY,6,June,16,16,5,Thursday,2022,3,3:00am-3:59am,45,45,I-95 CROSS BRONX EXPY,NA,1,Interstate,2,Urban,1,Interstate,1,State Highway Agency,1,This section IS ON the NHS,0,No Special Jurisdiction,99998,Not Reported,40.84545833,40.84545833,-73.92794722,-73.92794722,12,Motor Vehicle In-Transport,1,Front-to-Rear,0,No,1,Non-Junction,1,Not an Intersection,1,On Roadway,0,None,3,Dark - Lighted,1,Clear,0,No,0000000,Not Applicable,3,3:00am-3:59am,45,45,99,Unknown EMS Scene Arrival Hour,99,Unknown EMS Scene Arrival Minutes,99,Unknown,99,Unknown EMS Hospital Arrival Time,1
36,New York,360384,1,1,1,1,0,1,1,67,ONONDAGA (67),3310,LIVERPOOL,2,February,24,24,5,Thursday,2022,11,11:00am-11:59am,11,11,SR-370 ONONDAGE LAKE PKWY,NA,3,State Highway,2,Urban,2,Principal Arterial - Other Freeways and Expressways,1,State Highway Agency,1,This section IS ON the NHS,0,No Special Jurisdiction,99998,Not Reported,43.08924722,43.08924722,-76.19230278,-76.19230278,8,Pedestrian,0,The First Harmful Event was Not a Collision with a Motor Vehicle in Transport,0,No,1,Non-Junction,1,Not an Intersection,1,On Roadway,0,None,1,Daylight,10,Cloudy,0,No,0000000,Not Applicable,11,11:00am-11:59am,14,14,11,11:00am-11:59am,22,22,11,11:00am-11:59am,45,45,1