STATE,STATENAME,ST_CASE,PEDS,PERNOTMVIT,VE_TOTAL,VE_FORMS,PVH_INVL,PERSONS,PERMVIT,COUNTY,COUNTYNAME,CITY,CITYNAME,MONTH,MONTHNAME,DAY,DAYNAME,DAY_WEEK,DAY_WEEKNAME,YEAR,HOUR,HOURNAME,MINUTE,MINUTENAME,TWAY_ID,TWAY_ID2,ROUTE,ROUTENAME,RUR_URB,RUR_URBNAME,FUNC_SYS,FUNC_SYSNAME,RD_OWNER,RD_OWNERNAME,NHS,NHSNAME,SP_JUR,SP_JURNAME,MILEPT,MILEPTNAME,LATITUDE,LATITUDENAME,LONGITUD,LONGITUDNAME,HARM_EV,HARM_EVNAME,MAN_COLL,MAN_COLLNAME,RELJCT1,RELJCT1NAME,RELJCT2,RELJCT2NAME,TYP_INT,TYP_INTNAME,REL_ROAD,REL_ROADNAME,WRK_ZONE,WRK_ZONENAME,LGT_COND,LGT_CONDNAME,WEATHER,WEATHERNAME,SCH_BUS,SCH_BUSNAME,RAIL,RAILNAME,NOT_HOUR,NOT_HOURNAME,NOT_MIN,NOT_MINNAME,ARR_HOUR,ARR_HOURNAME,ARR_MIN,ARR_MINNAME,HOSP_HR,HOSP_HRNAME,HOSP_MN,HOSP_MNNAME,FATALS
36,New York,360385,0,0,1,1,0,1,1,87,ROCKLAND (87),5930,SPRING VALLEY,4,April,9,9,7,Saturday,2022,8,8:00am-8:59am,58,58,SR-45,NA,3,State Highway,2,Urban,3,Principal Arterial - Other,1,State Highway Agency,1,This section IS ON the NHS,0,No Special Jurisdiction,99998,Not Reported,41.13868333,41.13868333,-74.03571111,-74.03571111,31,"Post, Pole or Other Supports",0,The First Harmful Event was Not a Collision with a Motor Vehicle in Transport,0,No,1,Non-Junction,1,Not an Intersection,4,On Roadside,0,None,1,Daylight,1,Clear,0,No,0000000,Not Applicable,9,9:00am-9:59am,0,0,9,9:00am-9:59am,4,4,88,Not Applicable (Not Transported),88,Not Applicable (Not Transported),1
36,New York,360386,0,0,1,1,0,1,1,59,NASSAU (59),2600,HEMPSTEAD,5,May,22,22,1,Sunday,2022,6,6:00am-6:59am,23,23,SR-908M RAMP,NA,3,State Highway,2,Urban,2,Principal Arterial - Other Freeways and Expressways,1,State Highway Agency,1,This section IS ON the NHS,0,No Special Jurisdiction,99998,Not Reported,40.69814722,40.69814722,-73.51703056,-73.51703056,42,Tree (Standing Only),0,The First Harmful Event was Not a Collision with a Motor Vehicle in Transport,1,Yes,5,Entrance/Exit Ramp Related,1,Not an Intersection,8,Gore,0,None,4,Dawn,1,Clear,0,No,0000000,Not Applicable,6,6:00am-6:59am,22,22,6,6:00am-6:59am,29,29,88,Not Applicable (Not Transported),88,Not Applicable (Not Transported),1
36,New York,360387,0,0,2,2,0,2,2,29,ERIE (29),2739,HOLLAND,5,May,31,31,3,Tuesday,2022,21,9:00pm-9:59pm,3,3,CR-392 VERMONT HILL RD,CR-226 VERMONT ST,4,County Road,1,Rural,7,Local,2,County Highway Agency,0,This section IS NOT on the NHS,0,No Special Jurisdiction,99998,Not Reported,42.64815278,42.64815278,-78.52009722,-78.52009722,12,Motor Vehicle In-Transport,6,Angle,0,No,2,Intersection,2,Four-Way Intersection,1,On Roadway,0,None,5,Dusk,1,Clear,0,No,0000000,Not Applicable,21,9:00pm-9:59pm,3,3,21,9:00pm-9:59pm,15,15,88,Not Applicable (Not Transported),88,Not Applicable (Not Transported),1
36,New York,360388,0,0,1,1,0,1,1,19,CLINTON (19),475,BEEKMANTOWN,6,June,10,10,6,Friday,2022,23,11:00pm-11:59pm,21,21,DURAND RD,NA,5,Local Street - Township,1,Rural,7,Local,3,Town or Township Highway Agency,0,This section IS NOT on the NHS,0,No Special Jurisdiction,99998,Not Reported,44.75557778,44.75557778,-73.49153056,-73.49153056,1,Rollover/Overturn,0,The First Harmful Event was Not a Collision with a Motor Vehicle in Transport,0,No,1,Non-Junction,1,Not an Intersection,4,On Roadside,0,None,3,Dark - Lighted,1,Clear,0,No,0000000,Not Applicable,23,11:00pm-11:59pm,21,21,23,11:00pm-11:59pm,30,30,88,Not Applicable (Not Transported),88,Not Applicable (Not Transported),1
36,New York,360389,0,0,2,2,0,2,2,75,OSWEGO (75),4800,PHOENIX,6,June,14,14,3,Tuesday,2022,8,8:00am-8:59am,1,1,SUTTON RD,NA,5,Local Street - Township,1,Rural,7,Local,3,Town or Township Highway Agency,0,This section IS NOT on the NHS,0,No Special Jurisdiction,99998,Not Reported,43.27233056,43.27233056,-76.26059444,-76.26059444,12,Motor Vehicle In-Transport,2,Front-to-Front,0,No,1,Non-Junction,1,Not an Intersection,1,On Roadway,0,None,1,Daylight,1,Clear,0,No,0000000,Not Applicable,8,8:00am-8:59am,3,3,8,8:00am-8:59am,20,20,88,Not Applicable (Not Transported),88,Not Applicable (Not Transported),1
36,New York,360390,0,0,2,2,0,3,3,103,SUFFOLK (103),2920,ISLIP,5,May,6,6,6,Friday,2022,14,2:00pm-2:59pm,23,23,SR-908K,NA,3,State Highway,2,Urban,2,Principal Arterial - Other Freeways and Expressways,1,State Highway Agency,1,This section IS ON the NHS,0,No Special Jurisdiction,99998,Not Reported,40.75462778,40.75462778,-73.28003611,-73.28003611,12,Motor Vehicle In-Transport,1,Front-to-Rear,0,No,1,Non-Junction,1,Not an Intersection,1,On Roadway,0,None,1,Daylight,2,Rain,0,No,0000000,Not Applicable,14,2:00pm-2:59pm,22,22,14,2:00pm-2:59pm,30,30,15,3:00pm-3:59pm,0,0,1
36,New York,360391,0,0,1,1,0,1,1,1,ALBANY (1),1290,COLONIE,6,June,14,14,3,Tuesday,2022,7,7:00am-7:59am,41,41,SR-7,NA,3,State Highway,2,Urban,3,Principal Arterial - Other,1,State Highway Agency,1,This section IS ON the NHS,0,No Special Jurisdiction,99998,Not Reported,42.76472222,42.76472222,-73.807025,-73.807025,33,Curb,0,The First Harmful Event was Not a Collision with a Motor Vehicle in Transport,0,No,1,Non-Junction,1,Not an Intersection,4,On Roadside,0,None,1,Daylight,1,Clear,0,No,0000000,Not Applicable,7,7:00am-7:59am,41,41,7,7:00am-7:59am,47,47,8,8:00am-8:59am,42,42,1
36,New York,360392,0,0,1,1,0,1,1,39,GREENE (39),281,ASHLAND,6,June,15,15,4,Wednesday,2022,13,1:00pm-1:59pm,34,34,SR-23,CR-63 W SETTLEMENT RD,3,State Highway,1,Rural,4,Minor Arterial,1,State Highway Agency,0,This section IS NOT on the NHS,0,No Special Jurisdiction,99998,Not Reported,42.30487222,42.30487222,-74.33783333,-74.33783333,19,Building,0,The First Harmful Event was Not a Collision with a Motor Vehicle in Transport,0,No,3,Intersection-Related,3,T-Intersection,5,Outside Trafficway,0,None,1,Daylight,1,Clear,0,No,0000000,Not Applicable,13,1:00pm-1:59pm,34,34,13,1:00pm-1:59pm,49,49,88,Not Applicable (Not Transported),88,Not Applicable (Not Transported),1
36,New York,360393,0,0,1,1,0,1,1,117,WAYNE (117),6760,WOLCOTT,6,June,17,17,6,Friday,2022,22,10:00pm-10:59pm,25,25,CR-160 W PORT BAY RD,NA,4,County Road,1,Rural,7,Local,2,County Highway Agency,0,This section IS NOT on the NHS,0,No Special Jurisdiction,99998,Not Reported,43.27311389,43.27311389,-76.83404167,-76.83404167,30,Utility Pole/Light Support,0,The First Harmful Event was Not a Collision with a Motor Vehicle in Transport,0,No,1,Non-Junction,1,Not an Intersection,4,On Roadside,0,None,2,Dark - Not Lighted,10,Cloudy,0,No,0000000,Not Applicable,22,10:00pm-10:59pm,28,28,22,10:00pm-10:59pm,36,36,88,Not Applicable (Not Transported),88,Not Applicable (Not Transported),1
36,New York,360394,0,0,1,1,0,3,3,87,ROCKLAND (87),5980,STONY POINT,6,June,19,19,1,Sunday,2022,14,2:00pm-2:59pm,47,47,SR-987C PALISADES PKWY,NA,3,State Highway,2,Urban,2,Principal Arterial - Other Freeways and Expressways,11,"State Park, Forest, or Reservation Agency",1,This section IS ON the NHS,0,No Special Jurisdiction,99998,Not Reported,41.24806111,41.24806111,-74.03533056,-74.03533056,16,Thrown or Falling Object,0,The First Harmful Event was Not a Collision with a Motor Vehicle in Transport,0,No,1,Non-Junction,1,Not an Intersection,1,On Roadway,0,None,1,Daylight,1,Clear,0,No,0000000,Not Applicable,16,4:00pm-4:59pm,4,4,16,4:00pm-4:59pm,40,40,17,5:00pm-5:59pm,45,45,1
36,New York,360395,0,0,1,1,0,2,2,71,ORANGE (71),1431,CUDDEBACKVILLE,6,June,21,21,3,Tuesday,2022,16,4:00pm-4:59pm,15,15,US-209,NA,2,US Highway,2,Urban,3,Principal Arterial - Other,1,State Highway Agency,1,This section IS ON the NHS,0,No Special Jurisdiction,99998,Not Reported,41.42519444,41.42519444,-74.62845556,-74.62845556,34,Ditch,0,The First Harmful Event was Not a Collision with a Motor Vehicle in Transport,0,No,1,Non-Junction,1,Not an Intersection,4,On Roadside,0,None,1,Daylight,10,Cloudy,0,No,0000000,Not Applicable,16,4:00pm-4:59pm,15,15,16,4:00pm-4:59pm,25,25,17,5:00pm-5:59pm,0,0,1
36,New York,360396,1,1,1,1,0,1,1,81,QUEENS (81),4170,MIDDLE VILLAGE,6,June,21,21,3,Tuesday,2022,18,6:00pm-6:59pm,54,54,MAURICE AVE,NA,6,Local Street - Municipality,2,Urban,3,Principal Arterial - Other,4,City or Municipal Highway Agency,1,This section IS ON the NHS,0,No Special Jurisdiction,99998,Not Reported,40.72980833,40.72980833,-73.90458611,-73.90458611,8,Pedestrian,0,The First Harmful Event was Not a Collision with a Motor Vehicle in Transport,0,No,1,Non-Junction,1,Not an Intersection,7,In Parking Lane/Zone,0,None,1,Daylight,2,Rain,0,No,0000000,Not Applicable,99,Unknown,99,Unknown,99,Unknown EMS Scene Arrival Hour,99,Unknown EMS Scene Arrival Minutes,88,Not Applicable (Not Transported),88,Not Applicable (Not Transported),1
36,New York,360398,0,0,2,2,0,3,3,83,RENSSELAER (83),6110,TROY,2,February,11,11,6,Friday,2022,15,3:00pm-3:59pm,12,12,SR-7 HOOSICK ST,13TH ST,3,State Highway,2,Urban,3,Principal Arterial - Other,1,State Highway Agency,1,This section IS ON the NHS,0,No Special Jurisdiction,99998,Not Reported,42.73922778,42.73922778,-73.67685278,-73.67685278,12,Motor Vehicle In-Transport,6,Angle,0,No,2,Intersection,2,Four-Way Intersection,1,On Roadway,0,None,1,Daylight,1,Clear,0,No,0000000,Not Applicable,15,3:00pm-3:59pm,13,13,15,3:00pm-3:59pm,18,18,15,3:00pm-3:59pm,27,27,1
36,New York,360399,0,0,2,2,0,2,2,59,NASSAU (59),2600,HEMPSTEAD,5,May,25,25,4,Wednesday,2022,19,7:00pm-7:59pm,31,31,SR-102 FRONT ST,CHESTER ST,3,State Highway,2,Urban,3,Principal Arterial - Other,1,State Highway Agency,1,This section IS ON the NHS,0,No Special Jurisdiction,99998,Not Reported,40.71001944,40.71001944,-73.58726667,-73.58726667,12,Motor Vehicle In-Transport,6,Angle,0,No,3,Intersection-Related,3,T-Intersection,1,On Roadway,0,None,1,Daylight,1,Clear,0,No,0000000,Not Applicable,19,7:00pm-7:59pm,31,31,19,7:00pm-7:59pm,38,38,20,8:00pm-8:59pm,0,0,1
36,New York,360400,1,1,1,1,0,1,1,103,SUFFOLK (103),2840,HUNTINGTON,6,June,9,9,5,Thursday,2022,0,0:00am-0:59am,35,35,CR-35 PARK AVE,NA,4,County Road,2,Urban,4,Minor Arterial,2,County Highway Agency,0,This section IS NOT on the NHS,0,No Special Jurisdiction,99998,Not Reported,40.85010833,40.85010833,-73.37904444,-73.37904444,8,Pedestrian,0,The First Harmful Event was Not a Collision with a Motor Vehicle in Transport,0,No,1,Non-Junction,1,Not an Intersection,1,On Roadway,0,None,3,Dark - Lighted,1,Clear,0,No,0000000,Not Applicable,0,0:00am-0:59am,35,35,0,0:00am-0:59am,40,40,88,Not Applicable (Not Transported),88,Not Applicable (Not Transported),1
36,New York,360401,0,0,1,1,0,3,3,81,QUEENS (81),4170,MIDDLE VILLAGE,6,June,22,22,4,Wednesday,2022,3,3:00am-3:59am,4,4,I-295 CLEARVIEW EXPY,NA,1,Interstate,2,Urban,1,Interstate,1,State Highway Agency,1,This section IS ON the NHS,0,No Special Jurisdiction,99998,Not Reported,40.74499444,40.74499444,-73.772175,-73.772175,24,Guardrail Face,0,The First Harmful Event was Not a Collision with a Motor Vehicle in Transport,1,Yes,19,Other location within Interchange Area,1,Not an Intersection,8,Gore,0,None,3,Dark - Lighted,2,Rain,0,No,0000000,Not Applicable,99,Unknown,99,Unknown,99,Unknown EMS Scene Arrival Hour,99,Unknown EMS Scene Arrival Minutes,99,Unknown,99,Unknown EMS Hospital Arrival Time,1
36,New York,360402,0,0,2,2,0,2,2,117,WAYNE (117),3410,LYONS,5,May,20,20,6,Friday,2022,11,11:00am-11:59am,37,37,SR-31,NA,3,State Highway,2,Urban,3,Principal Arterial - Other,1,State Highway Agency,1,This section IS ON the NHS,0,No Special Jurisdiction,99998,Not Reported,43.05923056,43.05923056,-77.01225278,-77.01225278,12,Motor Vehicle In-Transport,2,Front-to-Front,0,No,1,Non-Junction,1,Not an Intersection,1,On Roadway,0,None,1,Daylight,10,Cloudy,0,No,0000000,Not Applicable,11,11:00am-11:59am,37,37,11,11:00am-11:59am,37,37,99,Unknown,99,Unknown EMS Hospital Arrival Time,2
36,New York,360403,0,0,2,2,0,2,2,55,MONROE (55),5600,SCOTTSVILLE,6,June,22,22,4,Wednesday,2022,14,2:00pm-2:59pm,57,57,SR-253,NA,3,State Highway,2,Urban,4,Minor Arterial,1,State Highway Agency,0,This section IS NOT on the NHS,0,No Special Jurisdiction,99998,Not Reported,43.02878611,43.02878611,-77.73773333,-77.73773333,12,Motor Vehicle In-Transport,1,Front-to-Rear,0,No,8,Driveway Access Related,1,Not an Intersection,1,On Roadway,0,None,1,Daylight,1,Clear,0,No,0000000,Not Applicable,15,3:00pm-3:59pm,0,0,15,3:00pm-3:59pm,11,11,15,3:00pm-3:59pm,16,16,1
36,New York,360404,0,0,1,1,0,1,1,59,NASSAU (59),2600,HEMPSTEAD,4,April,17,17,1,Sunday,2022,4,4:00am-4:59am,7,7,SR-908M,NA,3,State Highway,2,Urban,2,Principal Arterial - Other Freeways and Expressways,1,State Highway Agency,1,This section IS ON the NHS,0,No Special Jurisdiction,99998,Not Reported,40.67902778,40.67902778,-73.70060278,-73.70060278,59,Traffic Sign Support,0,The First Harmful Event was Not a Collision with a Motor Vehicle in Transport,0,No,1,Non-Junction,1,Not an Intersection,4,On Roadside,0,None,3,Dark - Lighted,10,Cloudy,0,No,0000000,Not Applicable,4,4:00am-4:59am,12,12,4,4:00am-4:59am,18,18,4,4:00am-4:59am,30,30,1
36,New York,360405,0,0,1,1,0,1,1,23,CORTLAND (23),3530,MARATHON,5,May,28,28,7,Saturday,2022,22,10:00pm-10:59pm,5,5,I-81,NA,1,Interstate,2,Urban,1,Interstate,1,State Highway Agency,1,This section IS ON the NHS,0,No Special Jurisdiction,99998,Not Reported,99.9999,99.9999,999.9999,999.9999,24,Guardrail Face,0,The First Harmful Event was Not a Collision with a Motor Vehicle in Transport,0,No,1,Non-Junction,1,Not an Intersection,4,On Roadside,0,None,2,Dark - Not Lighted,10,Cloudy,0,No,0000000,Not Applicable,23,11:00pm-11:59pm,24,24,23,11:00pm-11:59pm,33,33,88,Not Applicable (Not Transported),88,Not Applicable (Not Transported),1
36,New York,360406,1,1,1,1,0,1,1,47,KINGS (47),4170,NEW YORK CITY,6,June,24,24,6,Friday,2022,2,2:00am-2:59am,14,14,LEXINGTON AVE,THROOP AVE,6,Local Street - Municipality,2,Urban,7,Local,4,City or Municipal Highway Agency,0,This section IS NOT on the NHS,0,No Special Jurisdiction,99998,Not Reported,40.68870833,40.68870833,-73.94207222,-73.94207222,9,Pedalcyclist,0,The First Harmful Event was Not a Collision with a Motor Vehicle in Transport,0,No,2,Intersection,2,Four-Way Intersection,1,On Roadway,0,None,3,Dark - Lighted,1,Clear,0,No,0000000,Not Applicable,2,2:00am-2:59am,14,14,99,Unknown EMS Scene Arrival Hour,99,Unknown EMS Scene Arrival Minutes,99,Unknown,99,Unknown EMS Hospital Arrival Time,1
36,New York,360407,0,0,2,2,0,3,3,25,DELAWARE (25),1454,DAVENPORT,5,May,26,26,5,Thursday,2022,3,3:00am-3:59am,56,56,SR-23,NA,3,State Highway,2,Urban,4,Minor Arterial,1,State Highway Agency,0,This section IS NOT on the NHS,0,No Special Jurisdiction,99998,Not Reported,42.43901667,42.43901667,-74.94724167,-74.94724167,12,Motor Vehicle In-Transport,2,Front-to-Front,0,No,1,Non-Junction,1,Not an Intersection,1,On Roadway,0,None,2,Dark - Not Lighted,10,Cloudy,0,No,0000000,Not Applicable,99,Unknown,99,Unknown,99,Unknown EMS Scene Arrival Hour,99,Unknown EMS Scene Arrival Minutes,99,Unknown,99,Unknown EMS Hospital Arrival Time,1
36,New York,360408,1,1,1,1,0,1,1,47,KINGS (47),4170,NEW YORK CITY,6,June,25,25,7,Saturday,2022,4,4:00am-4:59am,5,5,E 108 ST,NA,6,Local Street - Municipality,2,Urban,4,Minor Arterial,4,City or Municipal Highway Agency,0,This section IS NOT on the NHS,0,No Special Jurisdiction,99998,Not Reported,40.65256667,40.65256667,-73.89653333,-73.89653333,8,Pedestrian,0,The First Harmful Event was Not a Collision with a Motor Vehicle in Transport,0,No,1,Non-Junction,1,Not an Intersection,1,On Roadway,0,None,3,Dark - Lighted,1,Clear,0,No,0000000,Not Applicable,4,4:00am-4:59am,5,5,99,Unknown EMS Scene Arrival Hour,99,Unknown EMS Scene Arrival Minutes,88,Not Applicable (Not Transported),88,Not Applicable (Not Transported),1
36,New York,360409,0,0,2,2,0,2,2,103,SUFFOLK (103),360,BABYLON,6,June,13,13,2,Monday,2022,16,4:00pm-4:59pm,19,19,SR-109,HERZEL BLVD,3,State Highway,2,Urban,4,Minor Arterial,1,State Highway Agency,0,This section IS NOT on the NHS,0,No Special Jurisdiction,99998,Not Reported,40.71509167,40.71509167,-73.38837778,-73.38837778,12,Motor Vehicle In-Transport,6,Angle,0,No,2,Intersection,2,Four-Way Intersection,1,On Roadway,0,None,1,Daylight,1,Clear,0,No,0000000,Not Applicable,99,Unknown,99,Unknown,99,Unknown EMS Scene Arrival Hour,99,Unknown EMS Scene Arrival Minutes,99,Unknown,99,Unknown EMS Hospital Arrival Time,1
36,New York,360410,0,0,3,3,0,4,4,23,CORTLAND (23),1380,CORTLAND,6,June,1,1,4,Wednesday,2022,18,6:00pm-6:59pm,47,47,SR-13,NA,3,State Highway,2,Urban,4,Minor Arterial,1,State Highway Agency,0,This section IS NOT on the NHS,0,No Special Jurisdiction,99998,Not Reported,42.57005556,42.57005556,-76.219575,-76.219575,12,Motor Vehicle In-Transport,2,Front-to-Front,0,No,1,Non-Junction,1,Not an Intersection,1,On Roadway,0,None,1,Daylight,10,Cloudy,0,No,0000000,Not Applicable,18,6:00pm-6:59pm,47,47,18,6:00pm-6:59pm,50,50,99,Unknown,99,Unknown EMS Hospital Arrival Time,1
36,New York,360411,1,1,1,1,0,2,2,47,KINGS (47),4170,NEW YORK CITY,6,June,21,21,3,Tuesday,2022,22,10:00pm-10:59pm,46,46,E 83RD ST,FLATLANDS AVE,6,Local Street - Municipality,2,Urban,7,Local,4,City or Municipal Highway Agency,0,This section IS NOT on the NHS,0,No Special Jurisdiction,0,None,40.63686667,40.63686667,-73.91105833,-73.91105833,9,Pedalcyclist,0,The First Harmful Event was Not a Collision with a Motor Vehicle in Transport,0,No,3,Intersection-Related,2,Four-Way Intersection,1,On Roadway,0,None,3,Dark - Lighted,1,Clear,0,No,0000000,Not Applicable,22,10:00pm-10:59pm,46,46,22,10:00pm-10:59pm,51,51,23,11:00pm-11:59pm,49,49,1
36,New York,360412,0,0,2,2,0,4,4,71,ORANGE (71),2690,HIGHLAND FALLS,6,June,16,16,5,Thursday,2022,4,4:00am-4:59am,47,47,SR-987C,NA,3,State Highway,2,Urban,2,Principal Arterial - Other Freeways and Expressways,1,State Highway Agency,1,This section IS ON the NHS,0,No Special Jurisdiction,99998,Not Reported,41.30066111,41.30066111,-74.03057778,-74.03057778,12,Motor Vehicle In-Transport,2,Front-to-Front,0,No,1,Non-Junction,1,Not an Intersection,1,On Roadway,0,None,4,Dawn,10,Cloudy,0,No,0000000,Not Applicable,4,4:00am-4:59am,51,51,5,5:00am-5:59am,9,9,6,6:00am-6:59am,1,1,1
36,New York,360413,1,1,4,2,2,2,2,27,DUTCHESS (27),2870,HYDE PARK,6,June,20,20,2,Monday,2022,10,10:00am-10:59am,41,41,SR-115 SALT POINT TPKE,NA,3,State Highway,2,Urban,4,Minor Arterial,1,State Highway Agency,0,This section IS NOT on the NHS,0,No Special Jurisdiction,99998,Not Reported,41.73725833,41.73725833,-73.88307778,-73.88307778,12,Motor Vehicle In-Transport,6,Angle,0,No,1,Non-Junction,1,Not an Intersection,1,On Roadway,0,None,1,Daylight,1,Clear,0,No,0000000,Not Applicable,10,10:00am-10:59am,41,41,10,10:00am-10:59am,50,50,99,Unknown,99,Unknown EMS Hospital Arrival Time,1
36,New York,360414,0,0,1,1,0,1,1,33,FRANKLIN (33),3825,MOIRA,7,July,2,2,7,Saturday,2022,2,2:00am-2:59am,25,25,SR-11,NA,3,State Highway,1,Rural,3,Principal Arterial - Other,1,State Highway Agency,1,This section IS ON the NHS,0,No Special Jurisdiction,99998,Not Reported,44.80289444,44.80289444,-74.5878,-74.5878,1,Rollover/Overturn,0,The First Harmful Event was Not a Collision with a Motor Vehicle in Transport,0,No,1,Non-Junction,1,Not an Intersection,4,On Roadside,0,None,2,Dark - Not Lighted,10,Cloudy,0,No,0000000,Not Applicable,2,2:00am-2:59am,25,25,2,2:00am-2:59am,34,34,88,Not Applicable (Not Transported),88,Not Applicable (Not Transported),1
36,New York,360415,1,1,1,1,0,1,1,5,BRONX (5),4170,NEW YORK CITY,6,June,29,29,4,Wednesday,2022,23,11:00pm-11:59pm,54,54,E 149 ST,ST ANNS AVE,6,Local Street - Municipality,2,Urban,4,Minor Arterial,4,City or Municipal Highway Agency,0,This section IS NOT on the NHS,0,No Special Jurisdiction,99998,Not Reported,40.81429167,40.81429167,-73.91296389,-73.91296389,9,Pedalcyclist,0,The First Harmful Event was Not a Collision with a Motor Vehicle in Transport,0,No,2,Intersection,2,Four-Way Intersection,1,On Roadway,0,None,3,Dark - Lighted,1,Clear,0,No,0000000,Not Applicable,23,11:00pm-11:59pm,54,54,99,Unknown EMS Scene Arrival Hour,99,Unknown EMS Scene Arrival Minutes,99,Unknown,99,Unknown EMS Hospital Arrival Time,1
36,New York,360416,0,0,2,2,0,4,4,69,ONTARIO (69),1961,FARMINGTON,6,June,23,23,5,Thursday,2022,10,10:00am-10:59am,27,27,SHORTSVILLE RD,PAYNE RD,5,Local Street - Township,2,Urban,7,Local,3,Town or Township Highway Agency,0,This section IS NOT on the NHS,0,No Special Jurisdiction,99998,Not Reported,42.96158889,42.96158889,-77.30386944,-77.30386944,12,Motor Vehicle In-Transport,6,Angle,0,No,2,Intersection,2,Four-Way Intersection,1,On Roadway,0,None,1,Daylight,10,Cloudy,0,No,0000000,Not Applicable,10,10:00am-10:59am,27,27,10,10:00am-10:59am,35,35,99,Unknown,99,Unknown EMS Hospital Arrival Time,1
36,New York,360417,0,0,3,3,0,4,4,69,ONTARIO (69),830,CANANDAIGUA,6,June,24,24,6,Friday,2022,14,2:00pm-2:59pm,50,50,US-20,BUFFALO ST EXT,2,US Highway,1,Rural,3,Principal Arterial - Other,1,State Highway Agency,1,This section IS ON the NHS,0,No Special Jurisdiction,99998,Not Reported,42.88033611,42.88033611,-77.33385833,-77.33385833,12,Motor Vehicle In-Transport,1,Front-to-Rear,0,No,2,Intersection,4,Y-Intersection,1,On Roadway,0,None,1,Daylight,10,Cloudy,0,No,0000000,Not Applicable,14,2:00pm-2:59pm,50,50,14,2:00pm-2:59pm,54,54,15,3:00pm-3:59pm,30,30,1
36,New York,360418,0,0,2,2,0,2,2,103,SUFFOLK (103),2920,ISLIP,3,March,9,9,4,Wednesday,2022,6,6:00am-6:59am,52,52,LAKELAND AVE,NA,5,Local Street - Township,2,Urban,4,Minor Arterial,3,Town or Township Highway Agency,0,This section IS NOT on the NHS,0,No Special Jurisdiction,99998,Not Reported,40.77239722,40.77239722,-73.10533611,-73.10533611,12,Motor Vehicle In-Transport,6,Angle,0,No,8,Driveway Access Related,1,Not an Intersection,1,On Roadway,0,None,1,Daylight,4,Snow,0,No,0000000,Not Applicable,99,Unknown,99,Unknown,99,Unknown EMS Scene Arrival Hour,99,Unknown EMS Scene Arrival Minutes,99,Unknown,99,Unknown EMS Hospital Arrival Time,1
36,New York,360419,0,0,2,2,0,2,2,59,NASSAU (59),2600,HEMPSTEAD,6,June,30,30,5,Thursday,2022,18,6:00pm-6:59pm,55,55,SR-24 HEMPSTEAD TPK,SR-102 FRONT ST,3,State Highway,2,Urban,3,Principal Arterial - Other,1,State Highway Agency,1,This section IS ON the NHS,0,No Special Jurisdiction,99998,Not Reported,40.72470556,40.72470556,-73.55953056,-73.55953056,12,Motor Vehicle In-Transport,1,Front-to-Rear,0,No,2,Intersection,4,Y-Intersection,1,On Roadway,0,None,1,Daylight,1,Clear,0,No,0000000,Not Applicable,18,6:00pm-6:59pm,56,56,18,6:00pm-6:59pm,59,59,19,7:00pm-7:59pm,27,27,1
36,New York,360420,1,1,1,1,0,1,1,103,SUFFOLK (103),705,BROOKHAVEN,3,March,7,7,2,Monday,2022,5,5:00am-5:59am,15,15,SR-347,NA,3,State Highway,2,Urban,5,Major Collector,1,State Highway Agency,0,This section IS NOT on the NHS,0,No Special Jurisdiction,99998,Not Reported,40.87523611,40.87523611,-73.12027778,-73.12027778,8,Pedestrian,0,The First Harmful Event was Not a Collision with a Motor Vehicle in Transport,0,No,1,Non-Junction,1,Not an Intersection,1,On Roadway,0,None,3,Dark - Lighted,10,Cloudy,0,No,0000000,Not Applicable,99,Unknown,99,Unknown,99,Unknown EMS Scene Arrival Hour,99,Unknown EMS Scene Arrival Minutes,88,Not Applicable (Not Transported),88,Not Applicable (Not Transported),1
36,New York,360421,1,1,1,1,0,1,1,103,SUFFOLK (103),705,BROOKHAVEN,3,March,15,15,3,Tuesday,2022,19,7:00pm-7:59pm,30,30,N BICYCLE PATH,SOUTH ST,5,Local Street - Township,2,Urban,7,Local,3,Town or Township Highway Agency,0,This section IS NOT on the NHS,0,No Special Jurisdiction,0,None,40.87750556,40.87750556,-73.03374167,-73.03374167,8,Pedestrian,0,The First Harmful Event was Not a Collision with a Motor Vehicle in Transport,0,No,3,Intersection-Related,3,T-Intersection,1,On Roadway,0,None,3,Dark - Lighted,1,Clear,0,No,0000000,Not Applicable,99,Unknown,99,Unknown,99,Unknown EMS Scene Arrival Hour,99,Unknown EMS Scene Arrival Minutes,99,Unknown,99,Unknown EMS Hospital Arrival Time,1
36,New York,360422,0,0,1,1,0,1,1,49,LEWIS (49),3370,LOWVILLE,6,June,29,29,4,Wednesday,2022,21,9:00pm-9:59pm,18,18,CHASES LAKE RD,NA,5,Local Street - Township,1,Rural,7,Local,3,Town or Township Highway Agency,0,This section IS NOT on the NHS,0,No Special Jurisdiction,99998,Not Reported,43.772872220000004,43.772872220000004,-75.37206667,-75.37206667,18,Other Object (not fixed),0,The First Harmful Event was Not a Collision with a Motor Vehicle in Transport,0,No,1,Non-Junction,1,Not an Intersection,4,On Roadside,0,None,2,Dark - Not Lighted,1,Clear,0,No,0000000,Not Applicable,21,9:00pm-9:59pm,23,23,21,9:00pm-9:59pm,32,32,22,10:00pm-10:59pm,3,3,1