STATE,STATENAME,ST_CASE,PEDS,PERNOTMVIT,VE_TOTAL,VE_FORMS,PVH_INVL,PERSONS,PERMVIT,COUNTY,COUNTYNAME,CITY,CITYNAME,MONTH,MONTHNAME,DAY,DAYNAME,DAY_WEEK,DAY_WEEKNAME,YEAR,HOUR,HOURNAME,MINUTE,MINUTENAME,TWAY_ID,TWAY_ID2,ROUTE,ROUTENAME,RUR_URB,RUR_URBNAME,FUNC_SYS,FUNC_SYSNAME,RD_OWNER,RD_OWNERNAME,NHS,NHSNAME,SP_JUR,SP_JURNAME,MILEPT,MILEPTNAME,LATITUDE,LATITUDENAME,LONGITUD,LONGITUDNAME,HARM_EV,HARM_EVNAME,MAN_COLL,MAN_COLLNAME,RELJCT1,RELJCT1NAME,RELJCT2,RELJCT2NAME,TYP_INT,TYP_INTNAME,REL_ROAD,REL_ROADNAME,WRK_ZONE,WRK_ZONENAME,LGT_COND,LGT_CONDNAME,WEATHER,WEATHERNAME,SCH_BUS,SCH_BUSNAME,RAIL,RAILNAME,NOT_HOUR,NOT_HOURNAME,NOT_MIN,NOT_MINNAME,ARR_HOUR,ARR_HOURNAME,ARR_MIN,ARR_MINNAME,HOSP_HR,HOSP_HRNAME,HOSP_MN,HOSP_MNNAME,FATALS
36,New York,360569,2,2,5,2,3,5,5,61,NEW YORK (61),4170,NEW YORK,8,August,3,3,4,Wednesday,2022,4,4:00am-4:59am,0,0,SHERMAN AVE,W 207 ST,6,Local Street - Municipality,2,Urban,7,Local,4,City or Municipal Highway Agency,0,This section IS NOT on the NHS,0,No Special Jurisdiction,99998,Not Reported,40.86576111,40.86576111,-73.92,-73.92,12,Motor Vehicle In-Transport,6,Angle,0,No,2,Intersection,2,Four-Way Intersection,1,On Roadway,0,None,3,Dark - Lighted,1,Clear,0,No,0000000,Not Applicable,99,Unknown,99,Unknown,99,Unknown EMS Scene Arrival Hour,99,Unknown EMS Scene Arrival Minutes,99,Unknown,99,Unknown EMS Hospital Arrival Time,2
36,New York,360570,0,0,2,2,0,3,3,81,QUEENS (81),4170,MIDDLE VILLAGE,8,August,10,10,4,Wednesday,2022,6,6:00am-6:59am,8,8,SR-25 QUEENS BLVD SERVICE RD,NA,3,State Highway,2,Urban,3,Principal Arterial - Other,1,State Highway Agency,1,This section IS ON the NHS,0,No Special Jurisdiction,99998,Not Reported,40.74193333,40.74193333,-73.90652778,-73.90652778,12,Motor Vehicle In-Transport,11,Other,0,No,1,Non-Junction,1,Not an Intersection,1,On Roadway,0,None,1,Daylight,1,Clear,0,No,0000000,Not Applicable,6,6:00am-6:59am,8,8,99,Unknown EMS Scene Arrival Hour,99,Unknown EMS Scene Arrival Minutes,99,Unknown,99,Unknown EMS Hospital Arrival Time,1
36,New York,360571,1,1,1,1,0,1,1,55,MONROE (55),5230,ROCHESTER,8,August,3,3,4,Wednesday,2022,0,0:00am-0:59am,8,8,SR-940M LAKE AVE,NA,3,State Highway,2,Urban,3,Principal Arterial - Other,1,State Highway Agency,1,This section IS ON the NHS,0,No Special Jurisdiction,99998,Not Reported,43.22086944,43.22086944,-77.62822778,-77.62822778,9,Pedalcyclist,0,The First Harmful Event was Not a Collision with a Motor Vehicle in Transport,0,No,1,Non-Junction,1,Not an Intersection,1,On Roadway,0,None,3,Dark - Lighted,1,Clear,0,No,0000000,Not Applicable,0,0:00am-0:59am,10,10,0,0:00am-0:59am,16,16,0,0:00am-0:59am,29,29,1
36,New York,360572,0,0,2,2,0,3,3,5,BRONX (5),4170,NEW YORK CITY,8,August,14,14,1,Sunday,2022,21,9:00pm-9:59pm,22,22,BAILEY AVE,W 193RD ST,6,Local Street - Municipality,2,Urban,4,Minor Arterial,4,City or Municipal Highway Agency,0,This section IS NOT on the NHS,0,No Special Jurisdiction,0,None,40.87081389,40.87081389,-73.90687222,-73.90687222,12,Motor Vehicle In-Transport,6,Angle,0,No,2,Intersection,3,T-Intersection,1,On Roadway,0,None,3,Dark - Lighted,1,Clear,0,No,0000000,Not Applicable,99,Unknown,99,Unknown,99,Unknown EMS Scene Arrival Hour,99,Unknown EMS Scene Arrival Minutes,99,Unknown,99,Unknown EMS Hospital Arrival Time,1
36,New York,360573,0,0,1,1,0,1,1,69,ONTARIO (69),3490,MANCHESTER,8,August,4,4,5,Thursday,2022,9,9:00am-9:59am,29,29,BIRD RD,NA,5,Local Street - Township,1,Rural,7,Local,3,Town or Township Highway Agency,0,This section IS NOT on the NHS,0,No Special Jurisdiction,99998,Not Reported,43.01647778,43.01647778,-77.16612778,-77.16612778,1,Rollover/Overturn,0,The First Harmful Event was Not a Collision with a Motor Vehicle in Transport,0,No,1,Non-Junction,1,Not an Intersection,5,Outside Trafficway,0,None,1,Daylight,10,Cloudy,0,No,0000000,Not Applicable,9,9:00am-9:59am,29,29,9,9:00am-9:59am,41,41,88,Not Applicable (Not Transported),88,Not Applicable (Not Transported),1
36,New York,360574,0,0,2,2,0,3,3,59,NASSAU (59),2600,HEMPSTEAD,6,June,26,26,1,Sunday,2022,1,1:00am-1:59am,43,43,GREENWICH ST,CURTIS AVE,5,Local Street - Township,2,Urban,7,Local,3,Town or Township Highway Agency,0,This section IS NOT on the NHS,0,No Special Jurisdiction,99998,Not Reported,40.69742778,40.69742778,-73.60999444,-73.60999444,12,Motor Vehicle In-Transport,6,Angle,0,No,2,Intersection,3,T-Intersection,1,On Roadway,0,None,3,Dark - Lighted,1,Clear,0,No,0000000,Not Applicable,99,Unknown,99,Unknown,1,1:00am-1:59am,57,57,2,2:00am-2:59am,40,40,1
36,New York,360575,0,0,2,2,0,2,2,93,SCHENECTADY (93),1592,DUANESBURG,7,July,8,8,6,Friday,2022,3,3:00am-3:59am,51,51,SR-7 DUANESBURG RD,NA,3,State Highway,1,Rural,5,Major Collector,1,State Highway Agency,0,This section IS NOT on the NHS,0,No Special Jurisdiction,99998,Not Reported,42.76709722,42.76709722,-74.10853056,-74.10853056,12,Motor Vehicle In-Transport,2,Front-to-Front,0,No,1,Non-Junction,1,Not an Intersection,1,On Roadway,0,None,2,Dark - Not Lighted,1,Clear,0,No,0000000,Not Applicable,3,3:00am-3:59am,53,53,4,4:00am-4:59am,4,4,4,4:00am-4:59am,59,59,1
36,New York,360576,0,0,2,2,0,2,2,47,KINGS (47),4170,NEW YORK CITY,8,August,4,4,5,Thursday,2022,9,9:00am-9:59am,32,32,MORGAN AVE,NA,6,Local Street - Municipality,2,Urban,4,Minor Arterial,4,City or Municipal Highway Agency,0,This section IS NOT on the NHS,0,No Special Jurisdiction,99998,Not Reported,40.711525,40.711525,-73.93393056,-73.93393056,1,Rollover/Overturn,0,The First Harmful Event was Not a Collision with a Motor Vehicle in Transport,0,No,1,Non-Junction,1,Not an Intersection,1,On Roadway,0,None,1,Daylight,1,Clear,0,No,0000000,Not Applicable,9,9:00am-9:59am,32,32,99,Unknown EMS Scene Arrival Hour,99,Unknown EMS Scene Arrival Minutes,99,Unknown,99,Unknown EMS Hospital Arrival Time,1
36,New York,360577,0,0,1,1,0,1,1,31,ESSEX (31),1425,CROWN POINT,7,July,22,22,6,Friday,2022,13,1:00pm-1:59pm,24,24,CR-7 WHITE CHURCH RD,NA,4,County Road,1,Rural,7,Local,2,County Highway Agency,0,This section IS NOT on the NHS,0,No Special Jurisdiction,99998,Not Reported,43.9751,43.9751,-73.48806944,-73.48806944,42,Tree (Standing Only),0,The First Harmful Event was Not a Collision with a Motor Vehicle in Transport,0,No,1,Non-Junction,1,Not an Intersection,4,On Roadside,0,None,1,Daylight,1,Clear,0,No,0000000,Not Applicable,99,Unknown,99,Unknown,99,Unknown EMS Scene Arrival Hour,99,Unknown EMS Scene Arrival Minutes,99,Unknown,99,Unknown EMS Hospital Arrival Time,1
36,New York,360578,0,0,1,1,0,1,1,9,CATTARAUGUS (9),110,ALLEGANY,8,August,14,14,1,Sunday,2022,19,7:00pm-7:59pm,11,11,INDIAN CREEK RD,NA,5,Local Street - Township,1,Rural,7,Local,3,Town or Township Highway Agency,0,This section IS NOT on the NHS,0,No Special Jurisdiction,99998,Not Reported,42.00414167,42.00414167,-78.47023611,-78.47023611,1,Rollover/Overturn,0,The First Harmful Event was Not a Collision with a Motor Vehicle in Transport,0,No,1,Non-Junction,1,Not an Intersection,4,On Roadside,0,None,2,Dark - Not Lighted,1,Clear,0,No,0000000,Not Applicable,99,Unknown,99,Unknown,99,Unknown EMS Scene Arrival Hour,99,Unknown EMS Scene Arrival Minutes,99,Unknown,99,Unknown EMS Hospital Arrival Time,1
36,New York,360579,0,0,2,2,0,2,2,33,FRANKLIN (33),770,BURKE,7,July,22,22,6,Friday,2022,7,7:00am-7:59am,34,34,US-11,NA,2,US Highway,1,Rural,3,Principal Arterial - Other,1,State Highway Agency,1,This section IS ON the NHS,0,No Special Jurisdiction,99998,Not Reported,44.92145556,44.92145556,-74.14408889,-74.14408889,12,Motor Vehicle In-Transport,2,Front-to-Front,0,No,1,Non-Junction,1,Not an Intersection,1,On Roadway,0,None,1,Daylight,1,Clear,0,No,0000000,Not Applicable,99,Unknown,99,Unknown,99,Unknown EMS Scene Arrival Hour,99,Unknown EMS Scene Arrival Minutes,99,Unknown,99,Unknown EMS Hospital Arrival Time,1
36,New York,360580,0,0,2,2,0,2,2,61,NEW YORK (61),4170,NEW YORK,8,August,6,6,7,Saturday,2022,21,9:00pm-9:59pm,50,50,SR-9A/907V HENRY HUDSON PKWY,NA,3,State Highway,2,Urban,2,Principal Arterial - Other Freeways and Expressways,1,State Highway Agency,1,This section IS ON the NHS,0,No Special Jurisdiction,99998,Not Reported,40.800575,40.800575,-73.97435278,-73.97435278,24,Guardrail Face,0,The First Harmful Event was Not a Collision with a Motor Vehicle in Transport,0,No,1,Non-Junction,1,Not an Intersection,3,On Median,0,None,3,Dark - Lighted,1,Clear,0,No,0000000,Not Applicable,21,9:00pm-9:59pm,50,50,22,10:00pm-10:59pm,0,0,22,10:00pm-10:59pm,15,15,1
36,New York,360581,0,0,3,3,0,4,4,29,ERIE (29),1170,CLARENCE,7,July,15,15,6,Friday,2022,16,4:00pm-4:59pm,43,43,SR-78 TRANSIT RD,NA,3,State Highway,2,Urban,3,Principal Arterial - Other,1,State Highway Agency,1,This section IS ON the NHS,0,No Special Jurisdiction,99998,Not Reported,42.97435278,42.97435278,-78.6968,-78.6968,12,Motor Vehicle In-Transport,6,Angle,0,No,8,Driveway Access Related,1,Not an Intersection,1,On Roadway,0,None,1,Daylight,1,Clear,0,No,0000000,Not Applicable,99,Unknown,99,Unknown,99,Unknown EMS Scene Arrival Hour,99,Unknown EMS Scene Arrival Minutes,88,Not Applicable (Not Transported),88,Not Applicable (Not Transported),1
36,New York,360582,0,0,3,3,0,3,3,111,ULSTER (111),3329,LLOYD,8,August,11,11,5,Thursday,2022,8,8:00am-8:59am,42,42,US-9W,NA,2,US Highway,2,Urban,3,Principal Arterial - Other,1,State Highway Agency,1,This section IS ON the NHS,0,No Special Jurisdiction,99998,Not Reported,41.70458056,41.70458056,-73.96754167,-73.96754167,12,Motor Vehicle In-Transport,1,Front-to-Rear,0,No,8,Driveway Access Related,1,Not an Intersection,1,On Roadway,0,None,1,Daylight,1,Clear,0,No,0000000,Not Applicable,8,8:00am-8:59am,42,42,8,8:00am-8:59am,44,44,9,9:00am-9:59am,12,12,1
36,New York,360583,0,0,1,1,0,1,1,29,ERIE (29),1770,EDEN,8,August,9,9,3,Tuesday,2022,2,2:00am-2:59am,12,12,BELKNAP RD,NA,5,Local Street - Township,2,Urban,7,Local,3,Town or Township Highway Agency,0,This section IS NOT on the NHS,0,No Special Jurisdiction,99998,Not Reported,42.6903,42.6903,-78.88468056,-78.88468056,1,Rollover/Overturn,0,The First Harmful Event was Not a Collision with a Motor Vehicle in Transport,0,No,1,Non-Junction,1,Not an Intersection,4,On Roadside,0,None,2,Dark - Not Lighted,2,Rain,0,No,0000000,Not Applicable,2,2:00am-2:59am,14,14,2,2:00am-2:59am,20,20,88,Not Applicable (Not Transported),88,Not Applicable (Not Transported),1
36,New York,360584,2,2,1,1,0,1,1,83,RENSSELAER (83),1648,EAST GREENBUSH,8,August,9,9,3,Tuesday,2022,20,8:00pm-8:59pm,43,43,US-9 AND 20,CR-57 PHILLIPS RD,2,US Highway,2,Urban,3,Principal Arterial - Other,1,State Highway Agency,1,This section IS ON the NHS,0,No Special Jurisdiction,99998,Not Reported,42.60509722,42.60509722,-73.71818611,-73.71818611,8,Pedestrian,0,The First Harmful Event was Not a Collision with a Motor Vehicle in Transport,0,No,3,Intersection-Related,2,Four-Way Intersection,1,On Roadway,0,None,2,Dark - Not Lighted,1,Clear,0,No,0000000,Not Applicable,20,8:00pm-8:59pm,45,45,20,8:00pm-8:59pm,48,48,21,9:00pm-9:59pm,9,9,2
36,New York,360585,0,0,2,2,0,3,3,1,ALBANY (1),1495,DELMAR,8,August,14,14,1,Sunday,2022,19,7:00pm-7:59pm,11,11,SR-396,CR-102,3,State Highway,2,Urban,3,Principal Arterial - Other,1,State Highway Agency,1,This section IS ON the NHS,0,No Special Jurisdiction,99998,Not Reported,42.53484444,42.53484444,-73.86913611,-73.86913611,12,Motor Vehicle In-Transport,6,Angle,0,No,2,Intersection,2,Four-Way Intersection,1,On Roadway,0,None,5,Dusk,1,Clear,0,No,0000000,Not Applicable,19,7:00pm-7:59pm,14,14,19,7:00pm-7:59pm,22,22,99,Unknown,99,Unknown EMS Hospital Arrival Time,1
36,New York,360586,0,0,2,2,0,3,3,81,QUEENS (81),4170,MIDDLE VILLAGE,8,August,19,19,6,Friday,2022,1,1:00am-1:59am,36,36,QUEENS PLAZA SOUTH,QUEENS BLVD,6,Local Street - Municipality,2,Urban,3,Principal Arterial - Other,4,City or Municipal Highway Agency,1,This section IS ON the NHS,0,No Special Jurisdiction,99998,Not Reported,40.74953056,40.74953056,-73.937725,-73.937725,12,Motor Vehicle In-Transport,6,Angle,0,No,2,Intersection,4,Y-Intersection,1,On Roadway,0,None,3,Dark - Lighted,10,Cloudy,0,No,0000000,Not Applicable,1,1:00am-1:59am,36,36,99,Unknown EMS Scene Arrival Hour,99,Unknown EMS Scene Arrival Minutes,99,Unknown,99,Unknown EMS Hospital Arrival Time,2
36,New York,360587,0,0,1,1,0,1,1,37,GENESEE (37),534,BETHANY,7,July,6,6,4,Wednesday,2022,18,6:00pm-6:59pm,50,50,SR-63 ELLICOTT STREET RD,CR-19B FARGO RD,3,State Highway,1,Rural,3,Principal Arterial - Other,1,State Highway Agency,1,This section IS ON the NHS,0,No Special Jurisdiction,99998,Not Reported,42.94294722,42.94294722,-78.11151944,-78.11151944,59,Traffic Sign Support,0,The First Harmful Event was Not a Collision with a Motor Vehicle in Transport,0,No,3,Intersection-Related,3,T-Intersection,8,Gore,0,None,1,Daylight,1,Clear,0,No,0000000,Not Applicable,18,6:00pm-6:59pm,57,57,19,7:00pm-7:59pm,14,14,88,Not Applicable (Not Transported),88,Not Applicable (Not Transported),1
36,New York,360588,0,0,2,2,0,3,3,75,OSWEGO (75),4660,PARISH,7,July,24,24,1,Sunday,2022,21,9:00pm-9:59pm,22,22,CR-26,KIPP RD,4,County Road,1,Rural,7,Local,2,County Highway Agency,0,This section IS NOT on the NHS,0,No Special Jurisdiction,99998,Not Reported,43.41634722,43.41634722,-76.07676111,-76.07676111,12,Motor Vehicle In-Transport,2,Front-to-Front,0,No,2,Intersection,3,T-Intersection,1,On Roadway,0,None,2,Dark - Not Lighted,10,Cloudy,0,No,0000000,Not Applicable,21,9:00pm-9:59pm,22,22,21,9:00pm-9:59pm,31,31,88,Not Applicable (Not Transported),88,Not Applicable (Not Transported),1
36,New York,360589,0,0,1,1,0,2,2,37,GENESEE (37),771,BYRON,7,July,24,24,1,Sunday,2022,20,8:00pm-8:59pm,16,16,COCKRAM RD,NA,5,Local Street - Township,1,Rural,7,Local,3,Town or Township Highway Agency,0,This section IS NOT on the NHS,0,No Special Jurisdiction,99998,Not Reported,43.06674167,43.06674167,-78.07811389,-78.07811389,11,Live Animal,0,The First Harmful Event was Not a Collision with a Motor Vehicle in Transport,0,No,1,Non-Junction,1,Not an Intersection,1,On Roadway,0,None,1,Daylight,1,Clear,0,No,0000000,Not Applicable,20,8:00pm-8:59pm,16,16,20,8:00pm-8:59pm,18,18,99,Unknown,99,Unknown EMS Hospital Arrival Time,1
36,New York,360590,0,0,2,2,0,2,2,1,ALBANY (1),1260,COHOES,7,July,31,31,1,Sunday,2022,8,8:00am-8:59am,14,14,SR-787,NA,3,State Highway,2,Urban,2,Principal Arterial - Other Freeways and Expressways,1,State Highway Agency,1,This section IS ON the NHS,0,No Special Jurisdiction,99998,Not Reported,42.75875833,42.75875833,-73.69819444,-73.69819444,12,Motor Vehicle In-Transport,7,Sideswipe - Same Direction,0,No,1,Non-Junction,1,Not an Intersection,1,On Roadway,0,None,1,Daylight,1,Clear,0,No,0000000,Not Applicable,8,8:00am-8:59am,15,15,8,8:00am-8:59am,17,17,8,8:00am-8:59am,35,35,1
36,New York,360591,0,0,1,1,0,1,1,45,JEFFERSON (45),90,ALEXANDRIA BAY,8,August,8,8,2,Monday,2022,19,7:00pm-7:59pm,8,8,BAILEY SETTLEMENT RD,NA,5,Local Street - Township,1,Rural,7,Local,3,Town or Township Highway Agency,0,This section IS NOT on the NHS,0,No Special Jurisdiction,99998,Not Reported,44.28449722,44.28449722,-75.93227778,-75.93227778,30,Utility Pole/Light Support,0,The First Harmful Event was Not a Collision with a Motor Vehicle in Transport,0,No,1,Non-Junction,1,Not an Intersection,4,On Roadside,0,None,1,Daylight,10,Cloudy,0,No,0000000,Not Applicable,19,7:00pm-7:59pm,8,8,19,7:00pm-7:59pm,22,22,19,7:00pm-7:59pm,37,37,1
36,New York,360592,0,0,3,3,0,4,4,27,DUTCHESS (27),6379,WAPPINSER,8,August,4,4,5,Thursday,2022,9,9:00am-9:59am,46,46,SR-9D,ALPINE DR,3,State Highway,2,Urban,3,Principal Arterial - Other,1,State Highway Agency,1,This section IS ON the NHS,0,No Special Jurisdiction,99998,Not Reported,41.57184444,41.57184444,-73.93344722,-73.93344722,12,Motor Vehicle In-Transport,6,Angle,0,No,2,Intersection,3,T-Intersection,1,On Roadway,0,None,1,Daylight,1,Clear,0,No,0000000,Not Applicable,9,9:00am-9:59am,46,46,9,9:00am-9:59am,46,46,88,Not Applicable (Not Transported),88,Not Applicable (Not Transported),1
36,New York,360593,0,0,2,2,0,2,2,105,SULLIVAN (105),6800,WURTSBORO,5,May,25,25,4,Wednesday,2022,18,6:00pm-6:59pm,0,0,SR-17,NA,3,State Highway,1,Rural,2,Principal Arterial - Other Freeways and Expressways,1,State Highway Agency,1,This section IS ON the NHS,0,No Special Jurisdiction,99998,Not Reported,41.56554722,41.56554722,-74.43105278,-74.43105278,12,Motor Vehicle In-Transport,1,Front-to-Rear,0,No,1,Non-Junction,1,Not an Intersection,1,On Roadway,0,None,1,Daylight,1,Clear,0,No,0000000,Not Applicable,18,6:00pm-6:59pm,0,0,18,6:00pm-6:59pm,2,2,18,6:00pm-6:59pm,15,15,1
36,New York,360594,0,0,1,1,0,1,1,59,NASSAU (59),3970,MUTTONTOWN,8,August,4,4,5,Thursday,2022,6,6:00am-6:59am,0,0,SR-25A NORTHERN BLVD,NA,3,State Highway,2,Urban,3,Principal Arterial - Other,1,State Highway Agency,1,This section IS ON the NHS,0,No Special Jurisdiction,99998,Not Reported,40.838075,40.838075,-73.55271944,-73.55271944,42,Tree (Standing Only),0,The First Harmful Event was Not a Collision with a Motor Vehicle in Transport,0,No,1,Non-Junction,1,Not an Intersection,4,On Roadside,0,None,1,Daylight,1,Clear,0,No,0000000,Not Applicable,6,6:00am-6:59am,0,0,6,6:00am-6:59am,4,4,88,Not Applicable (Not Transported),88,Not Applicable (Not Transported),1
36,New York,360595,0,0,2,2,0,2,2,29,ERIE (29),1286,COLLINS,8,August,11,11,5,Thursday,2022,12,12:00pm-12:59pm,45,45,SR-438,VERSAILLES PLANK RD,3,State Highway,1,Rural,5,Major Collector,62,Bureau of Indian Affairs,0,This section IS NOT on the NHS,3,Indian Reservation,99998,Not Reported,42.53264444,42.53264444,-78.98609444,-78.98609444,12,Motor Vehicle In-Transport,6,Angle,0,No,2,Intersection,2,Four-Way Intersection,1,On Roadway,0,None,1,Daylight,10,Cloudy,0,No,0000000,Not Applicable,12,12:00pm-12:59pm,46,46,12,12:00pm-12:59pm,48,48,99,Unknown,99,Unknown EMS Hospital Arrival Time,1
36,New York,360596,0,0,4,4,0,7,7,13,CHAUTAUQUA (13),1610,DUNKIRK,8,August,11,11,5,Thursday,2022,17,5:00pm-5:59pm,50,50,CR-155 CENTRAL AVE,HOWARD AVE,4,County Road,2,Urban,4,Minor Arterial,2,County Highway Agency,0,This section IS NOT on the NHS,0,No Special Jurisdiction,99998,Not Reported,42.088675,42.088675,-79.272825,-79.272825,12,Motor Vehicle In-Transport,1,Front-to-Rear,0,No,3,Intersection-Related,2,Four-Way Intersection,1,On Roadway,0,None,1,Daylight,1,Clear,0,No,0000000,Not Applicable,17,5:00pm-5:59pm,50,50,17,5:00pm-5:59pm,53,53,99,Unknown,99,Unknown EMS Hospital Arrival Time,2
36,New York,360597,1,1,1,1,0,2,2,1,ALBANY (1),1495,DELMAR,5,May,29,29,1,Sunday,2022,23,11:00pm-11:59pm,24,24,I-87,NA,1,Interstate,2,Urban,1,Interstate,1,State Highway Agency,1,This section IS ON the NHS,0,No Special Jurisdiction,99998,Not Reported,42.59815833,42.59815833,-73.78499722,-73.78499722,8,Pedestrian,0,The First Harmful Event was Not a Collision with a Motor Vehicle in Transport,0,No,1,Non-Junction,1,Not an Intersection,1,On Roadway,0,None,2,Dark - Not Lighted,1,Clear,0,No,0000000,Not Applicable,11,11:00am-11:59am,15,15,11,11:00am-11:59am,15,15,88,Not Applicable (Not Transported),88,Not Applicable (Not Transported),1
36,New York,360598,1,1,1,1,0,1,1,61,NEW YORK (61),4170,NEW YORK,8,August,12,12,6,Friday,2022,7,7:00am-7:59am,52,52,MORNINGSIDE AVE,W 125TH ST,6,Local Street - Municipality,2,Urban,5,Major Collector,4,City or Municipal Highway Agency,1,This section IS ON the NHS,0,No Special Jurisdiction,99998,Not Reported,40.81145556,40.81145556,-73.95391389,-73.95391389,15,Non-Motorist on Personal Conveyance,0,The First Harmful Event was Not a Collision with a Motor Vehicle in Transport,0,No,2,Intersection,2,Four-Way Intersection,1,On Roadway,0,None,1,Daylight,1,Clear,0,No,0000000,Not Applicable,7,7:00am-7:59am,51,51,7,7:00am-7:59am,55,55,99,Unknown,99,Unknown EMS Hospital Arrival Time,1
36,New York,360599,0,0,1,1,0,1,1,27,DUTCHESS (27),2000,FISHKILL,8,August,14,14,1,Sunday,2022,1,1:00am-1:59am,44,44,SR-9D,NA,3,State Highway,2,Urban,3,Principal Arterial - Other,1,State Highway Agency,1,This section IS ON the NHS,0,No Special Jurisdiction,99998,Not Reported,41.54456944,41.54456944,-73.94439722,-73.94439722,1,Rollover/Overturn,0,The First Harmful Event was Not a Collision with a Motor Vehicle in Transport,0,No,1,Non-Junction,1,Not an Intersection,4,On Roadside,0,None,2,Dark - Not Lighted,1,Clear,0,No,0000000,Not Applicable,8,8:00am-8:59am,55,55,8,8:00am-8:59am,56,56,88,Not Applicable (Not Transported),88,Not Applicable (Not Transported),1
36,New York,360600,0,0,3,3,0,10,10,71,ORANGE (71),2695,HIGHLAND MILLS,8,August,15,15,2,Monday,2022,20,8:00pm-8:59pm,3,3,US-6,NA,2,US Highway,1,Rural,3,Principal Arterial - Other,1,State Highway Agency,1,This section IS ON the NHS,0,No Special Jurisdiction,99998,Not Reported,41.32258889,41.32258889,-74.07256944,-74.07256944,12,Motor Vehicle In-Transport,2,Front-to-Front,0,No,1,Non-Junction,1,Not an Intersection,1,On Roadway,0,None,1,Daylight,1,Clear,0,No,0000000,Not Applicable,20,8:00pm-8:59pm,3,3,20,8:00pm-8:59pm,8,8,99,Unknown,99,Unknown EMS Hospital Arrival Time,1
36,New York,360601,0,0,1,1,0,1,1,11,CAYUGA (11),5633,SENNETT,8,August,19,19,6,Friday,2022,17,5:00pm-5:59pm,28,28,CR-83 FRANKLIN STREET RD,PARCELL RD,4,County Road,1,Rural,5,Major Collector,2,County Highway Agency,0,This section IS NOT on the NHS,0,No Special Jurisdiction,99998,Not Reported,42.957075,42.957075,-76.49139722,-76.49139722,30,Utility Pole/Light Support,0,The First Harmful Event was Not a Collision with a Motor Vehicle in Transport,0,No,3,Intersection-Related,3,T-Intersection,4,On Roadside,0,None,1,Daylight,1,Clear,0,No,0000000,Not Applicable,17,5:00pm-5:59pm,29,29,17,5:00pm-5:59pm,36,36,18,6:00pm-6:59pm,11,11,1
36,New York,360602,0,0,2,2,0,3,3,119,WESTCHESTER (119),4120,NEW ROCHELLE,6,June,18,18,7,Saturday,2022,8,8:00am-8:59am,41,41,QUAKER RIDGE RD,SUSSEX RD,5,Local Street - Township,2,Urban,7,Local,3,Town or Township Highway Agency,0,This section IS NOT on the NHS,0,No Special Jurisdiction,99998,Not Reported,40.95433889,40.95433889,-73.78139444,-73.78139444,12,Motor Vehicle In-Transport,6,Angle,0,No,2,Intersection,2,Four-Way Intersection,1,On Roadway,0,None,1,Daylight,1,Clear,0,No,0000000,Not Applicable,99,Unknown,99,Unknown,99,Unknown EMS Scene Arrival Hour,99,Unknown EMS Scene Arrival Minutes,99,Unknown,99,Unknown EMS Hospital Arrival Time,1
36,New York,360603,1,1,1,1,0,1,1,63,NIAGARA (63),4330,NORTH TONAWANDA,8,August,18,18,5,Thursday,2022,7,7:00am-7:59am,57,57,SR-425 SHAWNEE RD,NA,3,State Highway,2,Urban,4,Minor Arterial,1,State Highway Agency,0,This section IS NOT on the NHS,0,No Special Jurisdiction,99998,Not Reported,43.10248333,43.10248333,-78.83660278,-78.83660278,9,Pedalcyclist,0,The First Harmful Event was Not a Collision with a Motor Vehicle in Transport,0,No,1,Non-Junction,1,Not an Intersection,1,On Roadway,0,None,1,Daylight,1,Clear,0,No,0000000,Not Applicable,7,7:00am-7:59am,58,58,8,8:00am-8:59am,2,2,88,Not Applicable (Not Transported),88,Not Applicable (Not Transported),1
36,New York,360604,0,0,1,1,0,1,1,89,ST LAWRENCE (89),5339,RUSSELL,8,August,19,19,6,Friday,2022,2,2:00am-2:59am,52,52,CR-17,NA,4,County Road,1,Rural,6,Minor Collector,2,County Highway Agency,0,This section IS NOT on the NHS,0,No Special Jurisdiction,99998,Not Reported,44.46011667,44.46011667,-75.21483889,-75.21483889,35,Embankment,0,The First Harmful Event was Not a Collision with a Motor Vehicle in Transport,0,No,1,Non-Junction,1,Not an Intersection,4,On Roadside,0,None,2,Dark - Not Lighted,1,Clear,0,No,0000000,Not Applicable,2,2:00am-2:59am,54,54,3,3:00am-3:59am,15,15,88,Not Applicable (Not Transported),88,Not Applicable (Not Transported),1
36,New York,360605,0,0,1,1,0,2,2,63,NIAGARA (63),2564,HARTLAND,8,August,26,26,6,Friday,2022,1,1:00am-1:59am,22,22,SR-104 RIDGE RD,NA,3,State Highway,1,Rural,3,Principal Arterial - Other,1,State Highway Agency,1,This section IS ON the NHS,0,No Special Jurisdiction,99998,Not Reported,43.240125,43.240125,-78.59325,-78.59325,42,Tree (Standing Only),0,The First Harmful Event was Not a Collision with a Motor Vehicle in Transport,0,No,1,Non-Junction,1,Not an Intersection,4,On Roadside,0,None,2,Dark - Not Lighted,10,Cloudy,0,No,0000000,Not Applicable,1,1:00am-1:59am,22,22,1,1:00am-1:59am,27,27,99,Unknown,99,Unknown EMS Hospital Arrival Time,1