STATE,STATENAME,ST_CASE,PEDS,PERNOTMVIT,VE_TOTAL,VE_FORMS,PVH_INVL,PERSONS,PERMVIT,COUNTY,COUNTYNAME,CITY,CITYNAME,MONTH,MONTHNAME,DAY,DAYNAME,DAY_WEEK,DAY_WEEKNAME,YEAR,HOUR,HOURNAME,MINUTE,MINUTENAME,TWAY_ID,TWAY_ID2,ROUTE,ROUTENAME,RUR_URB,RUR_URBNAME,FUNC_SYS,FUNC_SYSNAME,RD_OWNER,RD_OWNERNAME,NHS,NHSNAME,SP_JUR,SP_JURNAME,MILEPT,MILEPTNAME,LATITUDE,LATITUDENAME,LONGITUD,LONGITUDNAME,HARM_EV,HARM_EVNAME,MAN_COLL,MAN_COLLNAME,RELJCT1,RELJCT1NAME,RELJCT2,RELJCT2NAME,TYP_INT,TYP_INTNAME,REL_ROAD,REL_ROADNAME,WRK_ZONE,WRK_ZONENAME,LGT_COND,LGT_CONDNAME,WEATHER,WEATHERNAME,SCH_BUS,SCH_BUSNAME,RAIL,RAILNAME,NOT_HOUR,NOT_HOURNAME,NOT_MIN,NOT_MINNAME,ARR_HOUR,ARR_HOURNAME,ARR_MIN,ARR_MINNAME,HOSP_HR,HOSP_HRNAME,HOSP_MN,HOSP_MNNAME,FATALS
36,New York,360606,2,2,1,1,0,1,1,81,QUEENS (81),4170,MIDDLE VILLAGE,8,August,20,20,7,Saturday,2022,18,6:00pm-6:59pm,17,17,147 ST,NA,6,Local Street - Municipality,2,Urban,7,Local,4,City or Municipal Highway Agency,0,This section IS NOT on the NHS,0,No Special Jurisdiction,99998,Not Reported,40.6795,40.6795,-73.79334167,-73.79334167,8,Pedestrian,0,The First Harmful Event was Not a Collision with a Motor Vehicle in Transport,0,No,1,Non-Junction,1,Not an Intersection,1,On Roadway,0,None,1,Daylight,1,Clear,0,No,0000000,Not Applicable,18,6:00pm-6:59pm,17,17,99,Unknown EMS Scene Arrival Hour,99,Unknown EMS Scene Arrival Minutes,18,6:00pm-6:59pm,51,51,1
36,New York,360607,0,0,1,1,0,3,3,103,SUFFOLK (103),5870,SOUTHOLD,8,August,20,20,7,Saturday,2022,5,5:00am-5:59am,49,49,WELLS RD,NA,5,Local Street - Township,2,Urban,7,Local,3,Town or Township Highway Agency,0,This section IS NOT on the NHS,0,No Special Jurisdiction,99998,Not Reported,40.97295556,40.97295556,-72.54041667,-72.54041667,42,Tree (Standing Only),0,The First Harmful Event was Not a Collision with a Motor Vehicle in Transport,0,No,1,Non-Junction,1,Not an Intersection,4,On Roadside,0,None,4,Dawn,1,Clear,0,No,0000000,Not Applicable,5,5:00am-5:59am,58,58,99,Unknown EMS Scene Arrival Hour,99,Unknown EMS Scene Arrival Minutes,99,Unknown,99,Unknown EMS Hospital Arrival Time,1
36,New York,360608,1,1,2,2,0,1,1,1,ALBANY (1),3680,MENANDS,8,August,27,27,7,Saturday,2022,7,7:00am-7:59am,23,23,I-787,NA,1,Interstate,2,Urban,1,Interstate,1,State Highway Agency,1,This section IS ON the NHS,0,No Special Jurisdiction,99998,Not Reported,42.68654722,42.68654722,-73.71842778,-73.71842778,8,Pedestrian,0,The First Harmful Event was Not a Collision with a Motor Vehicle in Transport,0,No,1,Non-Junction,1,Not an Intersection,1,On Roadway,0,None,1,Daylight,10,Cloudy,0,No,0000000,Not Applicable,7,7:00am-7:59am,33,33,7,7:00am-7:59am,34,34,7,7:00am-7:59am,56,56,1
36,New York,360609,0,0,3,3,0,3,3,47,KINGS (47),4170,NEW YORK CITY,8,August,23,23,3,Tuesday,2022,3,3:00am-3:59am,56,56,SR-907C BELT PKWY,NA,3,State Highway,2,Urban,2,Principal Arterial - Other Freeways and Expressways,1,State Highway Agency,1,This section IS ON the NHS,0,No Special Jurisdiction,99998,Not Reported,40.60199167,40.60199167,-74.01298056,-74.01298056,1,Rollover/Overturn,0,The First Harmful Event was Not a Collision with a Motor Vehicle in Transport,0,No,1,Non-Junction,1,Not an Intersection,1,On Roadway,0,None,3,Dark - Lighted,1,Clear,0,No,0000000,Not Applicable,99,Unknown,99,Unknown,99,Unknown EMS Scene Arrival Hour,99,Unknown EMS Scene Arrival Minutes,88,Not Applicable (Not Transported),88,Not Applicable (Not Transported),1
36,New York,360610,0,0,1,1,0,1,1,33,FRANKLIN (33),4685,PAUL SMITHS,6,June,12,12,1,Sunday,2022,10,10:00am-10:59am,58,58,SR-30,NA,3,State Highway,1,Rural,4,Minor Arterial,1,State Highway Agency,0,This section IS NOT on the NHS,0,No Special Jurisdiction,99998,Not Reported,99.9999,99.9999,999.9999,999.9999,43,Other Fixed Object,0,The First Harmful Event was Not a Collision with a Motor Vehicle in Transport,0,No,1,Non-Junction,1,Not an Intersection,4,On Roadside,0,None,1,Daylight,10,Cloudy,0,No,0000000,Not Applicable,99,Unknown,99,Unknown,99,Unknown EMS Scene Arrival Hour,99,Unknown EMS Scene Arrival Minutes,88,Not Applicable (Not Transported),88,Not Applicable (Not Transported),1
36,New York,360612,1,1,1,1,0,1,1,71,ORANGE (71),1431,CUDDEBACKVILLE,8,August,12,12,6,Friday,2022,21,9:00pm-9:59pm,16,16,CR-80 NEVERSINK DR,NA,4,County Road,2,Urban,7,Local,2,County Highway Agency,0,This section IS NOT on the NHS,0,No Special Jurisdiction,99998,Not Reported,41.36946667,41.36946667,-74.66946667,-74.66946667,8,Pedestrian,0,The First Harmful Event was Not a Collision with a Motor Vehicle in Transport,0,No,1,Non-Junction,1,Not an Intersection,1,On Roadway,0,None,2,Dark - Not Lighted,1,Clear,0,No,0000000,Not Applicable,21,9:00pm-9:59pm,54,54,21,9:00pm-9:59pm,57,57,22,10:00pm-10:59pm,24,24,1
36,New York,360613,1,1,1,1,0,1,1,55,MONROE (55),5230,ROCHESTER,8,August,21,21,1,Sunday,2022,3,3:00am-3:59am,14,14,SR-940T INNER LOOP,NA,3,State Highway,2,Urban,2,Principal Arterial - Other Freeways and Expressways,1,State Highway Agency,1,This section IS ON the NHS,0,No Special Jurisdiction,99998,Not Reported,43.16141111,43.16141111,-77.60514167,-77.60514167,8,Pedestrian,0,The First Harmful Event was Not a Collision with a Motor Vehicle in Transport,0,No,1,Non-Junction,1,Not an Intersection,1,On Roadway,0,None,3,Dark - Lighted,10,Cloudy,0,No,0000000,Not Applicable,3,3:00am-3:59am,14,14,3,3:00am-3:59am,19,19,88,Not Applicable (Not Transported),88,Not Applicable (Not Transported),1
36,New York,360614,1,1,1,1,0,1,1,59,NASSAU (59),2600,HEMPSTEAD,8,August,23,23,3,Tuesday,2022,1,1:00am-1:59am,15,15,STEWART AVE,QUENTIN ROOSEVELT BLVD,5,Local Street - Township,2,Urban,4,Minor Arterial,3,Town or Township Highway Agency,0,This section IS NOT on the NHS,0,No Special Jurisdiction,99998,Not Reported,40.7331,40.7331,-73.60514722,-73.60514722,8,Pedestrian,0,The First Harmful Event was Not a Collision with a Motor Vehicle in Transport,0,No,3,Intersection-Related,2,Four-Way Intersection,1,On Roadway,0,None,3,Dark - Lighted,1,Clear,0,No,0000000,Not Applicable,1,1:00am-1:59am,16,16,1,1:00am-1:59am,32,32,1,1:00am-1:59am,34,34,1
36,New York,360615,0,0,2,2,0,2,2,71,ORANGE (71),2320,GOSHEN,6,June,17,17,6,Friday,2022,9,9:00am-9:59am,27,27,SR-17,NA,3,State Highway,2,Urban,2,Principal Arterial - Other Freeways and Expressways,1,State Highway Agency,1,This section IS ON the NHS,0,No Special Jurisdiction,99998,Not Reported,99.9999,99.9999,999.9999,999.9999,24,Guardrail Face,0,The First Harmful Event was Not a Collision with a Motor Vehicle in Transport,0,No,1,Non-Junction,1,Not an Intersection,3,On Median,0,None,1,Daylight,1,Clear,0,No,0000000,Not Applicable,10,10:00am-10:59am,58,58,10,10:00am-10:59am,58,58,10,10:00am-10:59am,58,58,1
36,New York,360616,0,0,3,2,1,4,4,5,BRONX (5),4170,NEW YORK CITY,8,August,25,25,5,Thursday,2022,5,5:00am-5:59am,16,16,E 161 ST,RIVER AVE,6,Local Street - Municipality,2,Urban,3,Principal Arterial - Other,4,City or Municipal Highway Agency,1,This section IS ON the NHS,0,No Special Jurisdiction,99998,Not Reported,40.82766667,40.82766667,-73.92607778,-73.92607778,12,Motor Vehicle In-Transport,6,Angle,0,No,2,Intersection,2,Four-Way Intersection,1,On Roadway,0,None,4,Dawn,1,Clear,0,No,0000000,Not Applicable,99,Unknown,99,Unknown,99,Unknown EMS Scene Arrival Hour,99,Unknown EMS Scene Arrival Minutes,99,Unknown,99,Unknown EMS Hospital Arrival Time,1
36,New York,360617,0,0,1,1,0,5,5,67,ONONDAGA (67),1179,CLAY,6,June,1,1,4,Wednesday,2022,19,7:00pm-7:59pm,35,35,CR-121 HENRY CLAY BLVD,NA,4,County Road,2,Urban,5,Major Collector,2,County Highway Agency,0,This section IS NOT on the NHS,0,No Special Jurisdiction,99998,Not Reported,43.15710278,43.15710278,-76.19340556,-76.19340556,35,Embankment,0,The First Harmful Event was Not a Collision with a Motor Vehicle in Transport,0,No,1,Non-Junction,1,Not an Intersection,4,On Roadside,0,None,1,Daylight,10,Cloudy,0,No,0000000,Not Applicable,19,7:00pm-7:59pm,35,35,19,7:00pm-7:59pm,40,40,99,Unknown,99,Unknown EMS Hospital Arrival Time,1
36,New York,360618,0,0,2,1,1,1,1,103,SUFFOLK (103),5210,RIVERHEAD,8,August,19,19,6,Friday,2022,17,5:00pm-5:59pm,39,39,SR-25 MIDDLE COUNTRY RD,NA,3,State Highway,2,Urban,3,Principal Arterial - Other,1,State Highway Agency,1,This section IS ON the NHS,0,No Special Jurisdiction,99998,Not Reported,40.92826389,40.92826389,-72.78507778,-72.78507778,14,Parked Motor Vehicle,0,The First Harmful Event was Not a Collision with a Motor Vehicle in Transport,0,No,1,Non-Junction,1,Not an Intersection,2,On Shoulder,0,None,1,Daylight,1,Clear,0,No,0000000,Not Applicable,17,5:00pm-5:59pm,39,39,17,5:00pm-5:59pm,46,46,19,7:00pm-7:59pm,11,11,1
36,New York,360619,0,0,2,2,0,4,4,71,ORANGE (71),3840,MONTGOMERY,7,July,9,9,7,Saturday,2022,0,0:00am-0:59am,44,44,SR-52,NA,3,State Highway,2,Urban,4,Minor Arterial,1,State Highway Agency,0,This section IS NOT on the NHS,0,No Special Jurisdiction,99998,Not Reported,41.55464167,41.55464167,-74.14307222,-74.14307222,12,Motor Vehicle In-Transport,1,Front-to-Rear,0,No,1,Non-Junction,1,Not an Intersection,1,On Roadway,0,None,2,Dark - Not Lighted,10,Cloudy,0,No,0000000,Not Applicable,0,0:00am-0:59am,44,44,0,0:00am-0:59am,58,58,99,Unknown,99,Unknown EMS Hospital Arrival Time,1
36,New York,360620,0,0,1,1,0,1,1,19,CLINTON (19),4767,PERU,7,July,15,15,6,Friday,2022,19,7:00pm-7:59pm,36,36,JARVIS RD,NA,5,Local Street - Township,1,Rural,7,Local,3,Town or Township Highway Agency,0,This section IS NOT on the NHS,0,No Special Jurisdiction,99998,Not Reported,44.57654167,44.57654167,-73.53669444,-73.53669444,42,Tree (Standing Only),0,The First Harmful Event was Not a Collision with a Motor Vehicle in Transport,0,No,1,Non-Junction,1,Not an Intersection,4,On Roadside,0,None,1,Daylight,1,Clear,0,No,0000000,Not Applicable,99,Unknown,99,Unknown,99,Unknown EMS Scene Arrival Hour,99,Unknown EMS Scene Arrival Minutes,99,Unknown,99,Unknown EMS Hospital Arrival Time,1
36,New York,360621,0,0,2,2,0,4,4,81,QUEENS (81),4170,MIDDLE VILLAGE,8,August,26,26,6,Friday,2022,5,5:00am-5:59am,4,4,SR-907M GRAND CENTRAL PKWY,NA,3,State Highway,2,Urban,2,Principal Arterial - Other Freeways and Expressways,1,State Highway Agency,1,This section IS ON the NHS,0,No Special Jurisdiction,99998,Not Reported,40.771175,40.771175,-73.87790278,-73.87790278,1,Rollover/Overturn,0,The First Harmful Event was Not a Collision with a Motor Vehicle in Transport,0,No,1,Non-Junction,1,Not an Intersection,1,On Roadway,0,None,3,Dark - Lighted,1,Clear,0,No,0000000,Not Applicable,5,5:00am-5:59am,4,4,5,5:00am-5:59am,30,30,88,Not Applicable (Not Transported),88,Not Applicable (Not Transported),1
36,New York,360622,1,1,1,1,0,1,1,47,KINGS (47),4170,NEW YORK CITY,8,August,30,30,3,Tuesday,2022,16,4:00pm-4:59pm,25,25,PENNSYLVANIA AVE,SR-27 LINDEN BLVD,6,Local Street - Municipality,2,Urban,3,Principal Arterial - Other,4,City or Municipal Highway Agency,1,This section IS ON the NHS,0,No Special Jurisdiction,0,None,40.65869722,40.65869722,-73.89084167,-73.89084167,9,Pedalcyclist,0,The First Harmful Event was Not a Collision with a Motor Vehicle in Transport,0,No,3,Intersection-Related,2,Four-Way Intersection,1,On Roadway,0,None,1,Daylight,1,Clear,0,No,0000000,Not Applicable,16,4:00pm-4:59pm,25,25,16,4:00pm-4:59pm,30,30,16,4:00pm-4:59pm,35,35,1
36,New York,360623,1,1,1,1,0,1,1,47,KINGS (47),4170,NEW YORK CITY,8,August,20,20,7,Saturday,2022,12,12:00pm-12:59pm,30,30,18TH AVE,74TH ST,6,Local Street - Municipality,2,Urban,4,Minor Arterial,4,City or Municipal Highway Agency,0,This section IS NOT on the NHS,0,No Special Jurisdiction,0,None,40.61408611,40.61408611,-73.99532778,-73.99532778,15,Non-Motorist on Personal Conveyance,0,The First Harmful Event was Not a Collision with a Motor Vehicle in Transport,0,No,3,Intersection-Related,2,Four-Way Intersection,1,On Roadway,0,None,1,Daylight,1,Clear,0,No,0000000,Not Applicable,99,Unknown,99,Unknown,99,Unknown EMS Scene Arrival Hour,99,Unknown EMS Scene Arrival Minutes,99,Unknown,99,Unknown EMS Hospital Arrival Time,1
36,New York,360624,0,0,3,3,0,4,4,55,MONROE (55),6510,WEBSTER,8,August,19,19,6,Friday,2022,20,8:00pm-8:59pm,8,8,SR-250 MILL CREEK RUN,WEBSTER RD,3,State Highway,2,Urban,4,Minor Arterial,1,State Highway Agency,0,This section IS NOT on the NHS,0,No Special Jurisdiction,99998,Not Reported,43.22911111,43.22911111,-77.42853889,-77.42853889,12,Motor Vehicle In-Transport,6,Angle,0,No,2,Intersection,2,Four-Way Intersection,1,On Roadway,0,None,1,Daylight,1,Clear,0,No,0000000,Not Applicable,20,8:00pm-8:59pm,9,9,20,8:00pm-8:59pm,14,14,20,8:00pm-8:59pm,51,51,1
36,New York,360625,0,0,1,1,0,1,1,53,MADISON (53),1222,CLOCKVILLE,8,August,29,29,2,Monday,2022,11,11:00am-11:59am,26,26,CR-29 CREEK RD,NA,4,County Road,1,Rural,7,Local,2,County Highway Agency,0,This section IS NOT on the NHS,0,No Special Jurisdiction,99998,Not Reported,43.05748611,43.05748611,-75.69935833,-75.69935833,30,Utility Pole/Light Support,0,The First Harmful Event was Not a Collision with a Motor Vehicle in Transport,0,No,1,Non-Junction,1,Not an Intersection,4,On Roadside,0,None,1,Daylight,1,Clear,0,No,0000000,Not Applicable,11,11:00am-11:59am,26,26,11,11:00am-11:59am,32,32,11,11:00am-11:59am,51,51,1
36,New York,360626,0,0,3,3,0,4,4,87,ROCKLAND (87),5930,SPRING VALLEY,6,June,10,10,6,Friday,2022,18,6:00pm-6:59pm,9,9,SR-45,CR-86 NEW HEMPSTEAD RD,3,State Highway,2,Urban,3,Principal Arterial - Other,1,State Highway Agency,1,This section IS ON the NHS,0,No Special Jurisdiction,99998,Not Reported,41.14956944,41.14956944,-74.03378611,-74.03378611,12,Motor Vehicle In-Transport,6,Angle,0,No,2,Intersection,2,Four-Way Intersection,1,On Roadway,0,None,1,Daylight,1,Clear,0,No,0000000,Not Applicable,18,6:00pm-6:59pm,9,9,18,6:00pm-6:59pm,24,24,18,6:00pm-6:59pm,42,42,1
36,New York,360627,1,1,1,1,0,1,1,81,QUEENS (81),4170,MIDDLE VILLAGE,9,September,1,1,5,Thursday,2022,17,5:00pm-5:59pm,28,28,100 ST,MCINTOSH ST,6,Local Street - Municipality,2,Urban,7,Local,4,City or Municipal Highway Agency,0,This section IS NOT on the NHS,0,No Special Jurisdiction,99998,Not Reported,40.76423333,40.76423333,-73.86973889,-73.86973889,8,Pedestrian,0,The First Harmful Event was Not a Collision with a Motor Vehicle in Transport,1,Yes,3,Intersection-Related,3,T-Intersection,1,On Roadway,0,None,1,Daylight,1,Clear,0,No,0000000,Not Applicable,99,Unknown,99,Unknown,99,Unknown EMS Scene Arrival Hour,99,Unknown EMS Scene Arrival Minutes,99,Unknown,99,Unknown EMS Hospital Arrival Time,1
36,New York,360628,0,0,2,2,0,2,2,103,SUFFOLK (103),5810,SOUTHAMPTON,7,July,12,12,3,Tuesday,2022,5,5:00am-5:59am,49,49,CR-104 RIVERLEIGH AVE,PINE ST,4,County Road,2,Urban,4,Minor Arterial,2,County Highway Agency,0,This section IS NOT on the NHS,0,No Special Jurisdiction,99998,Not Reported,40.91176389,40.91176389,-72.66053333,-72.66053333,12,Motor Vehicle In-Transport,6,Angle,0,No,2,Intersection,3,T-Intersection,1,On Roadway,0,None,1,Daylight,1,Clear,0,No,0000000,Not Applicable,5,5:00am-5:59am,49,49,5,5:00am-5:59am,52,52,88,Not Applicable (Not Transported),88,Not Applicable (Not Transported),1
36,New York,360629,0,0,2,2,0,2,2,105,SULLIVAN (105),6800,WURTSBORO,7,July,15,15,6,Friday,2022,7,7:00am-7:59am,45,45,US-209,NA,2,US Highway,2,Urban,3,Principal Arterial - Other,1,State Highway Agency,1,This section IS ON the NHS,0,No Special Jurisdiction,99998,Not Reported,41.59433333,41.59433333,-74.47034167,-74.47034167,12,Motor Vehicle In-Transport,2,Front-to-Front,0,No,1,Non-Junction,1,Not an Intersection,1,On Roadway,0,None,1,Daylight,1,Clear,0,No,0000000,Not Applicable,7,7:00am-7:59am,45,45,7,7:00am-7:59am,51,51,99,Unknown,99,Unknown EMS Hospital Arrival Time,1
36,New York,360630,0,0,2,1,1,1,1,117,WAYNE (117),4030,NEWARK,8,August,7,7,1,Sunday,2022,19,7:00pm-7:59pm,52,52,SR-88,NA,3,State Highway,1,Rural,5,Major Collector,1,State Highway Agency,0,This section IS NOT on the NHS,0,No Special Jurisdiction,99998,Not Reported,43.13851389,43.13851389,-77.0805,-77.0805,34,Ditch,0,The First Harmful Event was Not a Collision with a Motor Vehicle in Transport,0,No,1,Non-Junction,1,Not an Intersection,4,On Roadside,0,None,1,Daylight,1,Clear,0,No,0000000,Not Applicable,19,7:00pm-7:59pm,52,52,99,Unknown EMS Scene Arrival Hour,99,Unknown EMS Scene Arrival Minutes,88,Not Applicable (Not Transported),88,Not Applicable (Not Transported),1
36,New York,360631,0,0,2,2,0,2,2,87,ROCKLAND (87),4063,NEW CITY,8,August,15,15,2,Monday,2022,16,4:00pm-4:59pm,55,55,SR-304,W NYACK RD,3,State Highway,2,Urban,3,Principal Arterial - Other,1,State Highway Agency,1,This section IS ON the NHS,0,No Special Jurisdiction,99998,Not Reported,41.09729722,41.09729722,-73.99781111,-73.99781111,12,Motor Vehicle In-Transport,6,Angle,0,No,2,Intersection,2,Four-Way Intersection,1,On Roadway,0,None,1,Daylight,1,Clear,0,No,0000000,Not Applicable,16,4:00pm-4:59pm,55,55,16,4:00pm-4:59pm,59,59,17,5:00pm-5:59pm,25,25,1
36,New York,360632,0,0,1,1,0,1,1,27,DUTCHESS (27),2000,FISHKILL,7,July,31,31,1,Sunday,2022,3,3:00am-3:59am,46,46,SR-987G TACONIC STATE PKY RAMP,NA,3,State Highway,2,Urban,2,Principal Arterial - Other Freeways and Expressways,1,State Highway Agency,1,This section IS ON the NHS,0,No Special Jurisdiction,99998,Not Reported,41.54158056,41.54158056,-73.77318056,-73.77318056,31,"Post, Pole or Other Supports",0,The First Harmful Event was Not a Collision with a Motor Vehicle in Transport,1,Yes,5,Entrance/Exit Ramp Related,1,Not an Intersection,8,Gore,0,None,2,Dark - Not Lighted,98,Not Reported,0,No,0000000,Not Applicable,13,1:00pm-1:59pm,56,56,13,1:00pm-1:59pm,56,56,88,Not Applicable (Not Transported),88,Not Applicable (Not Transported),1
36,New York,360633,0,0,1,1,0,1,1,65,ONEIDA (65),3198,LEE,8,August,16,16,3,Tuesday,2022,6,6:00am-6:59am,55,55,BROOKFIELD RD,NA,5,Local Street - Township,1,Rural,7,Local,3,Town or Township Highway Agency,0,This section IS NOT on the NHS,0,No Special Jurisdiction,99998,Not Reported,43.29891944,43.29891944,-75.5495,-75.5495,53,Mail Box,0,The First Harmful Event was Not a Collision with a Motor Vehicle in Transport,0,No,1,Non-Junction,1,Not an Intersection,4,On Roadside,0,None,1,Daylight,1,Clear,0,No,0000000,Not Applicable,6,6:00am-6:59am,55,55,7,7:00am-7:59am,6,6,88,Not Applicable (Not Transported),88,Not Applicable (Not Transported),1
36,New York,360634,0,0,1,1,0,1,1,87,ROCKLAND (87),5980,STONY POINT,8,August,23,23,3,Tuesday,2022,20,8:00pm-8:59pm,21,21,SR-987C,NA,3,State Highway,2,Urban,2,Principal Arterial - Other Freeways and Expressways,1,State Highway Agency,1,This section IS ON the NHS,0,No Special Jurisdiction,99998,Not Reported,41.27661389,41.27661389,-74.03086944,-74.03086944,24,Guardrail Face,0,The First Harmful Event was Not a Collision with a Motor Vehicle in Transport,0,No,1,Non-Junction,1,Not an Intersection,3,On Median,0,None,2,Dark - Not Lighted,1,Clear,0,No,0000000,Not Applicable,20,8:00pm-8:59pm,26,26,20,8:00pm-8:59pm,43,43,21,9:00pm-9:59pm,32,32,1
36,New York,360635,1,1,1,1,0,1,1,55,MONROE (55),5230,ROCHESTER,8,August,22,22,2,Monday,2022,15,3:00pm-3:59pm,37,37,SR-31 LYELL AVE,GLIDE ST,3,State Highway,2,Urban,4,Minor Arterial,1,State Highway Agency,0,This section IS NOT on the NHS,0,No Special Jurisdiction,99998,Not Reported,43.16463333,43.16463333,-77.65426667,-77.65426667,8,Pedestrian,0,The First Harmful Event was Not a Collision with a Motor Vehicle in Transport,0,No,3,Intersection-Related,2,Four-Way Intersection,1,On Roadway,0,None,1,Daylight,10,Cloudy,0,No,0000000,Not Applicable,15,3:00pm-3:59pm,38,38,15,3:00pm-3:59pm,44,44,88,Not Applicable (Not Transported),88,Not Applicable (Not Transported),1
36,New York,360636,1,1,1,1,0,1,1,61,NEW YORK (61),4170,NEW YORK,8,August,24,24,4,Wednesday,2022,11,11:00am-11:59am,5,5,CHURCH ST,THOMAS ST,6,Local Street - Municipality,2,Urban,3,Principal Arterial - Other,1,State Highway Agency,1,This section IS ON the NHS,0,No Special Jurisdiction,99998,Not Reported,40.71656944,40.71656944,-74.00677778,-74.00677778,15,Non-Motorist on Personal Conveyance,0,The First Harmful Event was Not a Collision with a Motor Vehicle in Transport,0,No,2,Intersection,2,Four-Way Intersection,1,On Roadway,0,None,1,Daylight,1,Clear,0,No,0000000,Not Applicable,99,Unknown,99,Unknown,99,Unknown EMS Scene Arrival Hour,99,Unknown EMS Scene Arrival Minutes,99,Unknown,99,Unknown EMS Hospital Arrival Time,1
36,New York,360637,0,0,1,1,0,1,1,49,LEWIS (49),2560,HARRISVILLE,8,August,29,29,2,Monday,2022,21,9:00pm-9:59pm,22,22,NORTH SHORE RD,NA,5,Local Street - Township,1,Rural,6,Minor Collector,3,Town or Township Highway Agency,0,This section IS NOT on the NHS,0,No Special Jurisdiction,99998,Not Reported,44.15816111,44.15816111,-75.37779722,-75.37779722,35,Embankment,0,The First Harmful Event was Not a Collision with a Motor Vehicle in Transport,0,No,1,Non-Junction,1,Not an Intersection,4,On Roadside,0,None,2,Dark - Not Lighted,2,Rain,0,No,0000000,Not Applicable,21,9:00pm-9:59pm,27,27,21,9:00pm-9:59pm,37,37,22,10:00pm-10:59pm,39,39,1
36,New York,360638,0,0,1,1,0,2,2,13,CHAUTAUQUA (13),2267,GERRY,9,September,1,1,5,Thursday,2022,10,10:00am-10:59am,26,26,SR-60 N MAIN ST EXTENSION,NA,3,State Highway,1,Rural,3,Principal Arterial - Other,1,State Highway Agency,1,This section IS ON the NHS,0,No Special Jurisdiction,99998,Not Reported,42.17585,42.17585,-79.25471389,-79.25471389,32,Culvert,0,The First Harmful Event was Not a Collision with a Motor Vehicle in Transport,0,No,1,Non-Junction,1,Not an Intersection,4,On Roadside,0,None,1,Daylight,1,Clear,0,No,0000000,Not Applicable,10,10:00am-10:59am,27,27,10,10:00am-10:59am,31,31,99,Unknown,99,Unknown EMS Hospital Arrival Time,1
36,New York,360639,0,0,2,2,0,2,2,55,MONROE (55),5230,ROCHESTER,8,August,27,27,7,Saturday,2022,23,11:00pm-11:59pm,59,59,UPPER FALLS BLVD,JOSEPH AVE,6,Local Street - Municipality,2,Urban,4,Minor Arterial,4,City or Municipal Highway Agency,0,This section IS NOT on the NHS,0,No Special Jurisdiction,99998,Not Reported,43.17098056,43.17098056,-77.60752778,-77.60752778,12,Motor Vehicle In-Transport,6,Angle,0,No,2,Intersection,2,Four-Way Intersection,1,On Roadway,0,None,2,Dark - Not Lighted,1,Clear,0,No,0000000,Not Applicable,23,11:00pm-11:59pm,59,59,0,0:00am-0:59am,8,8,0,0:00am-0:59am,18,18,1
36,New York,360640,0,0,1,1,0,1,1,39,GREENE (39),2830,HUNTER,8,August,28,28,1,Sunday,2022,18,6:00pm-6:59pm,36,36,SR-23A,NA,3,State Highway,1,Rural,5,Major Collector,1,State Highway Agency,0,This section IS NOT on the NHS,0,No Special Jurisdiction,99998,Not Reported,42.19006944,42.19006944,-74.07460833,-74.07460833,24,Guardrail Face,0,The First Harmful Event was Not a Collision with a Motor Vehicle in Transport,0,No,1,Non-Junction,1,Not an Intersection,4,On Roadside,0,None,1,Daylight,1,Clear,0,No,0000000,Not Applicable,18,6:00pm-6:59pm,41,41,18,6:00pm-6:59pm,41,41,19,7:00pm-7:59pm,45,45,1
36,New York,360641,1,1,1,1,0,1,1,47,KINGS (47),4170,NEW YORK CITY,9,September,2,2,6,Friday,2022,23,11:00pm-11:59pm,24,24,SR-907C BELT PKWY,NA,3,State Highway,2,Urban,2,Principal Arterial - Other Freeways and Expressways,1,State Highway Agency,1,This section IS ON the NHS,0,No Special Jurisdiction,99998,Not Reported,40.58585278,40.58585278,-73.93795,-73.93795,8,Pedestrian,0,The First Harmful Event was Not a Collision with a Motor Vehicle in Transport,0,No,1,Non-Junction,1,Not an Intersection,1,On Roadway,0,None,2,Dark - Not Lighted,1,Clear,0,No,0000000,Not Applicable,99,Unknown,99,Unknown,99,Unknown EMS Scene Arrival Hour,99,Unknown EMS Scene Arrival Minutes,99,Unknown,99,Unknown EMS Hospital Arrival Time,1