STATE,STATENAME,ST_CASE,PEDS,PERNOTMVIT,VE_TOTAL,VE_FORMS,PVH_INVL,PERSONS,PERMVIT,COUNTY,COUNTYNAME,CITY,CITYNAME,MONTH,MONTHNAME,DAY,DAYNAME,DAY_WEEK,DAY_WEEKNAME,YEAR,HOUR,HOURNAME,MINUTE,MINUTENAME,TWAY_ID,TWAY_ID2,ROUTE,ROUTENAME,RUR_URB,RUR_URBNAME,FUNC_SYS,FUNC_SYSNAME,RD_OWNER,RD_OWNERNAME,NHS,NHSNAME,SP_JUR,SP_JURNAME,MILEPT,MILEPTNAME,LATITUDE,LATITUDENAME,LONGITUD,LONGITUDNAME,HARM_EV,HARM_EVNAME,MAN_COLL,MAN_COLLNAME,RELJCT1,RELJCT1NAME,RELJCT2,RELJCT2NAME,TYP_INT,TYP_INTNAME,REL_ROAD,REL_ROADNAME,WRK_ZONE,WRK_ZONENAME,LGT_COND,LGT_CONDNAME,WEATHER,WEATHERNAME,SCH_BUS,SCH_BUSNAME,RAIL,RAILNAME,NOT_HOUR,NOT_HOURNAME,NOT_MIN,NOT_MINNAME,ARR_HOUR,ARR_HOURNAME,ARR_MIN,ARR_MINNAME,HOSP_HR,HOSP_HRNAME,HOSP_MN,HOSP_MNNAME,FATALS
36,New York,360642,1,1,1,1,0,1,1,61,NEW YORK (61),4170,NEW YORK,9,September,4,4,1,Sunday,2022,2,2:00am-2:59am,42,42,RIVERSIDE DR,W 147 ST,6,Local Street - Municipality,2,Urban,4,Minor Arterial,1,State Highway Agency,0,This section IS NOT on the NHS,0,No Special Jurisdiction,99998,Not Reported,40.82833333,40.82833333,-73.95075278,-73.95075278,8,Pedestrian,0,The First Harmful Event was Not a Collision with a Motor Vehicle in Transport,0,No,3,Intersection-Related,2,Four-Way Intersection,1,On Roadway,0,None,3,Dark - Lighted,1,Clear,0,No,0000000,Not Applicable,99,Unknown,99,Unknown,99,Unknown EMS Scene Arrival Hour,99,Unknown EMS Scene Arrival Minutes,99,Unknown,99,Unknown EMS Hospital Arrival Time,1
36,New York,360643,0,0,1,1,0,1,1,103,SUFFOLK (103),5870,SOUTHOLD,9,September,4,4,1,Sunday,2022,1,1:00am-1:59am,45,45,CR-48,NA,4,County Road,2,Urban,3,Principal Arterial - Other,2,County Highway Agency,1,This section IS ON the NHS,0,No Special Jurisdiction,99998,Not Reported,41.03068889,41.03068889,-72.49561389,-72.49561389,30,Utility Pole/Light Support,0,The First Harmful Event was Not a Collision with a Motor Vehicle in Transport,0,No,1,Non-Junction,1,Not an Intersection,4,On Roadside,0,None,3,Dark - Lighted,1,Clear,0,No,0000000,Not Applicable,1,1:00am-1:59am,45,45,1,1:00am-1:59am,46,46,2,2:00am-2:59am,32,32,1
36,New York,360644,1,1,1,1,0,1,1,5,BRONX (5),4170,NEW YORK CITY,9,September,5,5,2,Monday,2022,0,0:00am-0:59am,32,32,E 138TH ST,WALNUT AVE,6,Local Street - Municipality,2,Urban,7,Local,4,City or Municipal Highway Agency,0,This section IS NOT on the NHS,0,No Special Jurisdiction,0,None,40.80275278,40.80275278,-73.90829722,-73.90829722,8,Pedestrian,0,The First Harmful Event was Not a Collision with a Motor Vehicle in Transport,0,No,3,Intersection-Related,2,Four-Way Intersection,1,On Roadway,0,None,3,Dark - Lighted,10,Cloudy,0,No,0000000,Not Applicable,99,Unknown,99,Unknown,99,Unknown EMS Scene Arrival Hour,99,Unknown EMS Scene Arrival Minutes,88,Not Applicable (Not Transported),88,Not Applicable (Not Transported),1
36,New York,360645,1,1,2,1,1,1,1,47,KINGS (47),4170,NEW YORK CITY,9,September,4,4,1,Sunday,2022,23,11:00pm-11:59pm,31,31,AVE M,NA,6,Local Street - Municipality,2,Urban,7,Local,4,City or Municipal Highway Agency,0,This section IS NOT on the NHS,0,No Special Jurisdiction,0,None,40.634625,40.634625,-73.89713611,-73.89713611,8,Pedestrian,0,The First Harmful Event was Not a Collision with a Motor Vehicle in Transport,0,No,1,Non-Junction,1,Not an Intersection,1,On Roadway,0,None,3,Dark - Lighted,2,Rain,0,No,0000000,Not Applicable,99,Unknown,99,Unknown,99,Unknown EMS Scene Arrival Hour,99,Unknown EMS Scene Arrival Minutes,99,Unknown,99,Unknown EMS Hospital Arrival Time,1
36,New York,360646,0,0,1,1,0,1,1,101,STEUBEN (101),420,BATH,6,June,29,29,4,Wednesday,2022,11,11:00am-11:59am,23,23,I-86,NA,1,Interstate,2,Urban,1,Interstate,1,State Highway Agency,1,This section IS ON the NHS,0,No Special Jurisdiction,99998,Not Reported,42.29945833,42.29945833,-77.24165278,-77.24165278,42,Tree (Standing Only),0,The First Harmful Event was Not a Collision with a Motor Vehicle in Transport,0,No,1,Non-Junction,1,Not an Intersection,3,On Median,0,None,1,Daylight,1,Clear,0,No,0000000,Not Applicable,11,11:00am-11:59am,26,26,11,11:00am-11:59am,30,30,11,11:00am-11:59am,51,51,1
36,New York,360647,0,0,1,1,0,1,1,69,ONTARIO (69),830,CANANDAIGUA,7,July,9,9,7,Saturday,2022,5,5:00am-5:59am,37,37,CR-32,NA,4,County Road,1,Rural,6,Minor Collector,2,County Highway Agency,0,This section IS NOT on the NHS,0,No Special Jurisdiction,99998,Not Reported,42.87187222,42.87187222,-77.32578611,-77.32578611,34,Ditch,0,The First Harmful Event was Not a Collision with a Motor Vehicle in Transport,0,No,1,Non-Junction,1,Not an Intersection,4,On Roadside,0,None,1,Daylight,1,Clear,0,No,0000000,Not Applicable,99,Unknown,99,Unknown,99,Unknown EMS Scene Arrival Hour,99,Unknown EMS Scene Arrival Minutes,99,Unknown,99,Unknown EMS Hospital Arrival Time,1
36,New York,360648,0,0,1,1,0,7,7,117,WAYNE (117),6760,WOLCOTT,8,August,4,4,5,Thursday,2022,16,4:00pm-4:59pm,58,58,YOUNGLOVE RD,NA,5,Local Street - Township,1,Rural,7,Local,3,Town or Township Highway Agency,0,This section IS NOT on the NHS,0,No Special Jurisdiction,99998,Not Reported,43.29679722,43.29679722,-76.76895833,-76.76895833,24,Guardrail Face,0,The First Harmful Event was Not a Collision with a Motor Vehicle in Transport,0,No,1,Non-Junction,1,Not an Intersection,4,On Roadside,0,None,1,Daylight,2,Rain,0,No,0000000,Not Applicable,16,4:00pm-4:59pm,58,58,17,5:00pm-5:59pm,11,11,17,5:00pm-5:59pm,44,44,1
36,New York,360649,0,0,1,1,0,1,1,103,SUFFOLK (103),5210,RIVERHEAD,9,September,3,3,7,Saturday,2022,5,5:00am-5:59am,4,4,OSBORN AVE,NA,5,Local Street - Township,2,Urban,7,Local,3,Town or Township Highway Agency,0,This section IS NOT on the NHS,0,No Special Jurisdiction,99998,Not Reported,40.94060556,40.94060556,-72.70745278,-72.70745278,42,Tree (Standing Only),0,The First Harmful Event was Not a Collision with a Motor Vehicle in Transport,0,No,1,Non-Junction,1,Not an Intersection,4,On Roadside,0,None,2,Dark - Not Lighted,1,Clear,0,No,0000000,Not Applicable,5,5:00am-5:59am,6,6,5,5:00am-5:59am,10,10,5,5:00am-5:59am,28,28,1
36,New York,360650,0,0,1,1,0,1,1,119,WESTCHESTER (119),6670,WHITE PLAINS,8,August,31,31,4,Wednesday,2022,0,0:00am-0:59am,33,33,SR-987F SPRAIN BROOK PKWY,NA,3,State Highway,2,Urban,2,Principal Arterial - Other Freeways and Expressways,1,State Highway Agency,1,This section IS ON the NHS,0,No Special Jurisdiction,99998,Not Reported,41.03540833,41.03540833,-73.81686389,-73.81686389,24,Guardrail Face,0,The First Harmful Event was Not a Collision with a Motor Vehicle in Transport,0,No,1,Non-Junction,1,Not an Intersection,3,On Median,0,None,2,Dark - Not Lighted,10,Cloudy,0,No,0000000,Not Applicable,0,0:00am-0:59am,34,34,0,0:00am-0:59am,42,42,88,Not Applicable (Not Transported),88,Not Applicable (Not Transported),1
36,New York,360651,0,0,1,1,0,1,1,49,LEWIS (49),3370,LOWVILLE,9,September,4,4,1,Sunday,2022,16,4:00pm-4:59pm,24,24,WORTH RD,NA,5,Local Street - Township,1,Rural,7,Local,3,Town or Township Highway Agency,0,This section IS NOT on the NHS,0,No Special Jurisdiction,99998,Not Reported,43.74778333,43.74778333,-75.74011389,-75.74011389,1,Rollover/Overturn,0,The First Harmful Event was Not a Collision with a Motor Vehicle in Transport,0,No,1,Non-Junction,1,Not an Intersection,4,On Roadside,0,None,1,Daylight,10,Cloudy,0,No,0000000,Not Applicable,16,4:00pm-4:59pm,27,27,16,4:00pm-4:59pm,50,50,17,5:00pm-5:59pm,34,34,1
36,New York,360652,0,0,1,1,0,1,1,59,NASSAU (59),2600,HEMPSTEAD,9,September,9,9,6,Friday,2022,12,12:00pm-12:59pm,35,35,ANCHOR AVE,NA,5,Local Street - Township,2,Urban,7,Local,3,Town or Township Highway Agency,0,This section IS NOT on the NHS,0,No Special Jurisdiction,0,None,40.63726111,40.63726111,-73.64421667,-73.64421667,19,Building,0,The First Harmful Event was Not a Collision with a Motor Vehicle in Transport,0,No,1,Non-Junction,1,Not an Intersection,5,Outside Trafficway,0,None,1,Daylight,1,Clear,0,No,0000000,Not Applicable,12,12:00pm-12:59pm,37,37,12,12:00pm-12:59pm,39,39,13,1:00pm-1:59pm,8,8,1
36,New York,360653,0,0,1,1,0,1,1,109,TOMPKINS (109),2940,ITHACA,9,September,10,10,7,Saturday,2022,8,8:00am-8:59am,6,6,CR-119 CODDINGTON RD,NA,4,County Road,2,Urban,5,Major Collector,2,County Highway Agency,0,This section IS NOT on the NHS,0,No Special Jurisdiction,99998,Not Reported,42.40342222,42.40342222,-76.46945278,-76.46945278,42,Tree (Standing Only),0,The First Harmful Event was Not a Collision with a Motor Vehicle in Transport,0,No,1,Non-Junction,1,Not an Intersection,4,On Roadside,0,None,1,Daylight,1,Clear,0,No,0000000,Not Applicable,8,8:00am-8:59am,6,6,8,8:00am-8:59am,15,15,8,8:00am-8:59am,17,17,1
36,New York,360654,0,0,1,1,0,1,1,67,ONONDAGA (67),3082,LA FAYETTE,7,July,13,13,4,Wednesday,2022,18,6:00pm-6:59pm,40,40,CR-1 APULIA RD,NA,4,County Road,1,Rural,5,Major Collector,2,County Highway Agency,0,This section IS NOT on the NHS,0,No Special Jurisdiction,99998,Not Reported,42.95047778,42.95047778,-76.06889167,-76.06889167,42,Tree (Standing Only),0,The First Harmful Event was Not a Collision with a Motor Vehicle in Transport,0,No,1,Non-Junction,1,Not an Intersection,4,On Roadside,0,None,1,Daylight,10,Cloudy,0,No,0000000,Not Applicable,18,6:00pm-6:59pm,41,41,18,6:00pm-6:59pm,58,58,88,Not Applicable (Not Transported),88,Not Applicable (Not Transported),1
36,New York,360655,1,1,1,1,0,1,1,67,ONONDAGA (67),3615,MATTYDALE,2,February,13,13,1,Sunday,2022,18,6:00pm-6:59pm,9,9,US-11,NA,2,US Highway,2,Urban,4,Minor Arterial,1,State Highway Agency,0,This section IS NOT on the NHS,0,No Special Jurisdiction,99998,Not Reported,43.10577222,43.10577222,-76.14580278,-76.14580278,8,Pedestrian,0,The First Harmful Event was Not a Collision with a Motor Vehicle in Transport,0,No,1,Non-Junction,1,Not an Intersection,1,On Roadway,0,None,3,Dark - Lighted,10,Cloudy,0,No,0000000,Not Applicable,18,6:00pm-6:59pm,9,9,18,6:00pm-6:59pm,15,15,18,6:00pm-6:59pm,34,34,1
36,New York,360656,4,4,1,1,0,1,1,113,WARREN (113),3100,LAKE GEORGE,6,June,12,12,1,Sunday,2022,15,3:00pm-3:59pm,8,8,US-9,NA,2,US Highway,2,Urban,3,Principal Arterial - Other,1,State Highway Agency,1,This section IS ON the NHS,0,No Special Jurisdiction,99998,Not Reported,43.39609444,43.39609444,-73.70383889,-73.70383889,8,Pedestrian,0,The First Harmful Event was Not a Collision with a Motor Vehicle in Transport,0,No,1,Non-Junction,1,Not an Intersection,4,On Roadside,0,None,1,Daylight,1,Clear,0,No,0000000,Not Applicable,15,3:00pm-3:59pm,12,12,15,3:00pm-3:59pm,31,31,15,3:00pm-3:59pm,41,41,2
36,New York,360657,1,1,1,1,0,6,6,87,ROCKLAND (87),4063,NEW CITY,8,August,6,6,7,Saturday,2022,13,1:00pm-1:59pm,0,0,CR-23 N LITTLE TOR RD,NA,4,County Road,2,Urban,4,Minor Arterial,2,County Highway Agency,0,This section IS NOT on the NHS,0,No Special Jurisdiction,99998,Not Reported,41.171375,41.171375,-74.00420833,-74.00420833,8,Pedestrian,0,The First Harmful Event was Not a Collision with a Motor Vehicle in Transport,0,No,1,Non-Junction,1,Not an Intersection,1,On Roadway,0,None,1,Daylight,1,Clear,0,No,0000000,Not Applicable,13,1:00pm-1:59pm,5,5,13,1:00pm-1:59pm,7,7,88,Not Applicable (Not Transported),88,Not Applicable (Not Transported),1
36,New York,360659,0,0,2,2,0,2,2,83,RENSSELAER (83),6110,TROY,9,September,7,7,4,Wednesday,2022,6,6:00am-6:59am,31,31,SR-2 BRUNSWICK RD,SR-66 PAWLING AVE,3,State Highway,2,Urban,3,Principal Arterial - Other,1,State Highway Agency,1,This section IS ON the NHS,0,No Special Jurisdiction,99998,Not Reported,42.72226667,42.72226667,-73.67533333,-73.67533333,12,Motor Vehicle In-Transport,6,Angle,0,No,2,Intersection,3,T-Intersection,1,On Roadway,0,None,1,Daylight,10,Cloudy,0,No,0000000,Not Applicable,6,6:00am-6:59am,31,31,6,6:00am-6:59am,33,33,7,7:00am-7:59am,1,1,1
36,New York,360660,0,0,1,1,0,1,1,25,DELAWARE (25),5700,SIDNEY,7,July,31,31,1,Sunday,2022,19,7:00pm-7:59pm,5,5,PARKER HOLLOW RD,NA,5,Local Street - Township,1,Rural,7,Local,3,Town or Township Highway Agency,0,This section IS NOT on the NHS,0,No Special Jurisdiction,99998,Not Reported,42.29270278,42.29270278,-75.32994444,-75.32994444,42,Tree (Standing Only),0,The First Harmful Event was Not a Collision with a Motor Vehicle in Transport,0,No,1,Non-Junction,1,Not an Intersection,4,On Roadside,0,None,1,Daylight,1,Clear,0,No,0000000,Not Applicable,19,7:00pm-7:59pm,11,11,19,7:00pm-7:59pm,17,17,88,Not Applicable (Not Transported),88,Not Applicable (Not Transported),1
36,New York,360661,0,0,1,1,0,1,1,87,ROCKLAND (87),1300,CONGERS,8,August,18,18,5,Thursday,2022,2,2:00am-2:59am,21,21,US-9W,NA,2,US Highway,2,Urban,3,Principal Arterial - Other,1,State Highway Agency,1,This section IS ON the NHS,0,No Special Jurisdiction,99998,Not Reported,41.17288056,41.17288056,-73.94597778,-73.94597778,42,Tree (Standing Only),0,The First Harmful Event was Not a Collision with a Motor Vehicle in Transport,0,No,1,Non-Junction,1,Not an Intersection,4,On Roadside,0,None,3,Dark - Lighted,1,Clear,0,No,0000000,Not Applicable,2,2:00am-2:59am,23,23,2,2:00am-2:59am,31,31,2,2:00am-2:59am,57,57,1
36,New York,360662,0,0,1,1,0,1,1,93,SCHENECTADY (93),1592,DUANESBURG,8,August,30,30,3,Tuesday,2022,9,9:00am-9:59am,4,4,SR-7 DUANESBURG RD,NA,3,State Highway,1,Rural,5,Major Collector,1,State Highway Agency,0,This section IS NOT on the NHS,0,No Special Jurisdiction,99998,Not Reported,42.75467778,42.75467778,-74.14614167,-74.14614167,25,Concrete Traffic Barrier,0,The First Harmful Event was Not a Collision with a Motor Vehicle in Transport,0,No,1,Non-Junction,1,Not an Intersection,3,On Median,0,None,1,Daylight,10,Cloudy,0,No,0000000,Not Applicable,9,9:00am-9:59am,4,4,9,9:00am-9:59am,10,10,10,10:00am-10:59am,9,9,1
36,New York,360663,1,1,1,1,0,1,1,55,MONROE (55),5230,ROCHESTER,6,June,8,8,4,Wednesday,2022,3,3:00am-3:59am,7,7,CULVER PKWY,BAY ST,6,Local Street - Municipality,2,Urban,7,Local,4,City or Municipal Highway Agency,0,This section IS NOT on the NHS,0,No Special Jurisdiction,99998,Not Reported,43.17159722,43.17159722,-77.55982222,-77.55982222,8,Pedestrian,0,The First Harmful Event was Not a Collision with a Motor Vehicle in Transport,0,No,3,Intersection-Related,2,Four-Way Intersection,1,On Roadway,0,None,3,Dark - Lighted,10,Cloudy,0,No,0000000,Not Applicable,3,3:00am-3:59am,7,7,3,3:00am-3:59am,15,15,3,3:00am-3:59am,29,29,1
36,New York,360664,1,1,1,1,0,1,1,55,MONROE (55),5230,ROCHESTER,8,August,20,20,7,Saturday,2022,2,2:00am-2:59am,57,57,N CLINTON AVE,CLIFFORD AVE,6,Local Street - Municipality,2,Urban,7,Local,4,City or Municipal Highway Agency,0,This section IS NOT on the NHS,0,No Special Jurisdiction,0,None,43.17526667,43.17526667,-77.59878056,-77.59878056,8,Pedestrian,0,The First Harmful Event was Not a Collision with a Motor Vehicle in Transport,0,No,3,Intersection-Related,2,Four-Way Intersection,1,On Roadway,0,None,3,Dark - Lighted,1,Clear,0,No,0000000,Not Applicable,2,2:00am-2:59am,58,58,3,3:00am-3:59am,3,3,88,Not Applicable (Not Transported),88,Not Applicable (Not Transported),1
36,New York,360665,1,1,1,1,0,1,1,5,BRONX (5),4170,NEW YORK CITY,9,September,9,9,6,Friday,2022,18,6:00pm-6:59pm,30,30,BRONXDALE AVE,CRUGER AVE,6,Local Street - Municipality,2,Urban,3,Principal Arterial - Other,4,City or Municipal Highway Agency,1,This section IS ON the NHS,0,No Special Jurisdiction,0,None,40.85103333,40.85103333,-73.86668056,-73.86668056,8,Pedestrian,0,The First Harmful Event was Not a Collision with a Motor Vehicle in Transport,0,No,3,Intersection-Related,3,T-Intersection,4,On Roadside,0,None,1,Daylight,1,Clear,0,No,0000000,Not Applicable,99,Unknown,99,Unknown,99,Unknown EMS Scene Arrival Hour,99,Unknown EMS Scene Arrival Minutes,99,Unknown,99,Unknown EMS Hospital Arrival Time,1
36,New York,360666,0,0,2,2,0,2,2,75,OSWEGO (75),3700,MEXICO,7,July,29,29,6,Friday,2022,17,5:00pm-5:59pm,17,17,I-81 OFF RAMP,SR-104,1,Interstate,1,Rural,1,Interstate,1,State Highway Agency,1,This section IS ON the NHS,0,No Special Jurisdiction,99998,Not Reported,43.45751111,43.45751111,-76.12223889,-76.12223889,12,Motor Vehicle In-Transport,6,Angle,0,No,2,Intersection,3,T-Intersection,1,On Roadway,0,None,1,Daylight,1,Clear,0,No,0000000,Not Applicable,17,5:00pm-5:59pm,17,17,17,5:00pm-5:59pm,21,21,18,6:00pm-6:59pm,4,4,1
36,New York,360667,0,0,2,2,0,4,4,39,GREENE (39),775,CAIRO,7,July,30,30,7,Saturday,2022,17,5:00pm-5:59pm,50,50,CR-20,SUNSIDE RD,4,County Road,1,Rural,7,Local,2,County Highway Agency,0,This section IS NOT on the NHS,0,No Special Jurisdiction,99998,Not Reported,42.34046944,42.34046944,-74.07806944,-74.07806944,12,Motor Vehicle In-Transport,6,Angle,0,No,2,Intersection,3,T-Intersection,1,On Roadway,0,None,1,Daylight,1,Clear,0,No,0000000,Not Applicable,17,5:00pm-5:59pm,49,49,17,5:00pm-5:59pm,58,58,18,6:00pm-6:59pm,54,54,1
36,New York,360668,0,0,3,3,0,6,6,55,MONROE (55),2606,HENRIETTA,8,August,15,15,2,Monday,2022,9,9:00am-9:59am,22,22,CR-39 CALKINS RD,HYLAN DR,4,County Road,2,Urban,4,Minor Arterial,2,County Highway Agency,0,This section IS NOT on the NHS,0,No Special Jurisdiction,99998,Not Reported,43.06834167,43.06834167,-77.62793611,-77.62793611,12,Motor Vehicle In-Transport,1,Front-to-Rear,0,No,3,Intersection-Related,2,Four-Way Intersection,1,On Roadway,0,None,1,Daylight,1,Clear,0,No,0000000,Not Applicable,9,9:00am-9:59am,22,22,9,9:00am-9:59am,27,27,10,10:00am-10:59am,10,10,1
36,New York,360669,0,0,2,2,0,3,3,7,BROOME (7),6277,VESTAL,8,August,8,8,2,Monday,2022,22,10:00pm-10:59pm,56,56,SR-434,NA,3,State Highway,2,Urban,4,Minor Arterial,1,State Highway Agency,0,This section IS NOT on the NHS,0,No Special Jurisdiction,99998,Not Reported,42.09504444,42.09504444,-75.95860278,-75.95860278,12,Motor Vehicle In-Transport,2,Front-to-Front,0,No,1,Non-Junction,1,Not an Intersection,1,On Roadway,0,None,3,Dark - Lighted,1,Clear,0,No,0000000,Not Applicable,22,10:00pm-10:59pm,56,56,23,11:00pm-11:59pm,8,8,2,2:00am-2:59am,45,45,2
36,New York,360670,0,0,1,1,0,1,1,27,DUTCHESS (27),2000,FISHKILL,8,August,13,13,7,Saturday,2022,12,12:00pm-12:59pm,8,8,SR-216,NA,3,State Highway,2,Urban,5,Major Collector,1,State Highway Agency,0,This section IS NOT on the NHS,0,No Special Jurisdiction,99998,Not Reported,41.57925278,41.57925278,-73.74506944,-73.74506944,1,Rollover/Overturn,0,The First Harmful Event was Not a Collision with a Motor Vehicle in Transport,0,No,1,Non-Junction,1,Not an Intersection,1,On Roadway,0,None,1,Daylight,1,Clear,0,No,0000000,Not Applicable,12,12:00pm-12:59pm,8,8,12,12:00pm-12:59pm,15,15,88,Not Applicable (Not Transported),88,Not Applicable (Not Transported),1
36,New York,360671,0,0,1,1,0,1,1,113,WARREN (113),3100,LAKE GEORGE,8,August,18,18,5,Thursday,2022,22,10:00pm-10:59pm,40,40,US-9,NA,2,US Highway,2,Urban,3,Principal Arterial - Other,1,State Highway Agency,1,This section IS ON the NHS,0,No Special Jurisdiction,99998,Not Reported,43.41601667,43.41601667,-73.712775,-73.712775,33,Curb,0,The First Harmful Event was Not a Collision with a Motor Vehicle in Transport,0,No,1,Non-Junction,1,Not an Intersection,3,On Median,0,None,3,Dark - Lighted,1,Clear,0,No,0000000,Not Applicable,22,10:00pm-10:59pm,40,40,22,10:00pm-10:59pm,45,45,88,Not Applicable (Not Transported),88,Not Applicable (Not Transported),1
36,New York,360672,0,0,1,1,0,2,2,105,SULLIVAN (105),1805,ELDRED,8,August,19,19,6,Friday,2022,22,10:00pm-10:59pm,28,28,SR-55,NA,3,State Highway,1,Rural,5,Major Collector,2,County Highway Agency,0,This section IS NOT on the NHS,0,No Special Jurisdiction,99998,Not Reported,41.47920556,41.47920556,-74.909375,-74.909375,31,"Post, Pole or Other Supports",0,The First Harmful Event was Not a Collision with a Motor Vehicle in Transport,0,No,1,Non-Junction,1,Not an Intersection,4,On Roadside,0,None,2,Dark - Not Lighted,1,Clear,0,No,0000000,Not Applicable,22,10:00pm-10:59pm,28,28,22,10:00pm-10:59pm,35,35,99,Unknown,99,Unknown EMS Hospital Arrival Time,1
36,New York,360673,0,0,2,2,0,3,3,27,DUTCHESS (27),2000,FISHKILL,8,August,10,10,4,Wednesday,2022,16,4:00pm-4:59pm,38,38,SR-376,NA,3,State Highway,2,Urban,5,Major Collector,1,State Highway Agency,0,This section IS NOT on the NHS,0,No Special Jurisdiction,99998,Not Reported,41.60757222,41.60757222,-73.83481944,-73.83481944,12,Motor Vehicle In-Transport,2,Front-to-Front,0,No,1,Non-Junction,1,Not an Intersection,1,On Roadway,0,None,1,Daylight,1,Clear,0,No,0000000,Not Applicable,16,4:00pm-4:59pm,38,38,16,4:00pm-4:59pm,48,48,17,5:00pm-5:59pm,25,25,1
36,New York,360674,1,1,1,1,0,2,2,89,ST LAWRENCE (89),2500,HAMMOND,8,August,29,29,2,Monday,2022,99,Unknown Hours,99,Unknown Minutes,SR-12,NA,3,State Highway,1,Rural,4,Minor Arterial,1,State Highway Agency,0,This section IS NOT on the NHS,0,No Special Jurisdiction,99998,Not Reported,44.43672778,44.43672778,-75.762125,-75.762125,8,Pedestrian,0,The First Harmful Event was Not a Collision with a Motor Vehicle in Transport,0,No,1,Non-Junction,1,Not an Intersection,1,On Roadway,0,None,2,Dark - Not Lighted,5,"Fog, Smog, Smoke",0,No,0000000,Not Applicable,99,Unknown,99,Unknown,99,Unknown EMS Scene Arrival Hour,99,Unknown EMS Scene Arrival Minutes,99,Unknown,99,Unknown EMS Hospital Arrival Time,1
36,New York,360675,0,0,1,1,0,1,1,25,DELAWARE (25),5326,ROXBURY,8,August,29,29,2,Monday,2022,4,4:00am-4:59am,34,34,SR-30,NA,3,State Highway,1,Rural,5,Major Collector,1,State Highway Agency,0,This section IS NOT on the NHS,0,No Special Jurisdiction,99998,Not Reported,42.35545833,42.35545833,-74.51999167,-74.51999167,35,Embankment,0,The First Harmful Event was Not a Collision with a Motor Vehicle in Transport,0,No,1,Non-Junction,1,Not an Intersection,4,On Roadside,0,None,2,Dark - Not Lighted,1,Clear,0,No,0000000,Not Applicable,4,4:00am-4:59am,34,34,5,5:00am-5:59am,48,48,6,6:00am-6:59am,18,18,1
36,New York,360676,1,1,7,7,0,12,12,65,ONEIDA (65),3542,MARCY,8,August,31,31,4,Wednesday,2022,21,9:00pm-9:59pm,28,28,SR-49,NA,3,State Highway,2,Urban,2,Principal Arterial - Other Freeways and Expressways,1,State Highway Agency,1,This section IS ON the NHS,0,No Special Jurisdiction,99998,Not Reported,43.17161111,43.17161111,-75.32446944,-75.32446944,8,Pedestrian,0,The First Harmful Event was Not a Collision with a Motor Vehicle in Transport,1,Yes,18,Through Roadway,1,Not an Intersection,1,On Roadway,0,None,2,Dark - Not Lighted,10,Cloudy,0,No,0000000,Not Applicable,21,9:00pm-9:59pm,34,34,21,9:00pm-9:59pm,45,45,88,Not Applicable (Not Transported),88,Not Applicable (Not Transported),1
36,New York,360677,0,0,2,2,0,6,6,65,ONEIDA (65),650,BRIDGEWATER,9,September,3,3,7,Saturday,2022,13,1:00pm-1:59pm,29,29,US-20,NA,2,US Highway,1,Rural,3,Principal Arterial - Other,1,State Highway Agency,1,This section IS ON the NHS,0,No Special Jurisdiction,99998,Not Reported,42.8789,42.8789,-75.26107778,-75.26107778,12,Motor Vehicle In-Transport,2,Front-to-Front,0,No,1,Non-Junction,1,Not an Intersection,1,On Roadway,0,None,1,Daylight,1,Clear,0,No,0000000,Not Applicable,13,1:00pm-1:59pm,30,30,13,1:00pm-1:59pm,33,33,99,Unknown,99,Unknown EMS Hospital Arrival Time,3
36,New York,360678,1,1,1,1,0,2,2,93,SCHENECTADY (93),5550,SCHENECTADY,9,September,6,6,3,Tuesday,2022,21,9:00pm-9:59pm,28,28,SR-5 STATE ST,NA,3,State Highway,2,Urban,3,Principal Arterial - Other,4,City or Municipal Highway Agency,1,This section IS ON the NHS,0,No Special Jurisdiction,99998,Not Reported,42.801725,42.801725,-73.92801944,-73.92801944,8,Pedestrian,0,The First Harmful Event was Not a Collision with a Motor Vehicle in Transport,0,No,1,Non-Junction,1,Not an Intersection,1,On Roadway,0,None,3,Dark - Lighted,10,Cloudy,0,No,0000000,Not Applicable,21,9:00pm-9:59pm,31,31,21,9:00pm-9:59pm,36,36,21,9:00pm-9:59pm,52,52,1
36,New York,360679,0,0,2,2,0,2,2,95,SCHOHARIE (95),2206,FULTONHAM,8,August,10,10,4,Wednesday,2022,18,6:00pm-6:59pm,22,22,W FULTON RD,GOODY RD,5,Local Street - Township,2,Urban,7,Local,3,Town or Township Highway Agency,0,This section IS NOT on the NHS,0,No Special Jurisdiction,99998,Not Reported,42.54104444,42.54104444,-74.41726111,-74.41726111,12,Motor Vehicle In-Transport,6,Angle,0,No,2,Intersection,4,Y-Intersection,1,On Roadway,0,None,1,Daylight,1,Clear,0,No,0000000,Not Applicable,18,6:00pm-6:59pm,25,25,18,6:00pm-6:59pm,46,46,20,8:00pm-8:59pm,4,4,1