STATE,STATENAME,ST_CASE,PEDS,PERNOTMVIT,VE_TOTAL,VE_FORMS,PVH_INVL,PERSONS,PERMVIT,COUNTY,COUNTYNAME,CITY,CITYNAME,MONTH,MONTHNAME,DAY,DAYNAME,DAY_WEEK,DAY_WEEKNAME,YEAR,HOUR,HOURNAME,MINUTE,MINUTENAME,TWAY_ID,TWAY_ID2,ROUTE,ROUTENAME,RUR_URB,RUR_URBNAME,FUNC_SYS,FUNC_SYSNAME,RD_OWNER,RD_OWNERNAME,NHS,NHSNAME,SP_JUR,SP_JURNAME,MILEPT,MILEPTNAME,LATITUDE,LATITUDENAME,LONGITUD,LONGITUDNAME,HARM_EV,HARM_EVNAME,MAN_COLL,MAN_COLLNAME,RELJCT1,RELJCT1NAME,RELJCT2,RELJCT2NAME,TYP_INT,TYP_INTNAME,REL_ROAD,REL_ROADNAME,WRK_ZONE,WRK_ZONENAME,LGT_COND,LGT_CONDNAME,WEATHER,WEATHERNAME,SCH_BUS,SCH_BUSNAME,RAIL,RAILNAME,NOT_HOUR,NOT_HOURNAME,NOT_MIN,NOT_MINNAME,ARR_HOUR,ARR_HOURNAME,ARR_MIN,ARR_MINNAME,HOSP_HR,HOSP_HRNAME,HOSP_MN,HOSP_MNNAME,FATALS
36,New York,360721,0,0,2,2,0,3,3,29,ERIE (29),210,ANGOLA,9,September,9,9,6,Friday,2022,15,3:00pm-3:59pm,42,42,US-20 SOUTHWESTERN BLVD,CR-18 STURGEON POINT RD,2,US Highway,2,Urban,3,Principal Arterial - Other,1,State Highway Agency,1,This section IS ON the NHS,0,No Special Jurisdiction,99998,Not Reported,42.67499444,42.67499444,-78.95497222,-78.95497222,12,Motor Vehicle In-Transport,6,Angle,0,No,2,Intersection,2,Four-Way Intersection,1,On Roadway,0,None,1,Daylight,1,Clear,0,No,0000000,Not Applicable,14,2:00pm-2:59pm,53,53,14,2:00pm-2:59pm,56,56,99,Unknown,99,Unknown EMS Hospital Arrival Time,1
36,New York,360722,0,0,1,1,0,3,3,9,CATTARAUGUS (9),6823,YORKSHIRE,9,September,9,9,6,Friday,2022,22,10:00pm-10:59pm,44,44,SR-16,NA,3,State Highway,1,Rural,3,Principal Arterial - Other,1,State Highway Agency,1,This section IS ON the NHS,0,No Special Jurisdiction,99998,Not Reported,42.47453611,42.47453611,-78.47917222,-78.47917222,34,Ditch,0,The First Harmful Event was Not a Collision with a Motor Vehicle in Transport,0,No,1,Non-Junction,1,Not an Intersection,4,On Roadside,0,None,3,Dark - Lighted,1,Clear,0,No,0000000,Not Applicable,22,10:00pm-10:59pm,50,50,23,11:00pm-11:59pm,5,5,99,Unknown,99,Unknown EMS Hospital Arrival Time,2
36,New York,360723,1,1,1,1,0,1,1,63,NIAGARA (63),3340,LOCKPORT,9,September,10,10,7,Saturday,2022,21,9:00pm-9:59pm,19,19,SR-78 S TRANSIT RD,NA,3,State Highway,2,Urban,3,Principal Arterial - Other,1,State Highway Agency,1,This section IS ON the NHS,0,No Special Jurisdiction,99998,Not Reported,43.12230556,43.12230556,-78.69691667,-78.69691667,8,Pedestrian,0,The First Harmful Event was Not a Collision with a Motor Vehicle in Transport,0,No,1,Non-Junction,1,Not an Intersection,1,On Roadway,0,None,2,Dark - Not Lighted,1,Clear,0,No,0000000,Not Applicable,21,9:00pm-9:59pm,19,19,21,9:00pm-9:59pm,24,24,88,Not Applicable (Not Transported),88,Not Applicable (Not Transported),1
36,New York,360724,0,0,1,1,0,1,1,95,SCHOHARIE (95),2272,GILBOA,9,September,11,11,1,Sunday,2022,9,9:00am-9:59am,11,11,CR-3 POTTER MOUNTAIN RD,NA,4,County Road,1,Rural,6,Minor Collector,2,County Highway Agency,0,This section IS NOT on the NHS,0,No Special Jurisdiction,99998,Not Reported,42.40303889,42.40303889,-74.28993889,-74.28993889,18,Other Object (not fixed),0,The First Harmful Event was Not a Collision with a Motor Vehicle in Transport,0,No,1,Non-Junction,1,Not an Intersection,4,On Roadside,0,None,1,Daylight,10,Cloudy,0,No,0000000,Not Applicable,9,9:00am-9:59am,7,7,9,9:00am-9:59am,31,31,88,Not Applicable (Not Transported),88,Not Applicable (Not Transported),1
36,New York,360725,0,0,1,1,0,1,1,77,OTSEGO (77),4550,OTEGO,9,September,19,19,2,Monday,2022,11,11:00am-11:59am,7,7,CR-7,NA,4,County Road,1,Rural,6,Minor Collector,2,County Highway Agency,0,This section IS NOT on the NHS,0,No Special Jurisdiction,99998,Not Reported,42.41865,42.41865,-75.18326667,-75.18326667,42,Tree (Standing Only),0,The First Harmful Event was Not a Collision with a Motor Vehicle in Transport,0,No,1,Non-Junction,1,Not an Intersection,4,On Roadside,0,None,1,Daylight,10,Cloudy,0,No,0000000,Not Applicable,11,11:00am-11:59am,7,7,11,11:00am-11:59am,24,24,12,12:00pm-12:59pm,20,20,1
36,New York,360727,1,1,1,1,0,1,1,27,DUTCHESS (27),3084,LAGRANGEVILLE,9,September,24,24,7,Saturday,2022,21,9:00pm-9:59pm,55,55,SR-55 FREEDOM PLAINS RD,NA,3,State Highway,2,Urban,3,Principal Arterial - Other,1,State Highway Agency,1,This section IS ON the NHS,0,No Special Jurisdiction,99998,Not Reported,41.68004167,41.68004167,-73.85401111,-73.85401111,8,Pedestrian,0,The First Harmful Event was Not a Collision with a Motor Vehicle in Transport,0,No,1,Non-Junction,1,Not an Intersection,1,On Roadway,0,None,2,Dark - Not Lighted,1,Clear,0,No,0000000,Not Applicable,21,9:00pm-9:59pm,59,59,22,10:00pm-10:59pm,6,6,22,10:00pm-10:59pm,26,26,1
36,New York,360728,1,1,1,1,0,1,1,63,NIAGARA (63),4210,NIAGARA FALLS,9,September,26,26,2,Monday,2022,6,6:00am-6:59am,27,27,US-62 NIAGARA FALLS BLVD,NA,2,US Highway,2,Urban,3,Principal Arterial - Other,1,State Highway Agency,1,This section IS ON the NHS,0,No Special Jurisdiction,99998,Not Reported,43.08853056,43.08853056,-78.98411667,-78.98411667,8,Pedestrian,0,The First Harmful Event was Not a Collision with a Motor Vehicle in Transport,0,No,1,Non-Junction,1,Not an Intersection,1,On Roadway,0,None,3,Dark - Lighted,1,Clear,0,No,0000000,Not Applicable,6,6:00am-6:59am,28,28,6,6:00am-6:59am,31,31,7,7:00am-7:59am,5,5,1
36,New York,360729,0,0,2,2,0,3,3,39,GREENE (39),4045,NEW BALTIMORE,9,September,14,14,4,Wednesday,2022,10,10:00am-10:59am,11,11,US-9W,NA,2,US Highway,1,Rural,3,Principal Arterial - Other,1,State Highway Agency,1,This section IS ON the NHS,0,No Special Jurisdiction,99998,Not Reported,42.43029444,42.43029444,-73.81555556,-73.81555556,12,Motor Vehicle In-Transport,2,Front-to-Front,0,No,1,Non-Junction,1,Not an Intersection,1,On Roadway,0,None,1,Daylight,10,Cloudy,0,No,0000000,Not Applicable,10,10:00am-10:59am,11,11,10,10:00am-10:59am,23,23,99,Unknown,99,Unknown EMS Hospital Arrival Time,2
36,New York,360730,1,1,1,1,0,1,1,59,NASSAU (59),4270,NORTH HILLS,9,September,27,27,3,Tuesday,2022,9,9:00am-9:59am,0,0,SR-906B N SERVICE RD,SEARINGTOWN RD,3,State Highway,2,Urban,3,Principal Arterial - Other,2,County Highway Agency,1,This section IS ON the NHS,0,No Special Jurisdiction,99998,Not Reported,40.78011389,40.78011389,-73.66189167,-73.66189167,9,Pedalcyclist,0,The First Harmful Event was Not a Collision with a Motor Vehicle in Transport,0,No,2,Intersection,2,Four-Way Intersection,1,On Roadway,0,None,1,Daylight,1,Clear,0,No,0000000,Not Applicable,9,9:00am-9:59am,1,1,9,9:00am-9:59am,2,2,99,Unknown,99,Unknown EMS Hospital Arrival Time,1
36,New York,360731,0,0,2,2,0,2,2,39,GREENE (39),970,CATSKILL,9,September,30,30,6,Friday,2022,16,4:00pm-4:59pm,3,3,SR-32,GAME FARM RD,3,State Highway,1,Rural,4,Minor Arterial,1,State Highway Agency,0,This section IS NOT on the NHS,0,No Special Jurisdiction,99998,Not Reported,42.22245833,42.22245833,-73.987775,-73.987775,12,Motor Vehicle In-Transport,6,Angle,0,No,2,Intersection,3,T-Intersection,1,On Roadway,0,None,1,Daylight,1,Clear,0,No,0000000,Not Applicable,16,4:00pm-4:59pm,7,7,16,4:00pm-4:59pm,15,15,88,Not Applicable (Not Transported),88,Not Applicable (Not Transported),1
36,New York,360732,0,0,1,1,0,5,5,89,ST LAWRENCE (89),2330,GOUVERNEUR,7,July,16,16,7,Saturday,2022,4,4:00am-4:59am,40,40,CHUB LAKE RD,NA,5,Local Street - Township,1,Rural,7,Local,3,Town or Township Highway Agency,0,This section IS NOT on the NHS,0,No Special Jurisdiction,99998,Not Reported,44.33018333,44.33018333,-75.3916,-75.3916,24,Guardrail Face,0,The First Harmful Event was Not a Collision with a Motor Vehicle in Transport,0,No,1,Non-Junction,1,Not an Intersection,4,On Roadside,0,None,2,Dark - Not Lighted,10,Cloudy,0,No,0000000,Not Applicable,4,4:00am-4:59am,40,40,4,4:00am-4:59am,55,55,5,5:00am-5:59am,44,44,3
36,New York,360733,0,0,2,2,0,5,5,119,WESTCHESTER (119),6040,TARRYTOWN,7,July,17,17,1,Sunday,2022,9,9:00am-9:59am,44,44,SR-987F SPRAIN BROOK PKWY,NA,3,State Highway,2,Urban,2,Principal Arterial - Other Freeways and Expressways,1,State Highway Agency,1,This section IS ON the NHS,0,No Special Jurisdiction,99998,Not Reported,41.01046944,41.01046944,-73.82944722,-73.82944722,12,Motor Vehicle In-Transport,6,Angle,0,No,1,Non-Junction,1,Not an Intersection,1,On Roadway,0,None,1,Daylight,10,Cloudy,0,No,0000000,Not Applicable,99,Unknown,99,Unknown,99,Unknown EMS Scene Arrival Hour,99,Unknown EMS Scene Arrival Minutes,88,Not Applicable (Not Transported),88,Not Applicable (Not Transported),1
36,New York,360734,0,0,1,1,0,1,1,71,ORANGE (71),2320,GOSHEN,9,September,21,21,4,Wednesday,2022,21,9:00pm-9:59pm,31,31,SR-94,NA,3,State Highway,2,Urban,4,Minor Arterial,1,State Highway Agency,0,This section IS NOT on the NHS,0,No Special Jurisdiction,99998,Not Reported,41.34735,41.34735,-74.33437778,-74.33437778,24,Guardrail Face,0,The First Harmful Event was Not a Collision with a Motor Vehicle in Transport,0,No,1,Non-Junction,1,Not an Intersection,4,On Roadside,0,None,2,Dark - Not Lighted,1,Clear,0,No,0000000,Not Applicable,21,9:00pm-9:59pm,31,31,21,9:00pm-9:59pm,37,37,88,Not Applicable (Not Transported),88,Not Applicable (Not Transported),1
36,New York,360735,1,1,1,1,0,1,1,59,NASSAU (59),2600,HEMPSTEAD,10,October,2,2,1,Sunday,2022,12,12:00pm-12:59pm,45,45,WOODFIELD RD,LINDBERG ST,5,Local Street - Township,2,Urban,7,Local,3,Town or Township Highway Agency,0,This section IS NOT on the NHS,0,No Special Jurisdiction,0,None,40.69764167,40.69764167,-73.64724722,-73.64724722,8,Pedestrian,0,The First Harmful Event was Not a Collision with a Motor Vehicle in Transport,0,No,3,Intersection-Related,2,Four-Way Intersection,1,On Roadway,0,None,1,Daylight,2,Rain,0,No,0000000,Not Applicable,12,12:00pm-12:59pm,55,55,12,12:00pm-12:59pm,59,59,13,1:00pm-1:59pm,18,18,1
36,New York,360737,0,0,1,1,0,3,3,59,NASSAU (59),2600,HEMPSTEAD,8,August,6,6,7,Saturday,2022,4,4:00am-4:59am,13,13,SR-908M SOUTHERN STATE PKWY,NA,3,State Highway,2,Urban,2,Principal Arterial - Other Freeways and Expressways,1,State Highway Agency,1,This section IS ON the NHS,0,No Special Jurisdiction,99998,Not Reported,40.69036111,40.69036111,-73.63252222,-73.63252222,21,Bridge Pier or Support,0,The First Harmful Event was Not a Collision with a Motor Vehicle in Transport,0,No,1,Non-Junction,1,Not an Intersection,4,On Roadside,0,None,3,Dark - Lighted,1,Clear,0,No,0000000,Not Applicable,4,4:00am-4:59am,13,13,99,Unknown EMS Scene Arrival Hour,99,Unknown EMS Scene Arrival Minutes,99,Unknown,99,Unknown EMS Hospital Arrival Time,1
36,New York,360738,0,0,1,1,0,1,1,119,WESTCHESTER (119),1379,CORTLANDT,8,August,28,28,1,Sunday,2022,18,6:00pm-6:59pm,31,31,SR-987H BEAR MTN STATE PKWY,NA,3,State Highway,2,Urban,2,Principal Arterial - Other Freeways and Expressways,1,State Highway Agency,1,This section IS ON the NHS,0,No Special Jurisdiction,99998,Not Reported,41.302475,41.302475,-73.88850278,-73.88850278,24,Guardrail Face,0,The First Harmful Event was Not a Collision with a Motor Vehicle in Transport,0,No,1,Non-Junction,1,Not an Intersection,3,On Median,0,None,1,Daylight,10,Cloudy,0,No,0000000,Not Applicable,99,Unknown,99,Unknown,99,Unknown EMS Scene Arrival Hour,99,Unknown EMS Scene Arrival Minutes,88,Not Applicable (Not Transported),88,Not Applicable (Not Transported),1
36,New York,360739,0,0,1,1,0,2,2,13,CHAUTAUQUA (13),2150,FREDONIA,9,September,23,23,6,Friday,2022,11,11:00am-11:59am,59,59,SR-60,NA,3,State Highway,2,Urban,3,Principal Arterial - Other,1,State Highway Agency,1,This section IS ON the NHS,0,No Special Jurisdiction,99998,Not Reported,42.44250556,42.44250556,-79.30477778,-79.30477778,42,Tree (Standing Only),0,The First Harmful Event was Not a Collision with a Motor Vehicle in Transport,0,No,1,Non-Junction,1,Not an Intersection,4,On Roadside,0,None,1,Daylight,10,Cloudy,0,No,0000000,Not Applicable,11,11:00am-11:59am,59,59,12,12:00pm-12:59pm,4,4,12,12:00pm-12:59pm,40,40,1
36,New York,360740,0,0,1,1,0,1,1,91,SARATOGA (91),1209,CLIFTON PARK,9,September,25,25,1,Sunday,2022,14,2:00pm-2:59pm,5,5,CR-90 VISCHER FERRY RD,NA,4,County Road,2,Urban,5,Major Collector,2,County Highway Agency,0,This section IS NOT on the NHS,0,No Special Jurisdiction,99998,Not Reported,42.84165833,42.84165833,-73.82043056,-73.82043056,53,Mail Box,0,The First Harmful Event was Not a Collision with a Motor Vehicle in Transport,0,No,1,Non-Junction,1,Not an Intersection,4,On Roadside,0,None,1,Daylight,10,Cloudy,0,No,0000000,Not Applicable,13,1:00pm-1:59pm,58,58,14,2:00pm-2:59pm,5,5,14,2:00pm-2:59pm,49,49,1
36,New York,360741,0,0,1,1,0,2,2,123,YATES (123),9997,Other,10,October,7,7,6,Friday,2022,8,8:00am-8:59am,59,59,CR-18 ITALY VALLEY RD,NA,4,County Road,1,Rural,7,Local,2,County Highway Agency,0,This section IS NOT on the NHS,0,No Special Jurisdiction,99998,Not Reported,42.59676389,42.59676389,-77.34387222,-77.34387222,42,Tree (Standing Only),0,The First Harmful Event was Not a Collision with a Motor Vehicle in Transport,0,No,1,Non-Junction,1,Not an Intersection,4,On Roadside,0,None,1,Daylight,2,Rain,0,No,0000000,Not Applicable,8,8:00am-8:59am,59,59,9,9:00am-9:59am,9,9,88,Not Applicable (Not Transported),88,Not Applicable (Not Transported),1
36,New York,360742,1,1,2,1,1,1,1,1,ALBANY (1),50,ALBANY,9,September,14,14,4,Wednesday,2022,18,6:00pm-6:59pm,29,29,US-9 CLINTON AVE,S SWAN ST,2,US Highway,2,Urban,3,Principal Arterial - Other,1,State Highway Agency,1,This section IS ON the NHS,0,No Special Jurisdiction,0,None,42.65739444,42.65739444,-73.75550556,-73.75550556,8,Pedestrian,0,The First Harmful Event was Not a Collision with a Motor Vehicle in Transport,0,No,3,Intersection-Related,2,Four-Way Intersection,1,On Roadway,0,None,1,Daylight,1,Clear,0,No,0000000,Not Applicable,18,6:00pm-6:59pm,29,29,18,6:00pm-6:59pm,33,33,88,Not Applicable (Not Transported),88,Not Applicable (Not Transported),1
36,New York,360743,1,1,1,1,0,1,1,5,BRONX (5),4170,NEW YORK CITY,9,September,23,23,6,Friday,2022,11,11:00am-11:59am,37,37,E 188TH ST,PARK AVE,6,Local Street - Municipality,2,Urban,7,Local,4,City or Municipal Highway Agency,0,This section IS NOT on the NHS,0,No Special Jurisdiction,0,None,40.8594,40.8594,-73.89199444,-73.89199444,9,Pedalcyclist,0,The First Harmful Event was Not a Collision with a Motor Vehicle in Transport,0,No,3,Intersection-Related,2,Four-Way Intersection,1,On Roadway,0,None,1,Daylight,1,Clear,0,No,0000000,Not Applicable,99,Unknown,99,Unknown,99,Unknown EMS Scene Arrival Hour,99,Unknown EMS Scene Arrival Minutes,99,Unknown,99,Unknown EMS Hospital Arrival Time,1
36,New York,360744,1,1,1,1,0,1,1,101,STEUBEN (101),2790,HORNELL,9,September,30,30,6,Friday,2022,14,2:00pm-2:59pm,40,40,GENESEE ST,NA,6,Local Street - Municipality,2,Urban,7,Local,4,City or Municipal Highway Agency,0,This section IS NOT on the NHS,0,No Special Jurisdiction,0,None,42.32881111,42.32881111,-77.65995833,-77.65995833,8,Pedestrian,0,The First Harmful Event was Not a Collision with a Motor Vehicle in Transport,0,No,1,Non-Junction,1,Not an Intersection,1,On Roadway,0,None,1,Daylight,10,Cloudy,0,No,0000000,Not Applicable,14,2:00pm-2:59pm,41,41,14,2:00pm-2:59pm,44,44,15,3:00pm-3:59pm,4,4,1
36,New York,360745,1,1,1,1,0,1,1,59,NASSAU (59),3120,LAKE SUCCESS,10,October,3,3,2,Monday,2022,1,1:00am-1:59am,15,15,MARCUS AVE,NA,5,Local Street - Township,2,Urban,4,Minor Arterial,3,Town or Township Highway Agency,0,This section IS NOT on the NHS,0,No Special Jurisdiction,99998,Not Reported,40.75931944,40.75931944,-73.69552778,-73.69552778,8,Pedestrian,0,The First Harmful Event was Not a Collision with a Motor Vehicle in Transport,0,No,1,Non-Junction,1,Not an Intersection,1,On Roadway,0,None,2,Dark - Not Lighted,2,Rain,0,No,0000000,Not Applicable,1,1:00am-1:59am,17,17,1,1:00am-1:59am,19,19,1,1:00am-1:59am,29,29,1
36,New York,360746,1,1,1,1,0,1,1,47,KINGS (47),4170,NEW YORK CITY,10,October,4,4,3,Tuesday,2022,6,6:00am-6:59am,34,34,FLUSHING AVE,BEDFORD AVE,6,Local Street - Municipality,2,Urban,7,Local,4,City or Municipal Highway Agency,0,This section IS NOT on the NHS,0,No Special Jurisdiction,0,None,40.69906111,40.69906111,-73.95702778,-73.95702778,8,Pedestrian,0,The First Harmful Event was Not a Collision with a Motor Vehicle in Transport,0,No,3,Intersection-Related,2,Four-Way Intersection,1,On Roadway,0,None,1,Daylight,2,Rain,0,No,0000000,Not Applicable,6,6:00am-6:59am,30,30,6,6:00am-6:59am,34,34,88,Not Applicable (Not Transported),88,Not Applicable (Not Transported),1
36,New York,360747,1,1,1,1,0,1,1,61,NEW YORK (61),4170,NEW YORK,10,October,6,6,5,Thursday,2022,11,11:00am-11:59am,33,33,8TH AVE,W 44TH ST,6,Local Street - Municipality,2,Urban,3,Principal Arterial - Other,4,City or Municipal Highway Agency,1,This section IS ON the NHS,0,No Special Jurisdiction,0,None,40.75837222,40.75837222,-73.98892778,-73.98892778,8,Pedestrian,0,The First Harmful Event was Not a Collision with a Motor Vehicle in Transport,0,No,3,Intersection-Related,2,Four-Way Intersection,1,On Roadway,0,None,1,Daylight,1,Clear,0,No,0000000,Not Applicable,99,Unknown,99,Unknown,99,Unknown EMS Scene Arrival Hour,99,Unknown EMS Scene Arrival Minutes,88,Not Applicable (Not Transported),88,Not Applicable (Not Transported),1
36,New York,360748,0,0,2,2,0,3,3,65,ONEIDA (65),6220,UTICA,7,July,24,24,1,Sunday,2022,22,10:00pm-10:59pm,9,9,EAGLE ST,WEST ST,6,Local Street - Municipality,2,Urban,4,Minor Arterial,4,City or Municipal Highway Agency,0,This section IS NOT on the NHS,0,No Special Jurisdiction,99998,Not Reported,43.09400278,43.09400278,-75.23478056,-75.23478056,12,Motor Vehicle In-Transport,6,Angle,0,No,2,Intersection,2,Four-Way Intersection,1,On Roadway,0,None,3,Dark - Lighted,10,Cloudy,0,No,0000000,Not Applicable,22,10:00pm-10:59pm,9,9,22,10:00pm-10:59pm,12,12,22,10:00pm-10:59pm,27,27,1
36,New York,360749,0,0,2,2,0,2,2,105,SULLIVAN (105),783,CALLICOON,9,September,13,13,3,Tuesday,2022,13,1:00pm-1:59pm,57,57,CR-128,NA,4,County Road,1,Rural,6,Minor Collector,2,County Highway Agency,0,This section IS NOT on the NHS,0,No Special Jurisdiction,99998,Not Reported,41.79391667,41.79391667,-74.95738333,-74.95738333,12,Motor Vehicle In-Transport,2,Front-to-Front,0,No,1,Non-Junction,1,Not an Intersection,1,On Roadway,0,None,1,Daylight,1,Clear,0,No,0000000,Not Applicable,13,1:00pm-1:59pm,57,57,14,2:00pm-2:59pm,10,10,99,Unknown,99,Unknown EMS Hospital Arrival Time,1
36,New York,360751,0,0,3,2,1,7,7,29,ERIE (29),750,BUFFALO,9,September,23,23,6,Friday,2022,11,11:00am-11:59am,18,18,SYCAMORE AVE,NA,6,Local Street - Municipality,1,Rural,4,Minor Arterial,4,City or Municipal Highway Agency,0,This section IS NOT on the NHS,0,No Special Jurisdiction,99998,Not Reported,42.89348056,42.89348056,-78.85235,-78.85235,14,Parked Motor Vehicle,0,The First Harmful Event was Not a Collision with a Motor Vehicle in Transport,0,No,1,Non-Junction,1,Not an Intersection,7,In Parking Lane/Zone,0,None,1,Daylight,1,Clear,0,No,0000000,Not Applicable,11,11:00am-11:59am,18,18,11,11:00am-11:59am,22,22,99,Unknown,99,Unknown EMS Hospital Arrival Time,1
36,New York,360752,0,0,2,2,0,3,3,9,CATTARAUGUS (9),2393,GREAT VALLEY,5,May,24,24,3,Tuesday,2022,9,9:00am-9:59am,17,17,SR-417,DEPOT ST,3,State Highway,2,Urban,4,Minor Arterial,1,State Highway Agency,0,This section IS NOT on the NHS,0,No Special Jurisdiction,99998,Not Reported,42.15465,42.15465,-78.67031389,-78.67031389,12,Motor Vehicle In-Transport,6,Angle,0,No,2,Intersection,2,Four-Way Intersection,1,On Roadway,0,None,1,Daylight,1,Clear,0,No,0000000,Not Applicable,9,9:00am-9:59am,25,25,9,9:00am-9:59am,30,30,99,Unknown,99,Unknown EMS Hospital Arrival Time,1
36,New York,360753,0,0,2,2,0,3,3,55,MONROE (55),5230,ROCHESTER,9,September,26,26,2,Monday,2022,23,11:00pm-11:59pm,12,12,GLIDE ST,BERGEN ST,6,Local Street - Municipality,2,Urban,5,Major Collector,4,City or Municipal Highway Agency,0,This section IS NOT on the NHS,0,No Special Jurisdiction,99998,Not Reported,43.169975,43.169975,-77.65416667,-77.65416667,12,Motor Vehicle In-Transport,6,Angle,0,No,2,Intersection,2,Four-Way Intersection,1,On Roadway,0,None,3,Dark - Lighted,10,Cloudy,0,No,0000000,Not Applicable,23,11:00pm-11:59pm,12,12,23,11:00pm-11:59pm,17,17,23,11:00pm-11:59pm,49,49,1
36,New York,360754,0,0,2,2,0,3,3,111,ULSTER (111),2242,GARDINER,7,July,4,4,2,Monday,2022,20,8:00pm-8:59pm,15,15,US-44,NA,2,US Highway,1,Rural,3,Principal Arterial - Other,1,State Highway Agency,1,This section IS ON the NHS,0,No Special Jurisdiction,99998,Not Reported,41.72853056,41.72853056,-74.19259444,-74.19259444,12,Motor Vehicle In-Transport,2,Front-to-Front,0,No,1,Non-Junction,1,Not an Intersection,1,On Roadway,0,None,5,Dusk,1,Clear,0,No,0000000,Not Applicable,20,8:00pm-8:59pm,15,15,99,Unknown EMS Scene Arrival Hour,99,Unknown EMS Scene Arrival Minutes,99,Unknown,99,Unknown EMS Hospital Arrival Time,1
36,New York,360755,0,0,1,1,0,3,3,59,NASSAU (59),4090,NEW HYDE PARK,7,July,24,24,1,Sunday,2022,5,5:00am-5:59am,2,2,SR-908G NORTHERN STATE PKWY,NA,3,State Highway,2,Urban,2,Principal Arterial - Other Freeways and Expressways,1,State Highway Agency,1,This section IS ON the NHS,0,No Special Jurisdiction,99998,Not Reported,40.770175,40.770175,-73.62586667,-73.62586667,59,Traffic Sign Support,0,The First Harmful Event was Not a Collision with a Motor Vehicle in Transport,0,No,1,Non-Junction,1,Not an Intersection,4,On Roadside,0,None,3,Dark - Lighted,1,Clear,0,No,0000000,Not Applicable,5,5:00am-5:59am,2,2,99,Unknown EMS Scene Arrival Hour,99,Unknown EMS Scene Arrival Minutes,88,Not Applicable (Not Transported),88,Not Applicable (Not Transported),3
36,New York,360756,0,0,2,2,0,2,2,115,WASHINGTON (115),2360,GRANVILLE,9,September,14,14,4,Wednesday,2022,16,4:00pm-4:59pm,14,14,SR-22,NA,3,State Highway,1,Rural,4,Minor Arterial,1,State Highway Agency,0,This section IS NOT on the NHS,0,No Special Jurisdiction,99998,Not Reported,99.9999,99.9999,999.9999,999.9999,12,Motor Vehicle In-Transport,6,Angle,0,No,8,Driveway Access Related,1,Not an Intersection,1,On Roadway,0,None,1,Daylight,1,Clear,0,No,0000000,Not Applicable,16,4:00pm-4:59pm,16,16,16,4:00pm-4:59pm,17,17,17,5:00pm-5:59pm,41,41,1
36,New York,360757,0,0,2,2,0,2,2,113,WARREN (113),2300,GLENS FALLS,9,September,24,24,7,Saturday,2022,5,5:00am-5:59am,0,0,SR-32,OAKLAND AVE,3,State Highway,2,Urban,3,Principal Arterial - Other,1,State Highway Agency,1,This section IS ON the NHS,0,No Special Jurisdiction,99998,Not Reported,43.30749722,43.30749722,-73.64220556,-73.64220556,12,Motor Vehicle In-Transport,6,Angle,0,No,2,Intersection,2,Four-Way Intersection,1,On Roadway,0,None,3,Dark - Lighted,1,Clear,0,No,0000000,Not Applicable,5,5:00am-5:59am,0,0,5,5:00am-5:59am,5,5,5,5:00am-5:59am,15,15,1
36,New York,360758,0,0,3,3,0,6,6,11,CAYUGA (11),6520,WEEDSPORT,9,September,30,30,6,Friday,2022,14,2:00pm-2:59pm,15,15,SR-34,TANNER RD,3,State Highway,1,Rural,3,Principal Arterial - Other,1,State Highway Agency,1,This section IS ON the NHS,0,No Special Jurisdiction,99998,Not Reported,43.01539722,43.01539722,-76.56727222,-76.56727222,12,Motor Vehicle In-Transport,1,Front-to-Rear,0,No,2,Intersection,2,Four-Way Intersection,1,On Roadway,0,None,1,Daylight,10,Cloudy,0,No,0000000,Not Applicable,14,2:00pm-2:59pm,16,16,14,2:00pm-2:59pm,25,25,14,2:00pm-2:59pm,39,39,1
36,New York,360759,0,0,2,2,0,2,2,39,GREENE (39),290,ATHENS,9,September,24,24,7,Saturday,2022,18,6:00pm-6:59pm,4,4,US-9W,NA,2,US Highway,1,Rural,4,Minor Arterial,1,State Highway Agency,0,This section IS NOT on the NHS,0,No Special Jurisdiction,99998,Not Reported,42.27341389,42.27341389,-73.85776944,-73.85776944,12,Motor Vehicle In-Transport,2,Front-to-Front,0,No,1,Non-Junction,1,Not an Intersection,1,On Roadway,0,None,5,Dusk,1,Clear,0,No,0000000,Not Applicable,18,6:00pm-6:59pm,8,8,18,6:00pm-6:59pm,13,13,99,Unknown,99,Unknown EMS Hospital Arrival Time,1