STATE,STATENAME,ST_CASE,PEDS,PERNOTMVIT,VE_TOTAL,VE_FORMS,PVH_INVL,PERSONS,PERMVIT,COUNTY,COUNTYNAME,CITY,CITYNAME,MONTH,MONTHNAME,DAY,DAYNAME,DAY_WEEK,DAY_WEEKNAME,YEAR,HOUR,HOURNAME,MINUTE,MINUTENAME,TWAY_ID,TWAY_ID2,ROUTE,ROUTENAME,RUR_URB,RUR_URBNAME,FUNC_SYS,FUNC_SYSNAME,RD_OWNER,RD_OWNERNAME,NHS,NHSNAME,SP_JUR,SP_JURNAME,MILEPT,MILEPTNAME,LATITUDE,LATITUDENAME,LONGITUD,LONGITUDNAME,HARM_EV,HARM_EVNAME,MAN_COLL,MAN_COLLNAME,RELJCT1,RELJCT1NAME,RELJCT2,RELJCT2NAME,TYP_INT,TYP_INTNAME,REL_ROAD,REL_ROADNAME,WRK_ZONE,WRK_ZONENAME,LGT_COND,LGT_CONDNAME,WEATHER,WEATHERNAME,SCH_BUS,SCH_BUSNAME,RAIL,RAILNAME,NOT_HOUR,NOT_HOURNAME,NOT_MIN,NOT_MINNAME,ARR_HOUR,ARR_HOURNAME,ARR_MIN,ARR_MINNAME,HOSP_HR,HOSP_HRNAME,HOSP_MN,HOSP_MNNAME,FATALS
36,New York,360798,0,0,1,1,0,2,2,79,PUTNAM (79),900,CARMEL,10,October,22,22,7,Saturday,2022,23,11:00pm-11:59pm,8,8,CR-34 CROTON FALLS RD,NA,4,County Road,2,Urban,4,Minor Arterial,2,County Highway Agency,0,This section IS NOT on the NHS,0,No Special Jurisdiction,99998,Not Reported,41.37428056,41.37428056,-73.70334722,-73.70334722,42,Tree (Standing Only),0,The First Harmful Event was Not a Collision with a Motor Vehicle in Transport,0,No,1,Non-Junction,1,Not an Intersection,4,On Roadside,0,None,2,Dark - Not Lighted,1,Clear,0,No,0000000,Not Applicable,99,Unknown,99,Unknown,99,Unknown EMS Scene Arrival Hour,99,Unknown EMS Scene Arrival Minutes,88,Not Applicable (Not Transported),88,Not Applicable (Not Transported),1
36,New York,360799,2,2,2,2,0,1,1,91,SARATOGA (91),3462,MALTA,2,February,6,6,1,Sunday,2022,3,3:00am-3:59am,49,49,I-87,NA,1,Interstate,2,Urban,1,Interstate,1,State Highway Agency,1,This section IS ON the NHS,0,No Special Jurisdiction,99998,Not Reported,42.992125,42.992125,-73.80344444,-73.80344444,8,Pedestrian,0,The First Harmful Event was Not a Collision with a Motor Vehicle in Transport,0,No,1,Non-Junction,1,Not an Intersection,1,On Roadway,0,None,2,Dark - Not Lighted,10,Cloudy,0,No,0000000,Not Applicable,3,3:00am-3:59am,50,50,3,3:00am-3:59am,55,55,88,Not Applicable (Not Transported),88,Not Applicable (Not Transported),2
36,New York,360800,0,0,2,2,0,6,6,71,ORANGE (71),6410,WARWICK,5,May,28,28,7,Saturday,2022,17,5:00pm-5:59pm,37,37,CR-21 WARWICK TPKE,NA,4,County Road,2,Urban,5,Major Collector,2,County Highway Agency,0,This section IS NOT on the NHS,0,No Special Jurisdiction,99998,Not Reported,41.23075278,41.23075278,-74.38004167,-74.38004167,12,Motor Vehicle In-Transport,2,Front-to-Front,0,No,1,Non-Junction,1,Not an Intersection,1,On Roadway,0,None,1,Daylight,10,Cloudy,0,No,0000000,Not Applicable,17,5:00pm-5:59pm,50,50,17,5:00pm-5:59pm,50,50,18,6:00pm-6:59pm,5,5,1
36,New York,360801,0,0,2,2,0,3,3,115,WASHINGTON (115),250,ARGYLE,7,July,22,22,6,Friday,2022,17,5:00pm-5:59pm,18,18,CR-48,NA,4,County Road,1,Rural,6,Minor Collector,2,County Highway Agency,0,This section IS NOT on the NHS,0,No Special Jurisdiction,99998,Not Reported,43.22378611,43.22378611,-73.41991667,-73.41991667,12,Motor Vehicle In-Transport,8,Sideswipe - Opposite Direction,0,No,1,Non-Junction,1,Not an Intersection,1,On Roadway,0,None,1,Daylight,1,Clear,0,No,0000000,Not Applicable,99,Unknown,99,Unknown,99,Unknown EMS Scene Arrival Hour,99,Unknown EMS Scene Arrival Minutes,99,Unknown,99,Unknown EMS Hospital Arrival Time,1
36,New York,360802,0,0,2,2,0,2,2,79,PUTNAM (79),630,BREWSTER,10,October,2,2,1,Sunday,2022,17,5:00pm-5:59pm,25,25,US-6/202,NA,2,US Highway,2,Urban,4,Minor Arterial,1,State Highway Agency,0,This section IS NOT on the NHS,0,No Special Jurisdiction,99998,Not Reported,41.38513889,41.38513889,-73.57450556,-73.57450556,12,Motor Vehicle In-Transport,2,Front-to-Front,0,No,8,Driveway Access Related,1,Not an Intersection,1,On Roadway,0,None,1,Daylight,10,Cloudy,0,No,0000000,Not Applicable,17,5:00pm-5:59pm,25,25,17,5:00pm-5:59pm,30,30,18,6:00pm-6:59pm,31,31,1
36,New York,360803,0,0,2,2,0,2,2,119,WESTCHESTER (119),2555,HARRISON,10,October,4,4,3,Tuesday,2022,18,6:00pm-6:59pm,30,30,I-95,NA,1,Interstate,2,Urban,1,Interstate,1,State Highway Agency,1,This section IS ON the NHS,0,No Special Jurisdiction,99998,Not Reported,40.96424444,40.96424444,-73.73076389,-73.73076389,16,Thrown or Falling Object,0,The First Harmful Event was Not a Collision with a Motor Vehicle in Transport,0,No,1,Non-Junction,1,Not an Intersection,1,On Roadway,0,None,2,Dark - Not Lighted,2,Rain,0,No,0000000,Not Applicable,18,6:00pm-6:59pm,34,34,18,6:00pm-6:59pm,49,49,88,Not Applicable (Not Transported),88,Not Applicable (Not Transported),1
36,New York,360804,0,0,1,1,0,1,1,103,SUFFOLK (103),5769,SMITHTOWN,10,October,8,8,7,Saturday,2022,4,4:00am-4:59am,13,13,SR-908K SUNKEN MEADOWN PKWY,NA,3,State Highway,2,Urban,2,Principal Arterial - Other Freeways and Expressways,1,State Highway Agency,1,This section IS ON the NHS,0,No Special Jurisdiction,99998,Not Reported,40.83519167,40.83519167,-73.28093056,-73.28093056,42,Tree (Standing Only),0,The First Harmful Event was Not a Collision with a Motor Vehicle in Transport,0,No,1,Non-Junction,1,Not an Intersection,3,On Median,0,None,3,Dark - Lighted,2,Rain,0,No,0000000,Not Applicable,4,4:00am-4:59am,13,13,4,4:00am-4:59am,40,40,5,5:00am-5:59am,0,0,1
36,New York,360805,0,0,1,1,0,1,1,113,WARREN (113),5068,QUEENSBURY,10,October,13,13,5,Thursday,2022,0,0:00am-0:59am,38,38,I-87,NA,1,Interstate,2,Urban,1,Interstate,1,State Highway Agency,1,This section IS ON the NHS,0,No Special Jurisdiction,99998,Not Reported,43.35975833,43.35975833,-73.70455,-73.70455,35,Embankment,0,The First Harmful Event was Not a Collision with a Motor Vehicle in Transport,0,No,1,Non-Junction,1,Not an Intersection,4,On Roadside,0,None,2,Dark - Not Lighted,1,Clear,0,No,0000000,Not Applicable,0,0:00am-0:59am,38,38,0,0:00am-0:59am,56,56,88,Not Applicable (Not Transported),88,Not Applicable (Not Transported),1
36,New York,360806,0,0,1,1,0,1,1,67,ONONDAGA (67),6010,SYRACUSE,7,July,13,13,4,Wednesday,2022,22,10:00pm-10:59pm,31,31,SR-11A,NA,3,State Highway,1,Rural,5,Major Collector,50,Indian Tribe Nation,0,This section IS NOT on the NHS,0,No Special Jurisdiction,99998,Not Reported,42.95669444,42.95669444,-76.15275556,-76.15275556,30,Utility Pole/Light Support,0,The First Harmful Event was Not a Collision with a Motor Vehicle in Transport,0,No,1,Non-Junction,1,Not an Intersection,4,On Roadside,0,None,2,Dark - Not Lighted,1,Clear,0,No,0000000,Not Applicable,22,10:00pm-10:59pm,31,31,22,10:00pm-10:59pm,37,37,23,11:00pm-11:59pm,9,9,1
36,New York,360807,1,1,3,1,2,1,1,91,SARATOGA (91),6731,WILTON,9,September,15,15,5,Thursday,2022,22,10:00pm-10:59pm,42,42,I-87,NA,1,Interstate,2,Urban,1,Interstate,1,State Highway Agency,1,This section IS ON the NHS,0,No Special Jurisdiction,99998,Not Reported,43.14103056,43.14103056,-73.72893333,-73.72893333,14,Parked Motor Vehicle,0,The First Harmful Event was Not a Collision with a Motor Vehicle in Transport,0,No,1,Non-Junction,1,Not an Intersection,2,On Shoulder,0,None,2,Dark - Not Lighted,1,Clear,0,No,0000000,Not Applicable,22,10:00pm-10:59pm,42,42,99,Unknown EMS Scene Arrival Hour,99,Unknown EMS Scene Arrival Minutes,99,Unknown,99,Unknown EMS Hospital Arrival Time,1
36,New York,360808,1,1,1,1,0,1,1,7,BROOME (7),3453,MAINE,10,October,14,14,6,Friday,2022,21,9:00pm-9:59pm,19,19,SR-26,NA,3,State Highway,2,Urban,4,Minor Arterial,1,State Highway Agency,0,This section IS NOT on the NHS,0,No Special Jurisdiction,99998,Not Reported,42.19706111,42.19706111,-76.05928333,-76.05928333,8,Pedestrian,0,The First Harmful Event was Not a Collision with a Motor Vehicle in Transport,0,No,1,Non-Junction,1,Not an Intersection,1,On Roadway,0,None,3,Dark - Lighted,1,Clear,0,No,0000000,Not Applicable,21,9:00pm-9:59pm,22,22,21,9:00pm-9:59pm,33,33,21,9:00pm-9:59pm,57,57,1
36,New York,360809,1,1,1,1,0,1,1,107,TIOGA (107),5910,SPENCER,9,September,26,26,2,Monday,2022,7,7:00am-7:59am,53,53,SR-34/96,NA,3,State Highway,1,Rural,4,Minor Arterial,1,State Highway Agency,0,This section IS NOT on the NHS,0,No Special Jurisdiction,99998,Not Reported,42.23646111,42.23646111,-76.50407778,-76.50407778,53,Mail Box,0,The First Harmful Event was Not a Collision with a Motor Vehicle in Transport,0,No,1,Non-Junction,1,Not an Intersection,4,On Roadside,0,None,1,Daylight,10,Cloudy,0,No,0000000,Not Applicable,7,7:00am-7:59am,53,53,8,8:00am-8:59am,8,8,9,9:00am-9:59am,21,21,1
36,New York,360810,0,0,1,1,0,1,1,83,RENSSELAER (83),4768,PETERSBURG,10,October,14,14,6,Friday,2022,21,9:00pm-9:59pm,49,49,SR-22,NA,3,State Highway,1,Rural,4,Minor Arterial,1,State Highway Agency,0,This section IS NOT on the NHS,0,No Special Jurisdiction,99998,Not Reported,42.78138889,42.78138889,-73.33726667,-73.33726667,42,Tree (Standing Only),0,The First Harmful Event was Not a Collision with a Motor Vehicle in Transport,0,No,1,Non-Junction,1,Not an Intersection,4,On Roadside,0,None,2,Dark - Not Lighted,1,Clear,0,No,0000000,Not Applicable,99,Unknown,99,Unknown,99,Unknown EMS Scene Arrival Hour,99,Unknown EMS Scene Arrival Minutes,88,Not Applicable (Not Transported),88,Not Applicable (Not Transported),1
36,New York,360811,0,0,1,1,0,1,1,13,CHAUTAUQUA (13),2150,FREDONIA,10,October,19,19,4,Wednesday,2022,19,7:00pm-7:59pm,59,59,US-20 W MAIN RD,NA,2,US Highway,1,Rural,3,Principal Arterial - Other,1,State Highway Agency,1,This section IS ON the NHS,0,No Special Jurisdiction,99998,Not Reported,42.416075,42.416075,-79.38720278,-79.38720278,38,Fence,0,The First Harmful Event was Not a Collision with a Motor Vehicle in Transport,0,No,1,Non-Junction,1,Not an Intersection,5,Outside Trafficway,0,None,2,Dark - Not Lighted,10,Cloudy,0,No,0000000,Not Applicable,20,8:00pm-8:59pm,1,1,20,8:00pm-8:59pm,8,8,88,Not Applicable (Not Transported),88,Not Applicable (Not Transported),1
36,New York,360812,0,0,1,1,0,3,3,55,MONROE (55),2606,HENRIETTA,10,October,21,21,6,Friday,2022,0,0:00am-0:59am,39,39,I-390,NA,1,Interstate,2,Urban,1,Interstate,1,State Highway Agency,1,This section IS ON the NHS,0,No Special Jurisdiction,99998,Not Reported,43.05301944,43.05301944,-77.64586667,-77.64586667,33,Curb,0,The First Harmful Event was Not a Collision with a Motor Vehicle in Transport,1,Yes,19,Other location within Interchange Area,1,Not an Intersection,10,Separator,0,None,3,Dark - Lighted,1,Clear,0,No,0000000,Not Applicable,0,0:00am-0:59am,40,40,0,0:00am-0:59am,48,48,99,Unknown,99,Unknown EMS Hospital Arrival Time,1
36,New York,360813,1,1,1,1,0,3,3,103,SUFFOLK (103),2915,ISLANDIA,2,February,28,28,2,Monday,2022,19,7:00pm-7:59pm,20,20,I-495,NA,1,Interstate,2,Urban,1,Interstate,1,State Highway Agency,1,This section IS ON the NHS,0,No Special Jurisdiction,99998,Not Reported,40.80895,40.80895,-73.16576111,-73.16576111,8,Pedestrian,0,The First Harmful Event was Not a Collision with a Motor Vehicle in Transport,0,No,1,Non-Junction,1,Not an Intersection,1,On Roadway,0,None,3,Dark - Lighted,1,Clear,0,No,0000000,Not Applicable,99,Unknown,99,Unknown,99,Unknown EMS Scene Arrival Hour,99,Unknown EMS Scene Arrival Minutes,88,Not Applicable (Not Transported),88,Not Applicable (Not Transported),1
36,New York,360814,0,0,1,1,0,1,1,103,SUFFOLK (103),4243,NORTH BELLPORT,4,April,20,20,4,Wednesday,2022,17,5:00pm-5:59pm,44,44,STATION RD,NA,5,Local Street - Township,2,Urban,4,Minor Arterial,3,Town or Township Highway Agency,0,This section IS NOT on the NHS,0,No Special Jurisdiction,99998,Not Reported,40.78716111,40.78716111,-72.94706944,-72.94706944,30,Utility Pole/Light Support,0,The First Harmful Event was Not a Collision with a Motor Vehicle in Transport,0,No,1,Non-Junction,1,Not an Intersection,4,On Roadside,0,None,1,Daylight,1,Clear,0,No,0000000,Not Applicable,17,5:00pm-5:59pm,44,44,17,5:00pm-5:59pm,54,54,18,6:00pm-6:59pm,20,20,1
36,New York,360815,0,0,2,2,0,2,2,103,SUFFOLK (103),4025,NESCONSET,5,May,14,14,7,Saturday,2022,3,3:00am-3:59am,35,35,SR-25 MIDDLE COUNTRY RD,NA,3,State Highway,2,Urban,3,Principal Arterial - Other,1,State Highway Agency,1,This section IS ON the NHS,0,No Special Jurisdiction,99998,Not Reported,40.86131944,40.86131944,-73.14935278,-73.14935278,12,Motor Vehicle In-Transport,6,Angle,0,No,8,Driveway Access Related,1,Not an Intersection,1,On Roadway,0,None,3,Dark - Lighted,5,"Fog, Smog, Smoke",0,No,0000000,Not Applicable,3,3:00am-3:59am,36,36,3,3:00am-3:59am,40,40,88,Not Applicable (Not Transported),88,Not Applicable (Not Transported),1
36,New York,360816,0,0,2,2,0,3,3,103,SUFFOLK (103),705,BROOKHAVEN,5,May,30,30,2,Monday,2022,16,4:00pm-4:59pm,57,57,SR-906B EXPRESS DR N,CR-101 SILLS RD,3,State Highway,2,Urban,3,Principal Arterial - Other,1,State Highway Agency,1,This section IS ON the NHS,0,No Special Jurisdiction,99998,Not Reported,40.82962778,40.82962778,-72.93787222,-72.93787222,12,Motor Vehicle In-Transport,6,Angle,0,No,2,Intersection,2,Four-Way Intersection,1,On Roadway,0,None,1,Daylight,1,Clear,0,No,0000000,Not Applicable,99,Unknown,99,Unknown,99,Unknown EMS Scene Arrival Hour,99,Unknown EMS Scene Arrival Minutes,99,Unknown,99,Unknown EMS Hospital Arrival Time,1
36,New York,360817,0,0,1,1,0,1,1,17,CHENANGO (17),2400,GREENE,10,October,18,18,3,Tuesday,2022,5,5:00am-5:59am,28,28,SR-206,NA,3,State Highway,1,Rural,4,Minor Arterial,1,State Highway Agency,0,This section IS NOT on the NHS,0,No Special Jurisdiction,99998,Not Reported,42.34932222,42.34932222,-75.81244444,-75.81244444,24,Guardrail Face,0,The First Harmful Event was Not a Collision with a Motor Vehicle in Transport,0,No,1,Non-Junction,1,Not an Intersection,4,On Roadside,0,None,2,Dark - Not Lighted,10,Cloudy,0,No,0000000,Not Applicable,5,5:00am-5:59am,26,26,5,5:00am-5:59am,35,35,88,Not Applicable (Not Transported),88,Not Applicable (Not Transported),1
36,New York,360818,0,0,1,1,0,1,1,103,SUFFOLK (103),705,BROOKHAVEN,6,June,2,2,5,Thursday,2022,18,6:00pm-6:59pm,30,30,I-495,NA,1,Interstate,2,Urban,1,Interstate,1,State Highway Agency,1,This section IS ON the NHS,0,No Special Jurisdiction,99998,Not Reported,40.85465556,40.85465556,-72.84319167,-72.84319167,26,Other Traffic Barrier,0,The First Harmful Event was Not a Collision with a Motor Vehicle in Transport,0,No,1,Non-Junction,1,Not an Intersection,3,On Median,0,None,1,Daylight,2,Rain,0,No,0000000,Not Applicable,99,Unknown,99,Unknown,99,Unknown EMS Scene Arrival Hour,99,Unknown EMS Scene Arrival Minutes,88,Not Applicable (Not Transported),88,Not Applicable (Not Transported),1
36,New York,360819,0,0,2,2,0,5,5,103,SUFFOLK (103),5769,SMITHTOWN,6,June,6,6,2,Monday,2022,1,1:00am-1:59am,35,35,SR-347,BROOKSITE DR,3,State Highway,2,Urban,3,Principal Arterial - Other,1,State Highway Agency,1,This section IS ON the NHS,0,No Special Jurisdiction,99998,Not Reported,40.82696667,40.82696667,-73.20604722,-73.20604722,12,Motor Vehicle In-Transport,6,Angle,0,No,2,Intersection,2,Four-Way Intersection,1,On Roadway,0,None,3,Dark - Lighted,1,Clear,0,No,0000000,Not Applicable,99,Unknown,99,Unknown,99,Unknown EMS Scene Arrival Hour,99,Unknown EMS Scene Arrival Minutes,99,Unknown,99,Unknown EMS Hospital Arrival Time,1
36,New York,360820,1,1,1,1,0,1,1,1,ALBANY (1),50,ALBANY,10,October,24,24,2,Monday,2022,18,6:00pm-6:59pm,13,13,3RD AVE,NA,6,Local Street - Municipality,2,Urban,7,Local,4,City or Municipal Highway Agency,0,This section IS NOT on the NHS,0,No Special Jurisdiction,0,None,42.64021389,42.64021389,-73.76270833,-73.76270833,8,Pedestrian,0,The First Harmful Event was Not a Collision with a Motor Vehicle in Transport,0,No,1,Non-Junction,1,Not an Intersection,4,On Roadside,0,None,3,Dark - Lighted,2,Rain,0,No,0000000,Not Applicable,18,6:00pm-6:59pm,14,14,18,6:00pm-6:59pm,20,20,88,Not Applicable (Not Transported),88,Not Applicable (Not Transported),1
36,New York,360821,1,1,1,1,0,1,1,37,GENESEE (37),80,ALEXANDER,10,October,19,19,4,Wednesday,2022,16,4:00pm-4:59pm,6,6,W BETHANY RD,NA,5,Local Street - Township,1,Rural,7,Local,3,Town or Township Highway Agency,0,This section IS NOT on the NHS,0,No Special Jurisdiction,99998,Not Reported,42.91276667,42.91276667,-78.192375,-78.192375,8,Pedestrian,0,The First Harmful Event was Not a Collision with a Motor Vehicle in Transport,0,No,1,Non-Junction,1,Not an Intersection,1,On Roadway,0,None,1,Daylight,2,Rain,0,No,0000000,Not Applicable,16,4:00pm-4:59pm,6,6,16,4:00pm-4:59pm,11,11,17,5:00pm-5:59pm,28,28,1
36,New York,360822,0,0,1,1,0,2,2,103,SUFFOLK (103),1650,EAST HAMPTON,10,October,21,21,6,Friday,2022,22,10:00pm-10:59pm,49,49,BLUFF RD,NA,5,Local Street - Township,2,Urban,5,Major Collector,3,Town or Township Highway Agency,0,This section IS NOT on the NHS,0,No Special Jurisdiction,99998,Not Reported,40.97124444,40.97124444,-72.12974167,-72.12974167,1,Rollover/Overturn,0,The First Harmful Event was Not a Collision with a Motor Vehicle in Transport,0,No,1,Non-Junction,1,Not an Intersection,1,On Roadway,0,None,2,Dark - Not Lighted,1,Clear,0,No,0000000,Not Applicable,22,10:00pm-10:59pm,49,49,22,10:00pm-10:59pm,57,57,0,0:00am-0:59am,30,30,1
36,New York,360823,0,0,2,2,0,5,5,103,SUFFOLK (103),1296,COMMACK,6,June,15,15,4,Wednesday,2022,15,3:00pm-3:59pm,45,45,CR-14 INDIAN HEAD RD,NA,4,County Road,2,Urban,4,Minor Arterial,2,County Highway Agency,0,This section IS NOT on the NHS,0,No Special Jurisdiction,99998,Not Reported,40.85639444,40.85639444,-73.27188611,-73.27188611,12,Motor Vehicle In-Transport,6,Angle,0,No,1,Non-Junction,1,Not an Intersection,1,On Roadway,0,None,1,Daylight,1,Clear,0,No,0000000,Not Applicable,15,3:00pm-3:59pm,53,53,15,3:00pm-3:59pm,55,55,16,4:00pm-4:59pm,20,20,1
36,New York,360824,1,1,1,1,0,1,1,47,KINGS (47),4170,NEW YORK CITY,11,November,5,5,7,Saturday,2022,19,7:00pm-7:59pm,16,16,CHURCH AVE,E 52ND ST,6,Local Street - Municipality,2,Urban,7,Local,4,City or Municipal Highway Agency,0,This section IS NOT on the NHS,0,No Special Jurisdiction,0,None,40.65208889,40.65208889,-73.92871111,-73.92871111,8,Pedestrian,0,The First Harmful Event was Not a Collision with a Motor Vehicle in Transport,0,No,3,Intersection-Related,2,Four-Way Intersection,1,On Roadway,0,None,3,Dark - Lighted,1,Clear,0,No,0000000,Not Applicable,99,Unknown,99,Unknown,99,Unknown EMS Scene Arrival Hour,99,Unknown EMS Scene Arrival Minutes,99,Unknown,99,Unknown EMS Hospital Arrival Time,1
36,New York,360825,0,0,1,1,0,1,1,103,SUFFOLK (103),705,BROOKHAVEN,6,June,25,25,7,Saturday,2022,23,11:00pm-11:59pm,57,57,CR-21,NA,4,County Road,2,Urban,4,Minor Arterial,2,County Highway Agency,0,This section IS NOT on the NHS,0,No Special Jurisdiction,99998,Not Reported,40.87834167,40.87834167,-72.94179722,-72.94179722,42,Tree (Standing Only),0,The First Harmful Event was Not a Collision with a Motor Vehicle in Transport,0,No,1,Non-Junction,1,Not an Intersection,4,On Roadside,0,None,3,Dark - Lighted,1,Clear,0,No,0000000,Not Applicable,99,Unknown,99,Unknown,99,Unknown EMS Scene Arrival Hour,99,Unknown EMS Scene Arrival Minutes,88,Not Applicable (Not Transported),88,Not Applicable (Not Transported),1
36,New York,360826,0,0,1,1,0,1,1,7,BROOME (7),3453,MAINE,10,October,21,21,6,Friday,2022,14,2:00pm-2:59pm,46,46,SR-26,NA,3,State Highway,2,Urban,4,Minor Arterial,1,State Highway Agency,0,This section IS NOT on the NHS,0,No Special Jurisdiction,99998,Not Reported,42.16745556,42.16745556,-76.07285278,-76.07285278,34,Ditch,0,The First Harmful Event was Not a Collision with a Motor Vehicle in Transport,0,No,1,Non-Junction,1,Not an Intersection,4,On Roadside,0,None,1,Daylight,10,Cloudy,0,No,0000000,Not Applicable,14,2:00pm-2:59pm,27,27,14,2:00pm-2:59pm,52,52,15,3:00pm-3:59pm,12,12,1
36,New York,360827,1,1,1,1,0,1,1,83,RENSSELAER (83),940,CASTLETON ON HUDSON,10,October,11,11,3,Tuesday,2022,19,7:00pm-7:59pm,0,0,US-20,NA,2,US Highway,2,Urban,3,Principal Arterial - Other,1,State Highway Agency,1,This section IS ON the NHS,0,No Special Jurisdiction,99998,Not Reported,42.55699167,42.55699167,-73.67826944,-73.67826944,9,Pedalcyclist,0,The First Harmful Event was Not a Collision with a Motor Vehicle in Transport,1,Yes,5,Entrance/Exit Ramp Related,1,Not an Intersection,10,Separator,0,None,2,Dark - Not Lighted,1,Clear,0,No,0000000,Not Applicable,19,7:00pm-7:59pm,4,4,19,7:00pm-7:59pm,16,16,88,Not Applicable (Not Transported),88,Not Applicable (Not Transported),1
36,New York,360828,0,0,1,1,0,1,1,31,ESSEX (31),3832,MORIAH,10,October,23,23,1,Sunday,2022,17,5:00pm-5:59pm,23,23,CR-42 TARBELL HILL RD,NA,4,County Road,1,Rural,6,Minor Collector,2,County Highway Agency,0,This section IS NOT on the NHS,0,No Special Jurisdiction,99998,Not Reported,44.04768889,44.04768889,-73.49065278,-73.49065278,32,Culvert,0,The First Harmful Event was Not a Collision with a Motor Vehicle in Transport,0,No,1,Non-Junction,1,Not an Intersection,4,On Roadside,0,None,1,Daylight,1,Clear,0,No,0000000,Not Applicable,17,5:00pm-5:59pm,12,12,17,5:00pm-5:59pm,22,22,88,Not Applicable (Not Transported),88,Not Applicable (Not Transported),1
36,New York,360830,0,0,2,2,0,4,4,55,MONROE (55),3681,MENDON,9,September,29,29,5,Thursday,2022,10,10:00am-10:59am,22,22,MENDON IONIA RD,BOUGHTON HILL RD,5,Local Street - Township,2,Urban,6,Minor Collector,3,Town or Township Highway Agency,0,This section IS NOT on the NHS,0,No Special Jurisdiction,99998,Not Reported,42.96485833,42.96485833,-77.50253611,-77.50253611,12,Motor Vehicle In-Transport,6,Angle,0,No,2,Intersection,2,Four-Way Intersection,1,On Roadway,0,None,1,Daylight,1,Clear,0,No,0000000,Not Applicable,10,10:00am-10:59am,22,22,10,10:00am-10:59am,29,29,11,11:00am-11:59am,21,21,1
36,New York,360831,0,0,1,1,0,6,6,29,ERIE (29),750,BUFFALO,10,October,24,24,2,Monday,2022,6,6:00am-6:59am,42,42,SR-198 ON RAMP,NA,3,State Highway,2,Urban,2,Principal Arterial - Other Freeways and Expressways,1,State Highway Agency,1,This section IS ON the NHS,0,No Special Jurisdiction,99998,Not Reported,42.92273611,42.92273611,-78.84343333,-78.84343333,25,Concrete Traffic Barrier,0,The First Harmful Event was Not a Collision with a Motor Vehicle in Transport,1,Yes,5,Entrance/Exit Ramp Related,1,Not an Intersection,4,On Roadside,0,None,2,Dark - Not Lighted,10,Cloudy,0,No,0000000,Not Applicable,6,6:00am-6:59am,42,42,6,6:00am-6:59am,52,52,7,7:00am-7:59am,34,34,4
36,New York,360832,0,0,3,3,0,3,3,99,SENECA (99),5630,SENECA FALLS,10,October,13,13,5,Thursday,2022,10,10:00am-10:59am,49,49,SR-318,NA,3,State Highway,1,Rural,5,Major Collector,1,State Highway Agency,0,This section IS NOT on the NHS,0,No Special Jurisdiction,99998,Not Reported,42.94825278,42.94825278,-76.79612778,-76.79612778,12,Motor Vehicle In-Transport,2,Front-to-Front,0,No,1,Non-Junction,1,Not an Intersection,1,On Roadway,0,None,1,Daylight,10,Cloudy,0,No,0000000,Not Applicable,10,10:00am-10:59am,51,51,10,10:00am-10:59am,59,59,88,Not Applicable (Not Transported),88,Not Applicable (Not Transported),1
36,New York,360833,0,0,1,1,0,2,2,57,MONTGOMERY (57),170,AMSTERDAM,10,October,25,25,3,Tuesday,2022,20,8:00pm-8:59pm,2,2,NORTHAMPTON RD,NA,6,Local Street - Municipality,2,Urban,5,Major Collector,4,City or Municipal Highway Agency,0,This section IS NOT on the NHS,0,No Special Jurisdiction,99998,Not Reported,42.95376111,42.95376111,-74.19157778,-74.19157778,30,Utility Pole/Light Support,0,The First Harmful Event was Not a Collision with a Motor Vehicle in Transport,0,No,1,Non-Junction,1,Not an Intersection,4,On Roadside,0,None,3,Dark - Lighted,10,Cloudy,0,No,0000000,Not Applicable,20,8:00pm-8:59pm,2,2,20,8:00pm-8:59pm,4,4,21,9:00pm-9:59pm,7,7,1