STATE,STATENAME,ST_CASE,PEDS,PERNOTMVIT,VE_TOTAL,VE_FORMS,PVH_INVL,PERSONS,PERMVIT,COUNTY,COUNTYNAME,CITY,CITYNAME,MONTH,MONTHNAME,DAY,DAYNAME,DAY_WEEK,DAY_WEEKNAME,YEAR,HOUR,HOURNAME,MINUTE,MINUTENAME,TWAY_ID,TWAY_ID2,ROUTE,ROUTENAME,RUR_URB,RUR_URBNAME,FUNC_SYS,FUNC_SYSNAME,RD_OWNER,RD_OWNERNAME,NHS,NHSNAME,SP_JUR,SP_JURNAME,MILEPT,MILEPTNAME,LATITUDE,LATITUDENAME,LONGITUD,LONGITUDNAME,HARM_EV,HARM_EVNAME,MAN_COLL,MAN_COLLNAME,RELJCT1,RELJCT1NAME,RELJCT2,RELJCT2NAME,TYP_INT,TYP_INTNAME,REL_ROAD,REL_ROADNAME,WRK_ZONE,WRK_ZONENAME,LGT_COND,LGT_CONDNAME,WEATHER,WEATHERNAME,SCH_BUS,SCH_BUSNAME,RAIL,RAILNAME,NOT_HOUR,NOT_HOURNAME,NOT_MIN,NOT_MINNAME,ARR_HOUR,ARR_HOURNAME,ARR_MIN,ARR_MINNAME,HOSP_HR,HOSP_HRNAME,HOSP_MN,HOSP_MNNAME,FATALS
36,New York,360908,0,0,1,1,0,2,2,15,CHEMUNG (15),2800,HORSEHEADS,11,November,7,7,2,Monday,2022,17,5:00pm-5:59pm,2,2,I-86,NA,1,Interstate,2,Urban,1,Interstate,1,State Highway Agency,1,This section IS ON the NHS,0,No Special Jurisdiction,99998,Not Reported,42.15085278,42.15085278,-76.80687778,-76.80687778,42,Tree (Standing Only),0,The First Harmful Event was Not a Collision with a Motor Vehicle in Transport,1,Yes,5,Entrance/Exit Ramp Related,1,Not an Intersection,4,On Roadside,0,None,5,Dusk,10,Cloudy,0,No,0000000,Not Applicable,17,5:00pm-5:59pm,2,2,99,Unknown EMS Scene Arrival Hour,99,Unknown EMS Scene Arrival Minutes,99,Unknown,99,Unknown EMS Hospital Arrival Time,2
36,New York,360909,0,0,1,1,0,1,1,89,ST LAWRENCE (89),1993,FINE,11,November,18,18,6,Friday,2022,20,8:00pm-8:59pm,0,0,BLUE MOUNTAIN RD,NA,5,Local Street - Township,1,Rural,7,Local,3,Town or Township Highway Agency,0,This section IS NOT on the NHS,0,No Special Jurisdiction,99998,Not Reported,44.22054167,44.22054167,-75.10228333,-75.10228333,48,Snow Bank,0,The First Harmful Event was Not a Collision with a Motor Vehicle in Transport,0,No,1,Non-Junction,1,Not an Intersection,4,On Roadside,0,None,2,Dark - Not Lighted,4,Snow,0,No,0000000,Not Applicable,9,9:00am-9:59am,40,40,9,9:00am-9:59am,50,50,88,Not Applicable (Not Transported),88,Not Applicable (Not Transported),1
36,New York,360910,0,0,3,3,0,3,3,5,BRONX (5),4170,NEW YORK CITY,11,November,29,29,3,Tuesday,2022,0,0:00am-0:59am,37,37,I-95,NA,1,Interstate,2,Urban,1,Interstate,1,State Highway Agency,1,This section IS ON the NHS,0,No Special Jurisdiction,99998,Not Reported,40.84491667,40.84491667,-73.92223889,-73.92223889,12,Motor Vehicle In-Transport,1,Front-to-Rear,0,No,1,Non-Junction,1,Not an Intersection,1,On Roadway,0,None,3,Dark - Lighted,1,Clear,0,No,0000000,Not Applicable,99,Unknown,99,Unknown,99,Unknown EMS Scene Arrival Hour,99,Unknown EMS Scene Arrival Minutes,88,Not Applicable (Not Transported),88,Not Applicable (Not Transported),1
36,New York,360911,0,0,1,1,0,1,1,115,WASHINGTON (115),5420,SALEM,6,June,28,28,3,Tuesday,2022,7,7:00am-7:59am,31,31,CR-30,NA,4,County Road,1,Rural,7,Local,3,Town or Township Highway Agency,0,This section IS NOT on the NHS,0,No Special Jurisdiction,99998,Not Reported,43.21476111,43.21476111,-73.37414722,-73.37414722,34,Ditch,0,The First Harmful Event was Not a Collision with a Motor Vehicle in Transport,0,No,1,Non-Junction,1,Not an Intersection,4,On Roadside,0,None,1,Daylight,1,Clear,0,No,0000000,Not Applicable,7,7:00am-7:59am,31,31,7,7:00am-7:59am,41,41,99,Unknown,99,Unknown EMS Hospital Arrival Time,1
36,New York,360912,0,0,1,1,0,4,4,7,BROOME (7),6277,VESTAL,11,November,24,24,5,Thursday,2022,1,1:00am-1:59am,17,17,CLAYTON AVE,NA,5,Local Street - Township,2,Urban,7,Local,3,Town or Township Highway Agency,0,This section IS NOT on the NHS,0,No Special Jurisdiction,0,None,42.08266944,42.08266944,-76.04894167,-76.04894167,38,Fence,0,The First Harmful Event was Not a Collision with a Motor Vehicle in Transport,0,No,1,Non-Junction,1,Not an Intersection,4,On Roadside,0,None,3,Dark - Lighted,1,Clear,0,No,0000000,Not Applicable,1,1:00am-1:59am,17,17,1,1:00am-1:59am,24,24,88,Not Applicable (Not Transported),88,Not Applicable (Not Transported),1
36,New York,360913,0,0,1,1,0,3,3,81,QUEENS (81),4170,MIDDLE VILLAGE,12,December,1,1,5,Thursday,2022,0,0:00am-0:59am,20,20,I-495 LONG ISLAND EXPY,NA,1,Interstate,2,Urban,1,Interstate,1,State Highway Agency,1,This section IS ON the NHS,0,No Special Jurisdiction,99998,Not Reported,40.74295,40.74295,-73.83949444,-73.83949444,24,Guardrail Face,0,The First Harmful Event was Not a Collision with a Motor Vehicle in Transport,0,No,1,Non-Junction,1,Not an Intersection,4,On Roadside,0,None,3,Dark - Lighted,1,Clear,0,No,0000000,Not Applicable,99,Unknown,99,Unknown,99,Unknown EMS Scene Arrival Hour,99,Unknown EMS Scene Arrival Minutes,99,Unknown,99,Unknown EMS Hospital Arrival Time,1
36,New York,360914,1,1,1,1,0,1,1,61,NEW YORK (61),4170,NEW YORK,8,August,8,8,2,Monday,2022,17,5:00pm-5:59pm,40,40,DYER AVE,40TH ST,6,Local Street - Municipality,2,Urban,7,Local,4,City or Municipal Highway Agency,0,This section IS NOT on the NHS,0,No Special Jurisdiction,0,None,40.75770833,40.75770833,-73.99471667,-73.99471667,8,Pedestrian,0,The First Harmful Event was Not a Collision with a Motor Vehicle in Transport,0,No,3,Intersection-Related,2,Four-Way Intersection,1,On Roadway,0,None,1,Daylight,1,Clear,0,No,0000000,Not Applicable,99,Unknown,99,Unknown,99,Unknown EMS Scene Arrival Hour,99,Unknown EMS Scene Arrival Minutes,99,Unknown,99,Unknown EMS Hospital Arrival Time,1
36,New York,360915,1,1,1,1,0,2,2,15,CHEMUNG (15),2800,HORSEHEADS,11,November,11,11,6,Friday,2022,17,5:00pm-5:59pm,8,8,SR-14 CORNING RD,NA,3,State Highway,2,Urban,3,Principal Arterial - Other,1,State Highway Agency,1,This section IS ON the NHS,0,No Special Jurisdiction,99998,Not Reported,42.14088611,42.14088611,-76.82883889,-76.82883889,8,Pedestrian,0,The First Harmful Event was Not a Collision with a Motor Vehicle in Transport,0,No,1,Non-Junction,1,Not an Intersection,1,On Roadway,0,None,1,Daylight,2,Rain,0,No,0000000,Not Applicable,17,5:00pm-5:59pm,8,8,99,Unknown EMS Scene Arrival Hour,99,Unknown EMS Scene Arrival Minutes,99,Unknown,99,Unknown EMS Hospital Arrival Time,1
36,New York,360916,1,1,1,1,0,1,1,5,BRONX (5),4170,NEW YORK CITY,11,November,11,11,6,Friday,2022,17,5:00pm-5:59pm,20,20,RHINELANDER AVE,RADCLIFF AVE,6,Local Street - Municipality,2,Urban,7,Local,4,City or Municipal Highway Agency,0,This section IS NOT on the NHS,0,No Special Jurisdiction,0,None,40.84981389,40.84981389,-73.85849722,-73.85849722,8,Pedestrian,0,The First Harmful Event was Not a Collision with a Motor Vehicle in Transport,0,No,3,Intersection-Related,2,Four-Way Intersection,1,On Roadway,0,None,3,Dark - Lighted,2,Rain,0,No,0000000,Not Applicable,99,Unknown,99,Unknown,99,Unknown EMS Scene Arrival Hour,99,Unknown EMS Scene Arrival Minutes,99,Unknown,99,Unknown EMS Hospital Arrival Time,1
36,New York,360917,1,1,1,1,0,1,1,83,RENSSELAER (83),940,CASTLETON ON HUDSON,11,November,13,13,1,Sunday,2022,18,6:00pm-6:59pm,56,56,US-9 COLUMBIA TPK,NA,2,US Highway,2,Urban,3,Principal Arterial - Other,1,State Highway Agency,1,This section IS ON the NHS,0,No Special Jurisdiction,99998,Not Reported,42.54945833,42.54945833,-73.672,-73.672,8,Pedestrian,0,The First Harmful Event was Not a Collision with a Motor Vehicle in Transport,0,No,1,Non-Junction,1,Not an Intersection,1,On Roadway,0,None,2,Dark - Not Lighted,1,Clear,0,No,0000000,Not Applicable,18,6:00pm-6:59pm,57,57,19,7:00pm-7:59pm,13,13,20,8:00pm-8:59pm,9,9,1
36,New York,360918,1,1,1,1,0,1,1,55,MONROE (55),5230,ROCHESTER,11,November,17,17,5,Thursday,2022,6,6:00am-6:59am,43,43,FISHER ST,NA,6,Local Street - Municipality,2,Urban,7,Local,4,City or Municipal Highway Agency,0,This section IS NOT on the NHS,0,No Special Jurisdiction,0,None,43.18036944,43.18036944,-77.66969722,-77.66969722,8,Pedestrian,0,The First Harmful Event was Not a Collision with a Motor Vehicle in Transport,0,No,4,Driveway Access,1,Not an Intersection,1,On Roadway,0,None,4,Dawn,1,Clear,1,Yes,0000000,Not Applicable,6,6:00am-6:59am,43,43,6,6:00am-6:59am,48,48,99,Unknown,99,Unknown EMS Hospital Arrival Time,1
36,New York,360919,0,0,3,3,0,3,3,85,RICHMOND (85),4170,NEW YORK CITY,8,August,4,4,5,Thursday,2022,19,7:00pm-7:59pm,54,54,I-278,NA,1,Interstate,2,Urban,1,Interstate,1,State Highway Agency,1,This section IS ON the NHS,0,No Special Jurisdiction,99998,Not Reported,40.62506389,40.62506389,-74.17803611,-74.17803611,12,Motor Vehicle In-Transport,2,Front-to-Front,0,No,1,Non-Junction,1,Not an Intersection,1,On Roadway,0,None,1,Daylight,1,Clear,0,No,0000000,Not Applicable,99,Unknown,99,Unknown,99,Unknown EMS Scene Arrival Hour,99,Unknown EMS Scene Arrival Minutes,99,Unknown,99,Unknown EMS Hospital Arrival Time,1
36,New York,360920,1,1,1,1,0,2,2,85,RICHMOND (85),4170,NEW YORK CITY,11,November,21,21,2,Monday,2022,15,3:00pm-3:59pm,0,0,FOREST AVE,SOUTH AVE,6,Local Street - Municipality,2,Urban,7,Local,4,City or Municipal Highway Agency,0,This section IS NOT on the NHS,0,No Special Jurisdiction,0,None,40.62728333,40.62728333,-74.16664444,-74.16664444,8,Pedestrian,0,The First Harmful Event was Not a Collision with a Motor Vehicle in Transport,0,No,3,Intersection-Related,2,Four-Way Intersection,1,On Roadway,0,None,1,Daylight,1,Clear,0,No,0000000,Not Applicable,99,Unknown,99,Unknown,99,Unknown EMS Scene Arrival Hour,99,Unknown EMS Scene Arrival Minutes,99,Unknown,99,Unknown EMS Hospital Arrival Time,1
36,New York,360921,1,1,2,1,1,2,2,61,NEW YORK (61),4170,NEW YORK,12,December,4,4,1,Sunday,2022,1,1:00am-1:59am,30,30,W 24TH ST,NA,6,Local Street - Municipality,2,Urban,7,Local,4,City or Municipal Highway Agency,0,This section IS NOT on the NHS,0,No Special Jurisdiction,0,None,40.745525,40.745525,-73.99691667,-73.99691667,9,Pedalcyclist,0,The First Harmful Event was Not a Collision with a Motor Vehicle in Transport,0,No,1,Non-Junction,1,Not an Intersection,1,On Roadway,0,None,3,Dark - Lighted,1,Clear,0,No,0000000,Not Applicable,99,Unknown,99,Unknown,99,Unknown EMS Scene Arrival Hour,99,Unknown EMS Scene Arrival Minutes,99,Unknown,99,Unknown EMS Hospital Arrival Time,1
36,New York,360922,1,1,1,1,0,1,1,29,ERIE (29),750,BUFFALO,11,November,6,6,1,Sunday,2022,2,2:00am-2:59am,55,55,ELMWOOD AVE,LAFAYETTE AVE,6,Local Street - Municipality,2,Urban,4,Minor Arterial,4,City or Municipal Highway Agency,0,This section IS NOT on the NHS,0,No Special Jurisdiction,99998,Not Reported,42.92041111,42.92041111,-78.87698611,-78.87698611,8,Pedestrian,0,The First Harmful Event was Not a Collision with a Motor Vehicle in Transport,0,No,3,Intersection-Related,2,Four-Way Intersection,1,On Roadway,0,None,6,Dark - Unknown Lighting,2,Rain,0,No,0000000,Not Applicable,3,3:00am-3:59am,0,0,3,3:00am-3:59am,1,1,99,Unknown,99,Unknown EMS Hospital Arrival Time,1
36,New York,360923,1,1,1,1,0,3,3,109,TOMPKINS (109),2940,ITHACA,11,November,7,7,2,Monday,2022,22,10:00pm-10:59pm,43,43,SR-13A FLORAL AVE,NA,3,State Highway,2,Urban,4,Minor Arterial,4,City or Municipal Highway Agency,0,This section IS NOT on the NHS,0,No Special Jurisdiction,99998,Not Reported,42.43565278,42.43565278,-76.51865,-76.51865,9,Pedalcyclist,0,The First Harmful Event was Not a Collision with a Motor Vehicle in Transport,0,No,1,Non-Junction,1,Not an Intersection,1,On Roadway,0,None,3,Dark - Lighted,1,Clear,0,No,0000000,Not Applicable,99,Unknown,99,Unknown,99,Unknown EMS Scene Arrival Hour,99,Unknown EMS Scene Arrival Minutes,99,Unknown,99,Unknown EMS Hospital Arrival Time,1
36,New York,360924,1,1,1,1,0,1,1,47,KINGS (47),4170,NEW YORK CITY,12,December,5,5,2,Monday,2022,23,11:00pm-11:59pm,54,54,BEDFORD AVE,NA,6,Local Street - Municipality,2,Urban,7,Local,4,City or Municipal Highway Agency,0,This section IS NOT on the NHS,0,No Special Jurisdiction,0,None,40.68095833,40.68095833,-73.95347778,-73.95347778,8,Pedestrian,0,The First Harmful Event was Not a Collision with a Motor Vehicle in Transport,0,No,1,Non-Junction,1,Not an Intersection,1,On Roadway,0,None,3,Dark - Lighted,1,Clear,0,No,0000000,Not Applicable,99,Unknown,99,Unknown,99,Unknown EMS Scene Arrival Hour,99,Unknown EMS Scene Arrival Minutes,99,Unknown,99,Unknown EMS Hospital Arrival Time,1
36,New York,360926,1,1,1,1,0,2,2,61,NEW YORK (61),4170,NEW YORK,12,December,5,5,2,Monday,2022,8,8:00am-8:59am,31,31,WHITE ST,LAFAYETTE ST,5,Local Street - Township,2,Urban,7,Local,4,City or Municipal Highway Agency,0,This section IS NOT on the NHS,0,No Special Jurisdiction,0,None,40.71724444,40.71724444,-74.00158056,-74.00158056,8,Pedestrian,0,The First Harmful Event was Not a Collision with a Motor Vehicle in Transport,0,No,3,Intersection-Related,2,Four-Way Intersection,1,On Roadway,0,None,1,Daylight,1,Clear,0,No,0000000,Not Applicable,8,8:00am-8:59am,31,31,99,Unknown EMS Scene Arrival Hour,99,Unknown EMS Scene Arrival Minutes,99,Unknown,99,Unknown EMS Hospital Arrival Time,1
36,New York,360927,0,0,2,2,0,2,2,1,ALBANY (1),50,ALBANY,8,August,26,26,6,Friday,2022,14,2:00pm-2:59pm,54,54,I-87,NA,1,Interstate,2,Urban,1,Interstate,1,State Highway Agency,1,This section IS ON the NHS,0,No Special Jurisdiction,99998,Not Reported,99.9999,99.9999,999.9999,999.9999,12,Motor Vehicle In-Transport,1,Front-to-Rear,0,No,1,Non-Junction,1,Not an Intersection,1,On Roadway,0,None,1,Daylight,10,Cloudy,0,No,0000000,Not Applicable,14,2:00pm-2:59pm,54,54,15,3:00pm-3:59pm,4,4,16,4:00pm-4:59pm,0,0,1
36,New York,360928,0,0,1,1,0,1,1,97,SCHUYLER (97),6480,WATKINS GLEN,11,November,24,24,5,Thursday,2022,7,7:00am-7:59am,21,21,SR-414,NA,3,State Highway,1,Rural,4,Minor Arterial,1,State Highway Agency,0,This section IS NOT on the NHS,0,No Special Jurisdiction,99998,Not Reported,42.36090833,42.36090833,-76.86776944,-76.86776944,59,Traffic Sign Support,0,The First Harmful Event was Not a Collision with a Motor Vehicle in Transport,0,No,1,Non-Junction,1,Not an Intersection,4,On Roadside,0,None,1,Daylight,1,Clear,0,No,0000000,Not Applicable,7,7:00am-7:59am,22,22,7,7:00am-7:59am,27,27,7,7:00am-7:59am,38,38,1
36,New York,360929,0,0,2,2,0,3,3,29,ERIE (29),750,BUFFALO,10,October,3,3,2,Monday,2022,13,1:00pm-1:59pm,50,50,SR-16 SENECA ST,NA,3,State Highway,2,Urban,3,Principal Arterial - Other,1,State Highway Agency,1,This section IS ON the NHS,0,No Special Jurisdiction,99998,Not Reported,42.86426111,42.86426111,-78.82154167,-78.82154167,12,Motor Vehicle In-Transport,2,Front-to-Front,0,No,1,Non-Junction,1,Not an Intersection,1,On Roadway,0,None,1,Daylight,1,Clear,0,No,0000000,Not Applicable,13,1:00pm-1:59pm,51,51,13,1:00pm-1:59pm,54,54,99,Unknown,99,Unknown EMS Hospital Arrival Time,1
36,New York,360930,0,0,5,2,3,4,4,1,ALBANY (1),50,ALBANY,11,November,25,25,6,Friday,2022,22,10:00pm-10:59pm,13,13,ONTARIO ST,BRADFORD ST,6,Local Street - Municipality,2,Urban,5,Major Collector,4,City or Municipal Highway Agency,0,This section IS NOT on the NHS,0,No Special Jurisdiction,99998,Not Reported,42.666575,42.666575,-73.77568889,-73.77568889,12,Motor Vehicle In-Transport,6,Angle,0,No,2,Intersection,2,Four-Way Intersection,1,On Roadway,0,None,3,Dark - Lighted,1,Clear,0,No,0000000,Not Applicable,22,10:00pm-10:59pm,13,13,22,10:00pm-10:59pm,13,13,99,Unknown,99,Unknown EMS Hospital Arrival Time,1
36,New York,360931,0,0,2,2,0,2,2,91,SARATOGA (91),2230,GALWAY,9,September,10,10,7,Saturday,2022,20,8:00pm-8:59pm,6,6,SR-29,BENZAL RD,3,State Highway,1,Rural,3,Principal Arterial - Other,1,State Highway Agency,1,This section IS ON the NHS,0,No Special Jurisdiction,99998,Not Reported,43.07131111,43.07131111,-73.98873056,-73.98873056,12,Motor Vehicle In-Transport,6,Angle,0,No,2,Intersection,3,T-Intersection,1,On Roadway,0,None,2,Dark - Not Lighted,10,Cloudy,0,No,0000000,Not Applicable,99,Unknown,99,Unknown,99,Unknown EMS Scene Arrival Hour,99,Unknown EMS Scene Arrival Minutes,88,Not Applicable (Not Transported),88,Not Applicable (Not Transported),1
36,New York,360932,0,0,2,2,0,3,3,81,QUEENS (81),4170,MIDDLE VILLAGE,11,November,26,26,7,Saturday,2022,1,1:00am-1:59am,16,16,37TH AVE,82ND ST,6,Local Street - Municipality,2,Urban,5,Major Collector,4,City or Municipal Highway Agency,0,This section IS NOT on the NHS,0,No Special Jurisdiction,99998,Not Reported,40.74978333,40.74978333,-73.88433056,-73.88433056,12,Motor Vehicle In-Transport,6,Angle,0,No,2,Intersection,2,Four-Way Intersection,1,On Roadway,0,None,3,Dark - Lighted,98,Not Reported,0,No,0000000,Not Applicable,1,1:00am-1:59am,16,16,99,Unknown EMS Scene Arrival Hour,99,Unknown EMS Scene Arrival Minutes,99,Unknown,99,Unknown EMS Hospital Arrival Time,1
36,New York,360933,1,1,1,1,0,1,1,47,KINGS (47),4170,NEW YORK CITY,9,September,23,23,6,Friday,2022,23,11:00pm-11:59pm,10,10,NEW YORK AVE,CORTELYOU RD,6,Local Street - Municipality,2,Urban,4,Minor Arterial,4,City or Municipal Highway Agency,0,This section IS NOT on the NHS,0,No Special Jurisdiction,99998,Not Reported,40.64454444,40.64454444,-73.94602778,-73.94602778,9,Pedalcyclist,0,The First Harmful Event was Not a Collision with a Motor Vehicle in Transport,0,No,2,Intersection,2,Four-Way Intersection,1,On Roadway,0,None,3,Dark - Lighted,1,Clear,0,No,0000000,Not Applicable,23,11:00pm-11:59pm,10,10,99,Unknown EMS Scene Arrival Hour,99,Unknown EMS Scene Arrival Minutes,99,Unknown,99,Unknown EMS Hospital Arrival Time,1
36,New York,360934,0,0,3,3,0,13,13,71,ORANGE (71),2690,HIGHLAND FALLS,10,October,23,23,1,Sunday,2022,14,2:00pm-2:59pm,29,29,US-6,US-6 RAMP,2,US Highway,1,Rural,2,Principal Arterial - Other Freeways and Expressways,11,"State Park, Forest, or Reservation Agency",1,This section IS ON the NHS,0,No Special Jurisdiction,99998,Not Reported,41.30521944,41.30521944,-74.03414167,-74.03414167,12,Motor Vehicle In-Transport,6,Angle,1,Yes,2,Intersection,6,Roundabout,1,On Roadway,0,None,1,Daylight,1,Clear,0,No,0000000,Not Applicable,14,2:00pm-2:59pm,38,38,14,2:00pm-2:59pm,44,44,15,3:00pm-3:59pm,14,14,1
36,New York,360935,0,0,2,2,0,2,2,119,WESTCHESTER (119),6235,VALHALLA,7,July,10,10,1,Sunday,2022,15,3:00pm-3:59pm,20,20,SR-987G TACONIC STATE PKWY,CLEVELAND ST,3,State Highway,2,Urban,2,Principal Arterial - Other Freeways and Expressways,1,State Highway Agency,1,This section IS ON the NHS,0,No Special Jurisdiction,99998,Not Reported,41.07318889,41.07318889,-73.77246389,-73.77246389,12,Motor Vehicle In-Transport,6,Angle,0,No,2,Intersection,2,Four-Way Intersection,1,On Roadway,0,None,1,Daylight,1,Clear,0,No,0000000,Not Applicable,15,3:00pm-3:59pm,20,20,15,3:00pm-3:59pm,31,31,15,3:00pm-3:59pm,37,37,1
36,New York,360936,0,0,2,2,0,3,3,59,NASSAU (59),2600,HEMPSTEAD,8,August,29,29,2,Monday,2022,21,9:00pm-9:59pm,56,56,DUTCH BROADWAY,HARRIET ST,5,Local Street - Township,2,Urban,7,Local,3,Town or Township Highway Agency,0,This section IS NOT on the NHS,0,No Special Jurisdiction,99998,Not Reported,40.68950278,40.68950278,-73.70803333,-73.70803333,12,Motor Vehicle In-Transport,6,Angle,0,No,2,Intersection,3,T-Intersection,1,On Roadway,0,None,3,Dark - Lighted,1,Clear,0,No,0000000,Not Applicable,99,Unknown,99,Unknown,99,Unknown EMS Scene Arrival Hour,99,Unknown EMS Scene Arrival Minutes,99,Unknown,99,Unknown EMS Hospital Arrival Time,1
36,New York,360938,0,0,2,2,0,2,2,87,ROCKLAND (87),6000,SUFFERN,9,September,27,27,3,Tuesday,2022,10,10:00am-10:59am,21,21,US-202 HAVERSTRAW RD,MAYER DR,2,US Highway,2,Urban,4,Minor Arterial,1,State Highway Agency,0,This section IS NOT on the NHS,0,No Special Jurisdiction,99998,Not Reported,41.13395,41.13395,-74.13092222,-74.13092222,12,Motor Vehicle In-Transport,6,Angle,0,No,2,Intersection,3,T-Intersection,1,On Roadway,0,None,1,Daylight,1,Clear,0,No,0000000,Not Applicable,10,10:00am-10:59am,21,21,10,10:00am-10:59am,28,28,10,10:00am-10:59am,49,49,1
36,New York,360939,0,0,2,2,0,3,3,59,NASSAU (59),2600,HEMPSTEAD,11,November,12,12,7,Saturday,2022,20,8:00pm-8:59pm,52,52,SR-908M SOUTHERN STATE PKWY,NA,3,State Highway,2,Urban,2,Principal Arterial - Other Freeways and Expressways,1,State Highway Agency,1,This section IS ON the NHS,0,No Special Jurisdiction,99998,Not Reported,40.68303333,40.68303333,-73.66846389,-73.66846389,12,Motor Vehicle In-Transport,1,Front-to-Rear,0,No,1,Non-Junction,1,Not an Intersection,1,On Roadway,0,None,3,Dark - Lighted,1,Clear,0,No,0000000,Not Applicable,20,8:00pm-8:59pm,52,52,20,8:00pm-8:59pm,59,59,21,9:00pm-9:59pm,24,24,1
36,New York,360940,0,0,2,2,0,2,2,105,SULLIVAN (105),532,BETHEL,11,November,28,28,2,Monday,2022,8,8:00am-8:59am,52,52,SR-17B,NA,3,State Highway,1,Rural,4,Minor Arterial,1,State Highway Agency,0,This section IS NOT on the NHS,0,No Special Jurisdiction,99998,Not Reported,41.67592778,41.67592778,-74.85120833,-74.85120833,12,Motor Vehicle In-Transport,2,Front-to-Front,0,No,1,Non-Junction,1,Not an Intersection,1,On Roadway,0,None,1,Daylight,2,Rain,0,No,0000000,Not Applicable,9,9:00am-9:59am,2,2,9,9:00am-9:59am,43,43,99,Unknown,99,Unknown EMS Hospital Arrival Time,1
36,New York,360941,0,0,1,1,0,2,2,47,KINGS (47),4170,NEW YORK CITY,8,August,22,22,2,Monday,2022,16,4:00pm-4:59pm,40,40,CADMAN PLAZA WEST,NA,6,Local Street - Municipality,2,Urban,7,Local,4,City or Municipal Highway Agency,0,This section IS NOT on the NHS,0,No Special Jurisdiction,0,None,40.70301389,40.70301389,-73.994625,-73.994625,43,Other Fixed Object,0,The First Harmful Event was Not a Collision with a Motor Vehicle in Transport,0,No,1,Non-Junction,1,Not an Intersection,4,On Roadside,0,None,1,Daylight,1,Clear,0,No,0000000,Not Applicable,99,Unknown,99,Unknown,99,Unknown EMS Scene Arrival Hour,99,Unknown EMS Scene Arrival Minutes,99,Unknown,99,Unknown EMS Hospital Arrival Time,1
36,New York,360942,0,0,3,3,0,4,4,55,MONROE (55),5230,ROCHESTER,11,November,26,26,7,Saturday,2022,2,2:00am-2:59am,28,28,BROWN ST,EDDY ST,6,Local Street - Municipality,2,Urban,5,Major Collector,4,City or Municipal Highway Agency,0,This section IS NOT on the NHS,0,No Special Jurisdiction,99998,Not Reported,43.15181667,43.15181667,-77.63401111,-77.63401111,12,Motor Vehicle In-Transport,6,Angle,0,No,2,Intersection,3,T-Intersection,1,On Roadway,0,None,3,Dark - Lighted,1,Clear,0,No,0000000,Not Applicable,2,2:00am-2:59am,28,28,2,2:00am-2:59am,32,32,99,Unknown,99,Unknown EMS Hospital Arrival Time,1
36,New York,360943,1,1,1,1,0,1,1,81,QUEENS (81),4170,MIDDLE VILLAGE,11,November,29,29,3,Tuesday,2022,6,6:00am-6:59am,0,0,84TH ST,NA,6,Local Street - Municipality,2,Urban,7,Local,4,City or Municipal Highway Agency,0,This section IS NOT on the NHS,0,No Special Jurisdiction,99998,Not Reported,40.66572778,40.66572778,-73.85016944,-73.85016944,8,Pedestrian,0,The First Harmful Event was Not a Collision with a Motor Vehicle in Transport,0,No,1,Non-Junction,1,Not an Intersection,1,On Roadway,0,None,3,Dark - Lighted,1,Clear,0,No,0000000,Not Applicable,99,Unknown,99,Unknown,99,Unknown EMS Scene Arrival Hour,99,Unknown EMS Scene Arrival Minutes,99,Unknown,99,Unknown EMS Hospital Arrival Time,1
36,New York,360944,0,0,1,1,0,1,1,115,WASHINGTON (115),2070,FORT ANN,10,October,18,18,3,Tuesday,2022,14,2:00pm-2:59pm,37,37,SR-22,NA,3,State Highway,1,Rural,4,Minor Arterial,1,State Highway Agency,0,This section IS NOT on the NHS,0,No Special Jurisdiction,99998,Not Reported,43.45684722,43.45684722,-73.38083611,-73.38083611,42,Tree (Standing Only),0,The First Harmful Event was Not a Collision with a Motor Vehicle in Transport,0,No,1,Non-Junction,1,Not an Intersection,4,On Roadside,0,None,1,Daylight,10,Cloudy,0,No,0000000,Not Applicable,14,2:00pm-2:59pm,36,36,14,2:00pm-2:59pm,51,51,99,Unknown,99,Unknown EMS Hospital Arrival Time,1