STATE,STATENAME,ST_CASE,PEDS,PERNOTMVIT,VE_TOTAL,VE_FORMS,PVH_INVL,PERSONS,PERMVIT,COUNTY,COUNTYNAME,CITY,CITYNAME,MONTH,MONTHNAME,DAY,DAYNAME,DAY_WEEK,DAY_WEEKNAME,YEAR,HOUR,HOURNAME,MINUTE,MINUTENAME,TWAY_ID,TWAY_ID2,ROUTE,ROUTENAME,RUR_URB,RUR_URBNAME,FUNC_SYS,FUNC_SYSNAME,RD_OWNER,RD_OWNERNAME,NHS,NHSNAME,SP_JUR,SP_JURNAME,MILEPT,MILEPTNAME,LATITUDE,LATITUDENAME,LONGITUD,LONGITUDNAME,HARM_EV,HARM_EVNAME,MAN_COLL,MAN_COLLNAME,RELJCT1,RELJCT1NAME,RELJCT2,RELJCT2NAME,TYP_INT,TYP_INTNAME,REL_ROAD,REL_ROADNAME,WRK_ZONE,WRK_ZONENAME,LGT_COND,LGT_CONDNAME,WEATHER,WEATHERNAME,SCH_BUS,SCH_BUSNAME,RAIL,RAILNAME,NOT_HOUR,NOT_HOURNAME,NOT_MIN,NOT_MINNAME,ARR_HOUR,ARR_HOURNAME,ARR_MIN,ARR_MINNAME,HOSP_HR,HOSP_HRNAME,HOSP_MN,HOSP_MNNAME,FATALS
36,New York,360981,0,0,1,1,0,1,1,27,DUTCHESS (27),3084,LAGRANGEVILLE,12,December,24,24,7,Saturday,2022,20,8:00pm-8:59pm,35,35,CR-46 OVERLOOK RD,SLEIGHT PLASS RD,4,County Road,2,Urban,5,Major Collector,2,County Highway Agency,0,This section IS NOT on the NHS,0,No Special Jurisdiction,99998,Not Reported,41.69757222,41.69757222,-73.85497778,-73.85497778,42,Tree (Standing Only),0,The First Harmful Event was Not a Collision with a Motor Vehicle in Transport,0,No,3,Intersection-Related,3,T-Intersection,4,On Roadside,0,None,3,Dark - Lighted,1,Clear,0,No,0000000,Not Applicable,20,8:00pm-8:59pm,37,37,20,8:00pm-8:59pm,42,42,21,9:00pm-9:59pm,18,18,1
36,New York,360982,0,0,11,1,10,1,1,81,QUEENS (81),4170,MIDDLE VILLAGE,12,December,26,26,2,Monday,2022,3,3:00am-3:59am,28,28,SR-878 NASSAU EXPRESSWAY,NA,3,State Highway,2,Urban,2,Principal Arterial - Other Freeways and Expressways,1,State Highway Agency,1,This section IS ON the NHS,0,No Special Jurisdiction,99998,Not Reported,40.66329167,40.66329167,-73.81770833,-73.81770833,24,Guardrail Face,0,The First Harmful Event was Not a Collision with a Motor Vehicle in Transport,0,No,1,Non-Junction,1,Not an Intersection,4,On Roadside,0,None,3,Dark - Lighted,1,Clear,0,No,0000000,Not Applicable,99,Unknown,99,Unknown,99,Unknown EMS Scene Arrival Hour,99,Unknown EMS Scene Arrival Minutes,88,Not Applicable (Not Transported),88,Not Applicable (Not Transported),1
36,New York,360983,1,1,1,1,0,1,1,47,KINGS (47),4170,NEW YORK CITY,11,November,28,28,2,Monday,2022,17,5:00pm-5:59pm,46,46,TAYLOR ST,KENT AVE,6,Local Street - Municipality,2,Urban,7,Local,4,City or Municipal Highway Agency,0,This section IS NOT on the NHS,0,No Special Jurisdiction,99998,Not Reported,40.70378889,40.70378889,-73.96643056,-73.96643056,8,Pedestrian,0,The First Harmful Event was Not a Collision with a Motor Vehicle in Transport,0,No,3,Intersection-Related,3,T-Intersection,1,On Roadway,0,None,3,Dark - Lighted,1,Clear,0,No,0000000,Not Applicable,99,Unknown,99,Unknown,99,Unknown EMS Scene Arrival Hour,99,Unknown EMS Scene Arrival Minutes,99,Unknown,99,Unknown EMS Hospital Arrival Time,1
36,New York,360984,0,0,2,2,0,2,2,43,HERKIMER (43),2120,FRANKFORT,12,December,13,13,3,Tuesday,2022,18,6:00pm-6:59pm,51,51,SR-5,NA,3,State Highway,2,Urban,3,Principal Arterial - Other,1,State Highway Agency,1,This section IS ON the NHS,0,No Special Jurisdiction,99998,Not Reported,43.09626111,43.09626111,-75.14687222,-75.14687222,12,Motor Vehicle In-Transport,2,Front-to-Front,0,No,1,Non-Junction,1,Not an Intersection,1,On Roadway,0,None,2,Dark - Not Lighted,10,Cloudy,0,No,0000000,Not Applicable,18,6:00pm-6:59pm,51,51,19,7:00pm-7:59pm,1,1,19,7:00pm-7:59pm,18,18,1
36,New York,360985,0,0,1,1,0,1,1,67,ONONDAGA (67),6010,SYRACUSE,10,October,5,5,4,Wednesday,2022,0,0:00am-0:59am,47,47,SR-173 E SENECA TPK,NA,3,State Highway,2,Urban,4,Minor Arterial,1,State Highway Agency,0,This section IS NOT on the NHS,0,No Special Jurisdiction,99998,Not Reported,43.00056389,43.00056389,-76.13815556,-76.13815556,42,Tree (Standing Only),0,The First Harmful Event was Not a Collision with a Motor Vehicle in Transport,0,No,1,Non-Junction,1,Not an Intersection,4,On Roadside,0,None,3,Dark - Lighted,10,Cloudy,0,No,0000000,Not Applicable,99,Unknown,99,Unknown,99,Unknown EMS Scene Arrival Hour,99,Unknown EMS Scene Arrival Minutes,88,Not Applicable (Not Transported),88,Not Applicable (Not Transported),1
36,New York,360986,1,1,1,1,0,1,1,47,KINGS (47),4170,NEW YORK CITY,12,December,28,28,4,Wednesday,2022,14,2:00pm-2:59pm,3,3,UTICA AVE,ST JOHNS PL,6,Local Street - Municipality,2,Urban,3,Principal Arterial - Other,4,City or Municipal Highway Agency,1,This section IS ON the NHS,0,No Special Jurisdiction,0,None,40.67048889,40.67048889,-73.93091389,-73.93091389,8,Pedestrian,0,The First Harmful Event was Not a Collision with a Motor Vehicle in Transport,0,No,3,Intersection-Related,2,Four-Way Intersection,1,On Roadway,0,None,1,Daylight,1,Clear,0,No,0000000,Not Applicable,99,Unknown,99,Unknown,99,Unknown EMS Scene Arrival Hour,99,Unknown EMS Scene Arrival Minutes,88,Not Applicable (Not Transported),88,Not Applicable (Not Transported),1
36,New York,360987,0,0,2,2,0,2,2,47,KINGS (47),4170,NEW YORK CITY,12,December,28,28,4,Wednesday,2022,5,5:00am-5:59am,32,32,GRAND ST,GRAHAM AVE,6,Local Street - Municipality,2,Urban,5,Major Collector,4,City or Municipal Highway Agency,0,This section IS NOT on the NHS,0,No Special Jurisdiction,0,None,40.71170278,40.71170278,-73.943825,-73.943825,12,Motor Vehicle In-Transport,6,Angle,0,No,3,Intersection-Related,2,Four-Way Intersection,1,On Roadway,0,None,3,Dark - Lighted,1,Clear,0,No,0000000,Not Applicable,5,5:00am-5:59am,32,32,5,5:00am-5:59am,40,40,6,6:00am-6:59am,0,0,1
36,New York,360988,0,0,3,3,0,4,4,119,WESTCHESTER (119),6820,YONKERS,12,December,1,1,5,Thursday,2022,15,3:00pm-3:59pm,34,34,CR-59 TUCKAHOE RD,NA,4,County Road,2,Urban,3,Principal Arterial - Other,2,County Highway Agency,1,This section IS ON the NHS,0,No Special Jurisdiction,99998,Not Reported,40.95238333,40.95238333,-73.8534,-73.8534,12,Motor Vehicle In-Transport,6,Angle,0,No,1,Non-Junction,1,Not an Intersection,1,On Roadway,0,None,1,Daylight,1,Clear,0,No,0000000,Not Applicable,15,3:00pm-3:59pm,34,34,15,3:00pm-3:59pm,45,45,16,4:00pm-4:59pm,5,5,1
36,New York,360989,0,0,1,1,0,1,1,59,NASSAU (59),2600,HEMPSTEAD,9,September,22,22,5,Thursday,2022,1,1:00am-1:59am,17,17,SR-908M NORTHERN STATE PKY RMP,NA,3,State Highway,2,Urban,3,Principal Arterial - Other,1,State Highway Agency,1,This section IS ON the NHS,0,No Special Jurisdiction,99998,Not Reported,40.7788,40.7788,-73.62504444,-73.62504444,24,Guardrail Face,0,The First Harmful Event was Not a Collision with a Motor Vehicle in Transport,1,Yes,5,Entrance/Exit Ramp Related,1,Not an Intersection,8,Gore,0,None,3,Dark - Lighted,1,Clear,0,No,0000000,Not Applicable,1,1:00am-1:59am,17,17,1,1:00am-1:59am,27,27,88,Not Applicable (Not Transported),88,Not Applicable (Not Transported),1
36,New York,360990,0,0,1,1,0,1,1,59,NASSAU (59),2600,HEMPSTEAD,11,November,25,25,6,Friday,2022,20,8:00pm-8:59pm,56,56,SR-908T,NA,3,State Highway,2,Urban,2,Principal Arterial - Other Freeways and Expressways,1,State Highway Agency,1,This section IS ON the NHS,0,No Special Jurisdiction,99998,Not Reported,40.70570556,40.70570556,-73.52484444,-73.52484444,30,Utility Pole/Light Support,0,The First Harmful Event was Not a Collision with a Motor Vehicle in Transport,0,No,1,Non-Junction,1,Not an Intersection,4,On Roadside,0,None,3,Dark - Lighted,1,Clear,0,No,0000000,Not Applicable,20,8:00pm-8:59pm,56,56,21,9:00pm-9:59pm,4,4,88,Not Applicable (Not Transported),88,Not Applicable (Not Transported),1
36,New York,360991,0,0,1,1,0,1,1,71,ORANGE (71),4980,PORT JERVIS,12,December,15,15,5,Thursday,2022,18,6:00pm-6:59pm,41,41,I-84,NA,1,Interstate,2,Urban,1,Interstate,1,State Highway Agency,1,This section IS ON the NHS,0,No Special Jurisdiction,99998,Not Reported,41.38296389,41.38296389,-74.57775556,-74.57775556,43,Other Fixed Object,0,The First Harmful Event was Not a Collision with a Motor Vehicle in Transport,0,No,1,Non-Junction,1,Not an Intersection,4,On Roadside,0,None,2,Dark - Not Lighted,4,Snow,0,No,0000000,Not Applicable,18,6:00pm-6:59pm,41,41,18,6:00pm-6:59pm,50,50,88,Not Applicable (Not Transported),88,Not Applicable (Not Transported),1
36,New York,360992,0,0,1,1,0,1,1,29,ERIE (29),611,BOSTON,12,December,22,22,5,Thursday,2022,18,6:00pm-6:59pm,38,38,US-219,NA,2,US Highway,1,Rural,2,Principal Arterial - Other Freeways and Expressways,1,State Highway Agency,1,This section IS ON the NHS,0,No Special Jurisdiction,99998,Not Reported,42.68966389,42.68966389,-78.7876,-78.7876,24,Guardrail Face,0,The First Harmful Event was Not a Collision with a Motor Vehicle in Transport,0,No,1,Non-Junction,1,Not an Intersection,3,On Median,0,None,2,Dark - Not Lighted,2,Rain,0,No,0000000,Not Applicable,18,6:00pm-6:59pm,22,22,19,7:00pm-7:59pm,20,20,19,7:00pm-7:59pm,25,25,1
36,New York,360993,0,0,1,1,0,1,1,21,COLUMBIA (21),1100,CHATHAM,12,December,23,23,6,Friday,2022,21,9:00pm-9:59pm,35,35,SR-66 HUDSON AVE,NA,3,State Highway,1,Rural,5,Major Collector,1,State Highway Agency,0,This section IS NOT on the NHS,0,No Special Jurisdiction,99998,Not Reported,42.35514167,42.35514167,-73.6013,-73.6013,30,Utility Pole/Light Support,0,The First Harmful Event was Not a Collision with a Motor Vehicle in Transport,0,No,1,Non-Junction,1,Not an Intersection,4,On Roadside,0,None,3,Dark - Lighted,4,Snow,0,No,0000000,Not Applicable,21,9:00pm-9:59pm,35,35,21,9:00pm-9:59pm,36,36,88,Not Applicable (Not Transported),88,Not Applicable (Not Transported),1
36,New York,360994,0,0,1,1,0,1,1,93,SCHENECTADY (93),5550,SCHENECTADY,12,December,26,26,2,Monday,2022,8,8:00am-8:59am,27,27,CR-43 SWAGGERTOWN RD,NA,4,County Road,2,Urban,5,Major Collector,2,County Highway Agency,0,This section IS NOT on the NHS,0,No Special Jurisdiction,99998,Not Reported,42.89074444,42.89074444,-73.954375,-73.954375,42,Tree (Standing Only),0,The First Harmful Event was Not a Collision with a Motor Vehicle in Transport,0,No,1,Non-Junction,1,Not an Intersection,4,On Roadside,0,None,1,Daylight,1,Clear,0,No,0000000,Not Applicable,99,Unknown,99,Unknown,8,8:00am-8:59am,38,38,9,9:00am-9:59am,2,2,1
36,New York,360995,0,0,1,1,0,3,3,81,QUEENS (81),4170,MIDDLE VILLAGE,12,December,29,29,5,Thursday,2022,2,2:00am-2:59am,6,6,SR-908M BELT PKWY,NA,3,State Highway,2,Urban,2,Principal Arterial - Other Freeways and Expressways,1,State Highway Agency,1,This section IS ON the NHS,0,No Special Jurisdiction,99998,Not Reported,99.9999,99.9999,999.9999,999.9999,35,Embankment,0,The First Harmful Event was Not a Collision with a Motor Vehicle in Transport,0,No,1,Non-Junction,1,Not an Intersection,4,On Roadside,0,None,3,Dark - Lighted,1,Clear,0,No,0000000,Not Applicable,99,Unknown,99,Unknown,99,Unknown EMS Scene Arrival Hour,99,Unknown EMS Scene Arrival Minutes,99,Unknown,99,Unknown EMS Hospital Arrival Time,1
36,New York,360996,0,0,1,1,0,1,1,69,ONTARIO (69),666,BRISTOL,12,December,29,29,5,Thursday,2022,14,2:00pm-2:59pm,44,44,SR-64,NA,3,State Highway,1,Rural,4,Minor Arterial,1,State Highway Agency,0,This section IS NOT on the NHS,0,No Special Jurisdiction,99998,Not Reported,42.80585,42.80585,-77.39026667,-77.39026667,34,Ditch,0,The First Harmful Event was Not a Collision with a Motor Vehicle in Transport,0,No,1,Non-Junction,1,Not an Intersection,4,On Roadside,0,None,1,Daylight,10,Cloudy,0,No,0000000,Not Applicable,14,2:00pm-2:59pm,44,44,14,2:00pm-2:59pm,44,44,99,Unknown,99,Unknown EMS Hospital Arrival Time,1
36,New York,360997,0,0,3,3,0,7,7,29,ERIE (29),2485,HAMBURG,11,November,5,5,7,Saturday,2022,13,1:00pm-1:59pm,36,36,US-20,NA,2,US Highway,2,Urban,3,Principal Arterial - Other,1,State Highway Agency,1,This section IS ON the NHS,0,No Special Jurisdiction,99998,Not Reported,42.70545556,42.70545556,-78.92265278,-78.92265278,12,Motor Vehicle In-Transport,1,Front-to-Rear,0,No,1,Non-Junction,1,Not an Intersection,1,On Roadway,0,None,1,Daylight,1,Clear,0,No,0000000,Not Applicable,13,1:00pm-1:59pm,39,39,13,1:00pm-1:59pm,42,42,14,2:00pm-2:59pm,20,20,1
36,New York,361000,0,0,1,1,0,1,1,111,ULSTER (111),3560,MARLBORO,12,December,31,31,7,Saturday,2022,2,2:00am-2:59am,28,28,US-9W,NA,2,US Highway,2,Urban,3,Principal Arterial - Other,1,State Highway Agency,1,This section IS ON the NHS,0,No Special Jurisdiction,99998,Not Reported,41.63610833,41.63610833,-73.96283889,-73.96283889,24,Guardrail Face,0,The First Harmful Event was Not a Collision with a Motor Vehicle in Transport,0,No,1,Non-Junction,1,Not an Intersection,4,On Roadside,0,None,3,Dark - Lighted,10,Cloudy,0,No,0000000,Not Applicable,99,Unknown,99,Unknown,99,Unknown EMS Scene Arrival Hour,99,Unknown EMS Scene Arrival Minutes,99,Unknown,99,Unknown EMS Hospital Arrival Time,1
36,New York,361001,0,0,2,2,0,4,4,53,MADISON (53),703,BROOKFIELD,11,November,28,28,2,Monday,2022,17,5:00pm-5:59pm,51,51,SR-8,NA,3,State Highway,1,Rural,3,Principal Arterial - Other,1,State Highway Agency,1,This section IS ON the NHS,0,No Special Jurisdiction,99998,Not Reported,42.76966944,42.76966944,-75.27699722,-75.27699722,12,Motor Vehicle In-Transport,1,Front-to-Rear,0,No,1,Non-Junction,1,Not an Intersection,1,On Roadway,0,None,2,Dark - Not Lighted,10,Cloudy,0,No,0000000,Not Applicable,17,5:00pm-5:59pm,53,53,18,6:00pm-6:59pm,8,8,88,Not Applicable (Not Transported),88,Not Applicable (Not Transported),1
36,New York,361002,1,1,1,1,0,1,1,87,ROCKLAND (87),5930,SPRING VALLEY,2,February,7,7,2,Monday,2022,23,11:00pm-11:59pm,25,25,SR-59,NA,3,State Highway,2,Urban,3,Principal Arterial - Other,1,State Highway Agency,1,This section IS ON the NHS,0,No Special Jurisdiction,99998,Not Reported,41.10877222,41.10877222,-74.04251667,-74.04251667,8,Pedestrian,0,The First Harmful Event was Not a Collision with a Motor Vehicle in Transport,0,No,1,Non-Junction,1,Not an Intersection,1,On Roadway,0,None,3,Dark - Lighted,10,Cloudy,0,No,0000000,Not Applicable,23,11:00pm-11:59pm,24,24,23,11:00pm-11:59pm,31,31,23,11:00pm-11:59pm,49,49,1
36,New York,361003,1,1,1,1,0,1,1,103,SUFFOLK (103),2840,HUNTINGTON,12,December,16,16,6,Friday,2022,19,7:00pm-7:59pm,25,25,SR-110 NEW YORK AVE,NA,3,State Highway,2,Urban,3,Principal Arterial - Other,1,State Highway Agency,1,This section IS ON the NHS,0,No Special Jurisdiction,99998,Not Reported,40.85058611,40.85058611,-73.41162222,-73.41162222,8,Pedestrian,0,The First Harmful Event was Not a Collision with a Motor Vehicle in Transport,0,No,1,Non-Junction,1,Not an Intersection,1,On Roadway,0,None,3,Dark - Lighted,2,Rain,0,No,0000000,Not Applicable,19,7:00pm-7:59pm,25,25,19,7:00pm-7:59pm,32,32,19,7:00pm-7:59pm,47,47,1
36,New York,361004,0,0,1,1,0,1,1,71,ORANGE (71),3840,MONTGOMERY,12,December,27,27,3,Tuesday,2022,13,1:00pm-1:59pm,53,53,SR-211,NA,3,State Highway,2,Urban,4,Minor Arterial,1,State Highway Agency,0,This section IS NOT on the NHS,0,No Special Jurisdiction,99998,Not Reported,41.50586111,41.50586111,-74.25883333,-74.25883333,34,Ditch,0,The First Harmful Event was Not a Collision with a Motor Vehicle in Transport,0,No,1,Non-Junction,1,Not an Intersection,4,On Roadside,0,None,1,Daylight,10,Cloudy,0,No,0000000,Not Applicable,99,Unknown,99,Unknown,99,Unknown EMS Scene Arrival Hour,99,Unknown EMS Scene Arrival Minutes,88,Not Applicable (Not Transported),88,Not Applicable (Not Transported),1
36,New York,361005,1,1,1,1,0,1,1,103,SUFFOLK (103),2840,HUNTINGTON,12,December,28,28,4,Wednesday,2022,10,10:00am-10:59am,37,37,NONE,NA,8,Other,6,Trafficway Not in State Inventory,96,Trafficway Not in State Inventory,96,Trafficway Not in State Inventory,0,This section IS NOT on the NHS,0,No Special Jurisdiction,99998,Not Reported,40.83873889,40.83873889,-73.318525,-73.318525,8,Pedestrian,0,The First Harmful Event was Not a Collision with a Motor Vehicle in Transport,0,No,1,Non-Junction,1,Not an Intersection,1,On Roadway,0,None,1,Daylight,1,Clear,0,No,0000000,Not Applicable,10,10:00am-10:59am,38,38,10,10:00am-10:59am,40,40,11,11:00am-11:59am,15,15,1
36,New York,361006,0,0,2,2,0,3,3,59,NASSAU (59),4600,OYSTER BAY,12,December,31,31,7,Saturday,2022,2,2:00am-2:59am,31,31,I-495 LONG ISLAND EXPRESSWAY,NA,1,Interstate,2,Urban,1,Interstate,1,State Highway Agency,1,This section IS ON the NHS,0,No Special Jurisdiction,99998,Not Reported,40.79660833,40.79660833,-73.50553056,-73.50553056,12,Motor Vehicle In-Transport,1,Front-to-Rear,0,No,1,Non-Junction,1,Not an Intersection,1,On Roadway,0,None,3,Dark - Lighted,10,Cloudy,0,No,0000000,Not Applicable,2,2:00am-2:59am,31,31,2,2:00am-2:59am,36,36,3,3:00am-3:59am,2,2,1
36,New York,361007,1,1,1,1,0,1,1,17,CHENANGO (17),5650,SHERBURNE,12,December,5,5,2,Monday,2022,18,6:00pm-6:59pm,14,14,SR-80,NA,3,State Highway,1,Rural,4,Minor Arterial,1,State Highway Agency,0,This section IS NOT on the NHS,0,No Special Jurisdiction,99998,Not Reported,42.67980833,42.67980833,-75.4671,-75.4671,8,Pedestrian,0,The First Harmful Event was Not a Collision with a Motor Vehicle in Transport,0,No,1,Non-Junction,1,Not an Intersection,1,On Roadway,0,None,2,Dark - Not Lighted,1,Clear,0,No,0000000,Not Applicable,18,6:00pm-6:59pm,8,8,18,6:00pm-6:59pm,16,16,88,Not Applicable (Not Transported),88,Not Applicable (Not Transported),1
36,New York,361008,0,0,2,2,0,2,2,71,ORANGE (71),6163,TUXEDO PARK,9,September,6,6,3,Tuesday,2022,1,1:00am-1:59am,2,2,I-87,NA,1,Interstate,1,Rural,1,Interstate,1,State Highway Agency,1,This section IS ON the NHS,0,No Special Jurisdiction,99998,Not Reported,41.18675556,41.18675556,-74.18124722,-74.18124722,12,Motor Vehicle In-Transport,2,Front-to-Front,0,No,1,Non-Junction,1,Not an Intersection,1,On Roadway,0,None,2,Dark - Not Lighted,2,Rain,0,No,0000000,Not Applicable,1,1:00am-1:59am,2,2,1,1:00am-1:59am,20,20,88,Not Applicable (Not Transported),88,Not Applicable (Not Transported),2
36,New York,361009,0,0,2,2,0,2,2,69,ONTARIO (69),4770,PHELPS,12,December,7,7,4,Wednesday,2022,16,4:00pm-4:59pm,7,7,SR-14,NA,3,State Highway,1,Rural,3,Principal Arterial - Other,1,State Highway Agency,1,This section IS ON the NHS,0,No Special Jurisdiction,99998,Not Reported,42.93801944,42.93801944,-76.97789444,-76.97789444,12,Motor Vehicle In-Transport,1,Front-to-Rear,0,No,1,Non-Junction,1,Not an Intersection,1,On Roadway,0,None,1,Daylight,10,Cloudy,0,No,0000000,Not Applicable,16,4:00pm-4:59pm,13,13,16,4:00pm-4:59pm,21,21,17,5:00pm-5:59pm,19,19,1
36,New York,361010,0,0,1,1,0,1,1,29,ERIE (29),1170,CLARENCE,11,November,14,14,2,Monday,2022,14,2:00pm-2:59pm,10,10,CR-560 SALT RD,NA,4,County Road,1,Rural,6,Minor Collector,2,County Highway Agency,0,This section IS NOT on the NHS,0,No Special Jurisdiction,99998,Not Reported,43.05295278,43.05295278,-78.60641944,-78.60641944,34,Ditch,0,The First Harmful Event was Not a Collision with a Motor Vehicle in Transport,0,No,1,Non-Junction,1,Not an Intersection,4,On Roadside,0,None,1,Daylight,1,Clear,0,No,0000000,Not Applicable,14,2:00pm-2:59pm,10,10,14,2:00pm-2:59pm,16,16,88,Not Applicable (Not Transported),88,Not Applicable (Not Transported),1
36,New York,361011,1,1,1,1,0,1,1,61,NEW YORK (61),4170,NEW YORK,12,December,8,8,5,Thursday,2022,15,3:00pm-3:59pm,20,20,FT WASHINGTON AVE,W 161 ST,6,Local Street - Municipality,2,Urban,4,Minor Arterial,4,City or Municipal Highway Agency,0,This section IS NOT on the NHS,0,No Special Jurisdiction,99998,Not Reported,40.83709722,40.83709722,-73.94431944,-73.94431944,15,Non-Motorist on Personal Conveyance,0,The First Harmful Event was Not a Collision with a Motor Vehicle in Transport,0,No,2,Intersection,2,Four-Way Intersection,1,On Roadway,0,None,1,Daylight,10,Cloudy,0,No,0000000,Not Applicable,99,Unknown,99,Unknown,99,Unknown EMS Scene Arrival Hour,99,Unknown EMS Scene Arrival Minutes,99,Unknown,99,Unknown EMS Hospital Arrival Time,1
36,New York,361012,0,0,2,2,0,2,2,101,STEUBEN (101),420,BATH,12,December,17,17,7,Saturday,2022,10,10:00am-10:59am,10,10,CR-11,NA,4,County Road,1,Rural,5,Major Collector,2,County Highway Agency,0,This section IS NOT on the NHS,0,No Special Jurisdiction,99998,Not Reported,42.3054,42.3054,-77.285275,-77.285275,12,Motor Vehicle In-Transport,2,Front-to-Front,0,No,1,Non-Junction,1,Not an Intersection,1,On Roadway,0,None,1,Daylight,10,Cloudy,0,No,0000000,Not Applicable,10,10:00am-10:59am,12,12,10,10:00am-10:59am,28,28,14,2:00pm-2:59pm,37,37,2
36,New York,361014,0,1,2,1,1,3,2,71,ORANGE (71),3730,MIDDLETOWN,12,December,29,29,5,Thursday,2022,21,9:00pm-9:59pm,13,13,I-84,NA,1,Interstate,2,Urban,1,Interstate,1,State Highway Agency,1,This section IS ON the NHS,0,No Special Jurisdiction,99998,Not Reported,41.47950833,41.47950833,-74.29491111,-74.29491111,14,Parked Motor Vehicle,0,The First Harmful Event was Not a Collision with a Motor Vehicle in Transport,0,No,1,Non-Junction,1,Not an Intersection,6,Off Roadway-Location Unknown,0,None,2,Dark - Not Lighted,1,Clear,0,No,0000000,Not Applicable,21,9:00pm-9:59pm,13,13,21,9:00pm-9:59pm,25,25,99,Unknown,99,Unknown EMS Hospital Arrival Time,1
36,New York,361015,1,1,4,4,0,2,2,47,KINGS (47),4170,NEW YORK CITY,12,December,31,31,7,Saturday,2022,0,0:00am-0:59am,58,58,I-278,NA,1,Interstate,2,Urban,1,Interstate,1,State Highway Agency,1,This section IS ON the NHS,0,No Special Jurisdiction,99998,Not Reported,40.64336667,40.64336667,-74.01881944,-74.01881944,8,Pedestrian,0,The First Harmful Event was Not a Collision with a Motor Vehicle in Transport,0,No,1,Non-Junction,1,Not an Intersection,1,On Roadway,0,None,3,Dark - Lighted,10,Cloudy,0,No,0000000,Not Applicable,0,0:00am-0:59am,58,58,99,Unknown EMS Scene Arrival Hour,99,Unknown EMS Scene Arrival Minutes,99,Unknown,99,Unknown EMS Hospital Arrival Time,1
36,New York,361016,0,0,2,2,0,2,2,59,NASSAU (59),2600,HEMPSTEAD,9,September,24,24,7,Saturday,2022,5,5:00am-5:59am,1,1,SR-908M SOUTHERN STATE PKWY,NA,3,State Highway,2,Urban,2,Principal Arterial - Other Freeways and Expressways,1,State Highway Agency,1,This section IS ON the NHS,0,No Special Jurisdiction,99998,Not Reported,40.67935278,40.67935278,-73.69701111,-73.69701111,12,Motor Vehicle In-Transport,1,Front-to-Rear,0,No,1,Non-Junction,1,Not an Intersection,1,On Roadway,0,None,3,Dark - Lighted,1,Clear,0,No,0000000,Not Applicable,5,5:00am-5:59am,1,1,5,5:00am-5:59am,12,12,99,Unknown,99,Unknown EMS Hospital Arrival Time,1
36,New York,361017,0,0,2,2,0,5,5,19,CLINTON (19),4880,PLATTSBURGH,12,December,2,2,6,Friday,2022,11,11:00am-11:59am,49,49,DURAND RD,NA,5,Local Street - Township,1,Rural,7,Local,3,Town or Township Highway Agency,0,This section IS NOT on the NHS,0,No Special Jurisdiction,99998,Not Reported,44.73146667,44.73146667,-73.48205278,-73.48205278,12,Motor Vehicle In-Transport,2,Front-to-Front,0,No,1,Non-Junction,1,Not an Intersection,1,On Roadway,0,None,1,Daylight,10,Cloudy,0,No,0000000,Not Applicable,11,11:00am-11:59am,45,45,11,11:00am-11:59am,50,50,99,Unknown,99,Unknown EMS Hospital Arrival Time,1
36,New York,361018,0,0,1,1,0,1,1,91,SARATOGA (91),5860,SOUTH GLENS FALLS,10,October,29,29,7,Saturday,2022,22,10:00pm-10:59pm,18,18,FERRY BLVD,NA,5,Local Street - Township,2,Urban,4,Minor Arterial,3,Town or Township Highway Agency,0,This section IS NOT on the NHS,0,No Special Jurisdiction,99998,Not Reported,43.299625,43.299625,-73.62256111,-73.62256111,42,Tree (Standing Only),0,The First Harmful Event was Not a Collision with a Motor Vehicle in Transport,0,No,1,Non-Junction,1,Not an Intersection,4,On Roadside,0,None,3,Dark - Lighted,1,Clear,0,No,0000000,Not Applicable,22,10:00pm-10:59pm,22,22,22,10:00pm-10:59pm,36,36,22,10:00pm-10:59pm,57,57,1
36,New York,361019,0,0,1,1,0,1,1,113,WARREN (113),2968,JOHNSBURG,11,November,9,9,4,Wednesday,2022,16,4:00pm-4:59pm,36,36,CR-29 PEACEFUL VALLEY RD,NA,4,County Road,1,Rural,5,Major Collector,2,County Highway Agency,0,This section IS NOT on the NHS,0,No Special Jurisdiction,99998,Not Reported,43.66875833,43.66875833,-73.99563611,-73.99563611,42,Tree (Standing Only),0,The First Harmful Event was Not a Collision with a Motor Vehicle in Transport,0,No,1,Non-Junction,1,Not an Intersection,4,On Roadside,0,None,1,Daylight,1,Clear,0,No,0000000,Not Applicable,16,4:00pm-4:59pm,36,36,16,4:00pm-4:59pm,37,37,88,Not Applicable (Not Transported),88,Not Applicable (Not Transported),1