STATE,STATENAME,ST_CASE,PEDS,PERNOTMVIT,VE_TOTAL,VE_FORMS,PVH_INVL,PERSONS,PERMVIT,COUNTY,COUNTYNAME,CITY,CITYNAME,MONTH,MONTHNAME,DAY,DAYNAME,DAY_WEEK,DAY_WEEKNAME,YEAR,HOUR,HOURNAME,MINUTE,MINUTENAME,TWAY_ID,TWAY_ID2,ROUTE,ROUTENAME,RUR_URB,RUR_URBNAME,FUNC_SYS,FUNC_SYSNAME,RD_OWNER,RD_OWNERNAME,NHS,NHSNAME,SP_JUR,SP_JURNAME,MILEPT,MILEPTNAME,LATITUDE,LATITUDENAME,LONGITUD,LONGITUDNAME,HARM_EV,HARM_EVNAME,MAN_COLL,MAN_COLLNAME,RELJCT1,RELJCT1NAME,RELJCT2,RELJCT2NAME,TYP_INT,TYP_INTNAME,REL_ROAD,REL_ROADNAME,WRK_ZONE,WRK_ZONENAME,LGT_COND,LGT_CONDNAME,WEATHER,WEATHERNAME,SCH_BUS,SCH_BUSNAME,RAIL,RAILNAME,NOT_HOUR,NOT_HOURNAME,NOT_MIN,NOT_MINNAME,ARR_HOUR,ARR_HOURNAME,ARR_MIN,ARR_MINNAME,HOSP_HR,HOSP_HRNAME,HOSP_MN,HOSP_MNNAME,FATALS
36,New York,361020,0,0,1,1,0,1,1,55,MONROE (55),652,BRIGHTON,12,December,17,17,7,Saturday,2022,23,11:00pm-11:59pm,57,57,I-590,NA,1,Interstate,2,Urban,1,Interstate,1,State Highway Agency,1,This section IS ON the NHS,0,No Special Jurisdiction,99998,Not Reported,43.12960556,43.12960556,-77.55349444,-77.55349444,30,Utility Pole/Light Support,0,The First Harmful Event was Not a Collision with a Motor Vehicle in Transport,0,No,1,Non-Junction,1,Not an Intersection,4,On Roadside,0,None,3,Dark - Lighted,10,Cloudy,0,No,0000000,Not Applicable,23,11:00pm-11:59pm,57,57,0,0:00am-0:59am,7,7,0,0:00am-0:59am,37,37,1
36,New York,361022,0,0,2,2,0,2,2,91,SARATOGA (91),6731,WILTON,8,August,12,12,6,Friday,2022,8,8:00am-8:59am,55,55,US-9 SARATOGA RD,NA,2,US Highway,2,Urban,4,Minor Arterial,1,State Highway Agency,0,This section IS NOT on the NHS,0,No Special Jurisdiction,99998,Not Reported,43.13327778,43.13327778,-73.76957778,-73.76957778,12,Motor Vehicle In-Transport,6,Angle,0,No,8,Driveway Access Related,1,Not an Intersection,1,On Roadway,0,None,1,Daylight,1,Clear,0,No,0000000,Not Applicable,8,8:00am-8:59am,55,55,9,9:00am-9:59am,2,2,9,9:00am-9:59am,24,24,1
36,New York,361023,0,0,2,2,0,2,2,11,CAYUGA (11),990,CAYUGA,8,August,31,31,4,Wednesday,2022,13,1:00pm-1:59pm,13,13,CR-142A,NA,4,County Road,1,Rural,5,Major Collector,2,County Highway Agency,0,This section IS NOT on the NHS,0,No Special Jurisdiction,99998,Not Reported,42.96603611,42.96603611,-76.68728333,-76.68728333,12,Motor Vehicle In-Transport,6,Angle,0,No,8,Driveway Access Related,1,Not an Intersection,1,On Roadway,0,None,1,Daylight,10,Cloudy,0,No,0000000,Not Applicable,13,1:00pm-1:59pm,15,15,13,1:00pm-1:59pm,26,26,14,2:00pm-2:59pm,4,4,1
36,New York,361024,0,0,1,1,0,1,1,55,MONROE (55),2248,GATES,12,December,27,27,3,Tuesday,2022,16,4:00pm-4:59pm,2,2,I-490 RAMP,NA,1,Interstate,2,Urban,1,Interstate,1,State Highway Agency,1,This section IS ON the NHS,0,No Special Jurisdiction,99998,Not Reported,43.15694167,43.15694167,-77.72022222,-77.72022222,1,Rollover/Overturn,0,The First Harmful Event was Not a Collision with a Motor Vehicle in Transport,1,Yes,5,Entrance/Exit Ramp Related,1,Not an Intersection,8,Gore,0,None,5,Dusk,10,Cloudy,0,No,0000000,Not Applicable,16,4:00pm-4:59pm,3,3,16,4:00pm-4:59pm,13,13,16,4:00pm-4:59pm,24,24,1
36,New York,361025,1,1,1,1,0,1,1,27,DUTCHESS (27),6380,WAPPINGERS FALLS,6,June,18,18,7,Saturday,2022,22,10:00pm-10:59pm,9,9,SR-9D SOUTH RD,E ACADEMY ST,3,State Highway,2,Urban,3,Principal Arterial - Other,1,State Highway Agency,1,This section IS ON the NHS,0,No Special Jurisdiction,99998,Not Reported,41.59465,41.59465,-73.91885,-73.91885,8,Pedestrian,0,The First Harmful Event was Not a Collision with a Motor Vehicle in Transport,0,No,3,Intersection-Related,3,T-Intersection,1,On Roadway,0,None,3,Dark - Lighted,1,Clear,0,No,0000000,Not Applicable,22,10:00pm-10:59pm,9,9,22,10:00pm-10:59pm,13,13,22,10:00pm-10:59pm,32,32,1
36,New York,361026,1,1,1,1,0,1,1,71,ORANGE (71),3830,MONROE,12,December,25,25,1,Sunday,2022,11,11:00am-11:59am,1,1,CR-44SEVEN SPRINGS MOUNTAIN RD,NA,4,County Road,2,Urban,5,Major Collector,2,County Highway Agency,0,This section IS NOT on the NHS,0,No Special Jurisdiction,99998,Not Reported,41.35128056,41.35128056,-74.16855,-74.16855,8,Pedestrian,0,The First Harmful Event was Not a Collision with a Motor Vehicle in Transport,0,No,1,Non-Junction,1,Not an Intersection,1,On Roadway,0,None,1,Daylight,1,Clear,1,Yes,0000000,Not Applicable,11,11:00am-11:59am,2,2,11,11:00am-11:59am,6,6,88,Not Applicable (Not Transported),88,Not Applicable (Not Transported),1
36,New York,361027,1,1,1,1,0,1,1,47,KINGS (47),4170,NEW YORK CITY,12,December,29,29,5,Thursday,2022,20,8:00pm-8:59pm,22,22,ROCKAWAY PKWY,NA,6,Local Street - Municipality,2,Urban,3,Principal Arterial - Other,4,City or Municipal Highway Agency,1,This section IS ON the NHS,0,No Special Jurisdiction,99998,Not Reported,40.63283333,40.63283333,-73.88875,-73.88875,8,Pedestrian,0,The First Harmful Event was Not a Collision with a Motor Vehicle in Transport,0,No,1,Non-Junction,1,Not an Intersection,1,On Roadway,0,None,3,Dark - Lighted,1,Clear,0,No,0000000,Not Applicable,99,Unknown,99,Unknown,99,Unknown EMS Scene Arrival Hour,99,Unknown EMS Scene Arrival Minutes,99,Unknown,99,Unknown EMS Hospital Arrival Time,1
36,New York,361028,1,1,1,1,0,1,1,103,SUFFOLK (103),2840,HUNTINGTON,8,August,10,10,4,Wednesday,2022,18,6:00pm-6:59pm,19,19,SHORE RD,NA,5,Local Street - Township,2,Urban,7,Local,3,Town or Township Highway Agency,0,This section IS NOT on the NHS,0,No Special Jurisdiction,99998,Not Reported,40.87053056,40.87053056,-73.46031389,-73.46031389,8,Pedestrian,0,The First Harmful Event was Not a Collision with a Motor Vehicle in Transport,0,No,1,Non-Junction,1,Not an Intersection,1,On Roadway,0,None,1,Daylight,1,Clear,0,No,0000000,Not Applicable,99,Unknown,99,Unknown,99,Unknown EMS Scene Arrival Hour,99,Unknown EMS Scene Arrival Minutes,99,Unknown,99,Unknown EMS Hospital Arrival Time,1
36,New York,361029,0,0,2,2,0,5,5,13,CHAUTAUQUA (13),920,CASSADAGA,12,December,3,3,7,Saturday,2022,22,10:00pm-10:59pm,39,39,SR-83,CR-629 CENTER RD,3,State Highway,1,Rural,5,Major Collector,1,State Highway Agency,0,This section IS NOT on the NHS,0,No Special Jurisdiction,99998,Not Reported,42.40694167,42.40694167,-79.23632222,-79.23632222,12,Motor Vehicle In-Transport,6,Angle,0,No,2,Intersection,2,Four-Way Intersection,1,On Roadway,0,None,2,Dark - Not Lighted,1,Clear,0,No,0000000,Not Applicable,22,10:00pm-10:59pm,39,39,22,10:00pm-10:59pm,46,46,99,Unknown,99,Unknown EMS Hospital Arrival Time,1
36,New York,361030,1,1,1,1,0,1,1,61,NEW YORK (61),4170,NEW YORK,12,December,4,4,1,Sunday,2022,5,5:00am-5:59am,6,6,COLUMBUS AVE,W 92 ST,6,Local Street - Municipality,2,Urban,3,Principal Arterial - Other,4,City or Municipal Highway Agency,1,This section IS ON the NHS,0,No Special Jurisdiction,99998,Not Reported,40.790375,40.790375,-73.96936667,-73.96936667,8,Pedestrian,0,The First Harmful Event was Not a Collision with a Motor Vehicle in Transport,0,No,3,Intersection-Related,2,Four-Way Intersection,1,On Roadway,0,None,3,Dark - Lighted,1,Clear,0,No,0000000,Not Applicable,5,5:00am-5:59am,10,10,5,5:00am-5:59am,10,10,99,Unknown,99,Unknown EMS Hospital Arrival Time,1
36,New York,361031,1,1,1,1,0,1,1,47,KINGS (47),4170,NEW YORK CITY,9,September,24,24,7,Saturday,2022,21,9:00pm-9:59pm,32,32,AVENUE D,NA,6,Local Street - Municipality,2,Urban,4,Minor Arterial,4,City or Municipal Highway Agency,0,This section IS NOT on the NHS,0,No Special Jurisdiction,99998,Not Reported,40.65236667,40.65236667,-73.90385833,-73.90385833,8,Pedestrian,0,The First Harmful Event was Not a Collision with a Motor Vehicle in Transport,0,No,1,Non-Junction,1,Not an Intersection,1,On Roadway,0,None,3,Dark - Lighted,1,Clear,0,No,0000000,Not Applicable,99,Unknown,99,Unknown,99,Unknown EMS Scene Arrival Hour,99,Unknown EMS Scene Arrival Minutes,99,Unknown,99,Unknown EMS Hospital Arrival Time,1
36,New York,361032,0,0,1,1,0,1,1,67,ONONDAGA (67),3310,LIVERPOOL,9,September,10,10,7,Saturday,2022,1,1:00am-1:59am,16,16,SR-298 COURT ST,NA,3,State Highway,2,Urban,4,Minor Arterial,1,State Highway Agency,0,This section IS NOT on the NHS,0,No Special Jurisdiction,99998,Not Reported,43.08409167,43.08409167,-76.135725,-76.135725,33,Curb,0,The First Harmful Event was Not a Collision with a Motor Vehicle in Transport,0,No,1,Non-Junction,1,Not an Intersection,4,On Roadside,0,None,3,Dark - Lighted,1,Clear,0,No,0000000,Not Applicable,1,1:00am-1:59am,17,17,1,1:00am-1:59am,24,24,88,Not Applicable (Not Transported),88,Not Applicable (Not Transported),1
36,New York,361033,0,0,2,2,0,2,2,91,SARATOGA (91),5860,SOUTH GLENS FALLS,10,October,30,30,1,Sunday,2022,19,7:00pm-7:59pm,34,34,US-9 SARATOGA RD,NA,2,US Highway,2,Urban,3,Principal Arterial - Other,1,State Highway Agency,1,This section IS ON the NHS,0,No Special Jurisdiction,99998,Not Reported,43.27243889,43.27243889,-73.649025,-73.649025,12,Motor Vehicle In-Transport,1,Front-to-Rear,0,No,1,Non-Junction,1,Not an Intersection,1,On Roadway,0,None,3,Dark - Lighted,1,Clear,0,No,0000000,Not Applicable,19,7:00pm-7:59pm,34,34,19,7:00pm-7:59pm,38,38,21,9:00pm-9:59pm,45,45,1
36,New York,361034,0,0,1,1,0,1,1,71,ORANGE (71),2320,GOSHEN,12,December,1,1,5,Thursday,2022,11,11:00am-11:59am,45,45,US-6  SR-17 RAMP,NA,2,US Highway,2,Urban,2,Principal Arterial - Other Freeways and Expressways,1,State Highway Agency,1,This section IS ON the NHS,0,No Special Jurisdiction,99998,Not Reported,41.39240833,41.39240833,-74.32804167,-74.32804167,1,Rollover/Overturn,0,The First Harmful Event was Not a Collision with a Motor Vehicle in Transport,1,Yes,5,Entrance/Exit Ramp Related,1,Not an Intersection,5,Outside Trafficway,0,None,1,Daylight,1,Clear,0,No,0000000,Not Applicable,14,2:00pm-2:59pm,40,40,14,2:00pm-2:59pm,50,50,88,Not Applicable (Not Transported),88,Not Applicable (Not Transported),1
36,New York,361035,1,1,1,1,0,1,1,47,KINGS (47),4170,NEW YORK CITY,12,December,22,22,5,Thursday,2022,22,10:00pm-10:59pm,13,13,68 ST,BLISS TERRACE,6,Local Street - Municipality,2,Urban,7,Local,4,City or Municipal Highway Agency,0,This section IS NOT on the NHS,0,No Special Jurisdiction,99998,Not Reported,40.63850278,40.63850278,-74.03155,-74.03155,8,Pedestrian,0,The First Harmful Event was Not a Collision with a Motor Vehicle in Transport,0,No,3,Intersection-Related,3,T-Intersection,1,On Roadway,0,None,3,Dark - Lighted,2,Rain,0,No,0000000,Not Applicable,99,Unknown,99,Unknown,99,Unknown EMS Scene Arrival Hour,99,Unknown EMS Scene Arrival Minutes,99,Unknown,99,Unknown EMS Hospital Arrival Time,1
36,New York,361036,0,0,3,1,2,1,1,29,ERIE (29),750,BUFFALO,12,December,31,31,7,Saturday,2022,13,1:00pm-1:59pm,11,11,SR-16 SENECA ST,NA,3,State Highway,2,Urban,3,Principal Arterial - Other,4,City or Municipal Highway Agency,1,This section IS ON the NHS,0,No Special Jurisdiction,99998,Not Reported,42.8542,42.8542,-78.80828056,-78.80828056,14,Parked Motor Vehicle,0,The First Harmful Event was Not a Collision with a Motor Vehicle in Transport,0,No,1,Non-Junction,1,Not an Intersection,7,In Parking Lane/Zone,0,None,1,Daylight,2,Rain,0,No,0000000,Not Applicable,13,1:00pm-1:59pm,12,12,13,1:00pm-1:59pm,12,12,13,1:00pm-1:59pm,47,47,1
36,New York,361037,0,0,2,2,0,4,4,21,COLUMBIA (21),3030,KINDERHOOK,8,August,13,13,7,Saturday,2022,20,8:00pm-8:59pm,39,39,US-9,NA,2,US Highway,2,Urban,3,Principal Arterial - Other,1,State Highway Agency,1,This section IS ON the NHS,0,No Special Jurisdiction,99998,Not Reported,42.436375,42.436375,-73.68694722,-73.68694722,12,Motor Vehicle In-Transport,6,Angle,0,No,1,Non-Junction,1,Not an Intersection,1,On Roadway,0,None,2,Dark - Not Lighted,1,Clear,0,No,0000000,Not Applicable,20,8:00pm-8:59pm,39,39,20,8:00pm-8:59pm,41,41,99,Unknown,99,Unknown EMS Hospital Arrival Time,1
36,New York,361038,0,0,2,2,0,2,2,113,WARREN (113),601,BOLTON,9,September,23,23,6,Friday,2022,16,4:00pm-4:59pm,18,18,CR-10 E SCHRRON RIVER RD,NA,4,County Road,1,Rural,6,Minor Collector,2,County Highway Agency,0,This section IS NOT on the NHS,0,No Special Jurisdiction,99998,Not Reported,43.62325,43.62325,-73.742,-73.742,12,Motor Vehicle In-Transport,2,Front-to-Front,0,No,1,Non-Junction,1,Not an Intersection,1,On Roadway,0,None,1,Daylight,1,Clear,0,No,0000000,Not Applicable,16,4:00pm-4:59pm,21,21,16,4:00pm-4:59pm,31,31,99,Unknown,99,Unknown EMS Hospital Arrival Time,1
36,New York,361039,0,0,2,2,0,4,4,71,ORANGE (71),6410,WARWICK,10,October,7,7,6,Friday,2022,19,7:00pm-7:59pm,38,38,CR-6 PULASKI HWY,NA,4,County Road,1,Rural,5,Major Collector,2,County Highway Agency,0,This section IS NOT on the NHS,0,No Special Jurisdiction,99998,Not Reported,41.32561944,41.32561944,-74.4208,-74.4208,12,Motor Vehicle In-Transport,6,Angle,0,No,8,Driveway Access Related,1,Not an Intersection,1,On Roadway,0,None,2,Dark - Not Lighted,1,Clear,0,No,0000000,Not Applicable,19,7:00pm-7:59pm,38,38,19,7:00pm-7:59pm,47,47,99,Unknown,99,Unknown EMS Hospital Arrival Time,1
36,New York,361040,0,0,2,2,0,6,6,87,ROCKLAND (87),4902,POMONA,11,November,3,3,5,Thursday,2022,21,9:00pm-9:59pm,34,34,CAMP HILL RD,LADENTOWN RD,5,Local Street - Township,2,Urban,5,Major Collector,3,Town or Township Highway Agency,0,This section IS NOT on the NHS,0,No Special Jurisdiction,99998,Not Reported,41.18295833,41.18295833,-74.05454722,-74.05454722,12,Motor Vehicle In-Transport,6,Angle,0,No,2,Intersection,2,Four-Way Intersection,1,On Roadway,0,None,2,Dark - Not Lighted,1,Clear,0,No,0000000,Not Applicable,21,9:00pm-9:59pm,48,48,21,9:00pm-9:59pm,48,48,22,10:00pm-10:59pm,15,15,1
36,New York,361041,0,0,2,2,0,7,7,71,ORANGE (71),2695,HIGHLAND MILLS,11,November,10,10,5,Thursday,2022,9,9:00am-9:59am,4,4,SR-32,NA,3,State Highway,2,Urban,4,Minor Arterial,1,State Highway Agency,0,This section IS NOT on the NHS,0,No Special Jurisdiction,99998,Not Reported,41.36574167,41.36574167,-74.10375556,-74.10375556,12,Motor Vehicle In-Transport,2,Front-to-Front,0,No,1,Non-Junction,1,Not an Intersection,1,On Roadway,0,None,1,Daylight,1,Clear,0,No,0000000,Not Applicable,9,9:00am-9:59am,4,4,9,9:00am-9:59am,15,15,9,9:00am-9:59am,40,40,2
36,New York,361042,1,1,1,1,0,1,1,93,SCHENECTADY (93),5550,SCHENECTADY,12,December,4,4,1,Sunday,2022,20,8:00pm-8:59pm,6,6,I-890 RAMP,NA,1,Interstate,2,Urban,1,Interstate,1,State Highway Agency,1,This section IS ON the NHS,0,No Special Jurisdiction,99998,Not Reported,42.80287222,42.80287222,-73.94388889,-73.94388889,8,Pedestrian,0,The First Harmful Event was Not a Collision with a Motor Vehicle in Transport,1,Yes,20,Entrance/Exit Ramp,1,Not an Intersection,1,On Roadway,0,None,2,Dark - Not Lighted,1,Clear,0,No,0000000,Not Applicable,20,8:00pm-8:59pm,5,5,20,8:00pm-8:59pm,8,8,88,Not Applicable (Not Transported),88,Not Applicable (Not Transported),1
36,New York,361043,0,0,1,1,0,2,2,67,ONONDAGA (67),1179,CLAY,12,December,8,8,5,Thursday,2022,23,11:00pm-11:59pm,35,35,CR-50 CAUGHDENOY RD,BLACK CREED RD,4,County Road,1,Rural,6,Minor Collector,2,County Highway Agency,0,This section IS NOT on the NHS,0,No Special Jurisdiction,99998,Not Reported,43.26435278,43.26435278,-76.20166944,-76.20166944,35,Embankment,0,The First Harmful Event was Not a Collision with a Motor Vehicle in Transport,0,No,3,Intersection-Related,3,T-Intersection,4,On Roadside,0,None,2,Dark - Not Lighted,1,Clear,0,No,0000000,Not Applicable,23,11:00pm-11:59pm,35,35,23,11:00pm-11:59pm,40,40,0,0:00am-0:59am,26,26,2
36,New York,361044,0,0,3,3,0,3,3,119,WESTCHESTER (119),6040,TARRYTOWN,12,December,27,27,3,Tuesday,2022,5,5:00am-5:59am,26,26,SR-987F SPRAIN BROOK PKWY,NA,3,State Highway,2,Urban,2,Principal Arterial - Other Freeways and Expressways,1,State Highway Agency,1,This section IS ON the NHS,0,No Special Jurisdiction,99998,Not Reported,41.098711110000004,41.098711110000004,-73.79865278,-73.79865278,12,Motor Vehicle In-Transport,6,Angle,0,No,1,Non-Junction,1,Not an Intersection,1,On Roadway,0,None,2,Dark - Not Lighted,1,Clear,0,No,0000000,Not Applicable,5,5:00am-5:59am,26,26,5,5:00am-5:59am,37,37,99,Unknown,99,Unknown EMS Hospital Arrival Time,1
36,New York,361045,1,1,2,2,0,2,2,103,SUFFOLK (103),5210,RIVERHEAD,12,December,30,30,6,Friday,2022,18,6:00pm-6:59pm,2,2,CR-58 OLD COUNTRY RD,NA,4,County Road,2,Urban,3,Principal Arterial - Other,2,County Highway Agency,1,This section IS ON the NHS,0,No Special Jurisdiction,99998,Not Reported,40.92773611,40.92773611,-72.68640556,-72.68640556,8,Pedestrian,0,The First Harmful Event was Not a Collision with a Motor Vehicle in Transport,0,No,1,Non-Junction,1,Not an Intersection,1,On Roadway,0,None,3,Dark - Lighted,1,Clear,0,No,0000000,Not Applicable,99,Unknown,99,Unknown,99,Unknown EMS Scene Arrival Hour,99,Unknown EMS Scene Arrival Minutes,99,Unknown,99,Unknown EMS Hospital Arrival Time,1
36,New York,361046,0,0,1,1,0,1,1,111,ULSTER (111),6350,WALLKILL,12,December,2,2,6,Friday,2022,21,9:00pm-9:59pm,34,34,I-84,NA,1,Interstate,2,Urban,1,Interstate,1,State Highway Agency,1,This section IS ON the NHS,0,No Special Jurisdiction,99998,Not Reported,99.9999,99.9999,999.9999,999.9999,18,Other Object (not fixed),0,The First Harmful Event was Not a Collision with a Motor Vehicle in Transport,0,No,1,Non-Junction,1,Not an Intersection,1,On Roadway,0,None,2,Dark - Not Lighted,1,Clear,0,No,0000000,Not Applicable,21,9:00pm-9:59pm,22,22,21,9:00pm-9:59pm,29,29,88,Not Applicable (Not Transported),88,Not Applicable (Not Transported),1
36,New York,361047,0,0,2,2,0,2,2,71,ORANGE (71),3730,MIDDLETOWN,4,April,7,7,5,Thursday,2022,9,9:00am-9:59am,35,35,SR-211,NA,3,State Highway,2,Urban,4,Minor Arterial,1,State Highway Agency,0,This section IS NOT on the NHS,0,No Special Jurisdiction,99998,Not Reported,41.47170278,41.47170278,-74.32644444,-74.32644444,12,Motor Vehicle In-Transport,2,Front-to-Front,0,No,1,Non-Junction,1,Not an Intersection,1,On Roadway,0,None,1,Daylight,2,Rain,0,No,0000000,Not Applicable,9,9:00am-9:59am,36,36,9,9:00am-9:59am,45,45,10,10:00am-10:59am,33,33,1
36,New York,361048,0,0,4,4,0,9,9,59,NASSAU (59),2600,HEMPSTEAD,12,December,25,25,1,Sunday,2022,18,6:00pm-6:59pm,4,4,CR-7B GREENWICH ST,CR-D13 HENRY ST,4,County Road,2,Urban,4,Minor Arterial,2,County Highway Agency,0,This section IS NOT on the NHS,0,No Special Jurisdiction,99998,Not Reported,40.70001111,40.70001111,-73.61528611,-73.61528611,12,Motor Vehicle In-Transport,1,Front-to-Rear,0,No,2,Intersection,2,Four-Way Intersection,1,On Roadway,0,None,3,Dark - Lighted,10,Cloudy,0,No,0000000,Not Applicable,18,6:00pm-6:59pm,4,4,18,6:00pm-6:59pm,5,5,99,Unknown,99,Unknown EMS Hospital Arrival Time,1
36,New York,361049,1,1,1,1,0,1,1,103,SUFFOLK (103),705,BROOKHAVEN,8,August,8,8,2,Monday,2022,18,6:00pm-6:59pm,7,7,SR-25A,BROADWAY,3,State Highway,2,Urban,3,Principal Arterial - Other,1,State Highway Agency,1,This section IS ON the NHS,0,No Special Jurisdiction,99998,Not Reported,40.9475,40.9475,-72.92351667,-72.92351667,8,Pedestrian,0,The First Harmful Event was Not a Collision with a Motor Vehicle in Transport,0,No,3,Intersection-Related,98,Not Reported,1,On Roadway,0,None,1,Daylight,1,Clear,0,No,0000000,Not Applicable,99,Unknown,99,Unknown,99,Unknown EMS Scene Arrival Hour,99,Unknown EMS Scene Arrival Minutes,99,Unknown,99,Unknown EMS Hospital Arrival Time,1
36,New York,361050,0,0,1,1,0,1,1,11,CAYUGA (11),5961,STERLING,12,December,3,3,7,Saturday,2022,17,5:00pm-5:59pm,15,15,SR-104A,NA,3,State Highway,1,Rural,5,Major Collector,1,State Highway Agency,0,This section IS NOT on the NHS,0,No Special Jurisdiction,99998,Not Reported,43.32953889,43.32953889,-76.63049444,-76.63049444,42,Tree (Standing Only),0,The First Harmful Event was Not a Collision with a Motor Vehicle in Transport,0,No,1,Non-Junction,1,Not an Intersection,4,On Roadside,0,None,2,Dark - Not Lighted,10,Cloudy,0,No,0000000,Not Applicable,99,Unknown,99,Unknown,99,Unknown EMS Scene Arrival Hour,99,Unknown EMS Scene Arrival Minutes,99,Unknown,99,Unknown EMS Hospital Arrival Time,1
36,New York,361051,0,0,2,2,0,2,2,103,SUFFOLK (103),2920,ISLIP,7,July,6,6,4,Wednesday,2022,6,6:00am-6:59am,13,13,SR-454,ARTIC AVE,3,State Highway,2,Urban,3,Principal Arterial - Other,1,State Highway Agency,1,This section IS ON the NHS,0,No Special Jurisdiction,99998,Not Reported,40.7842,40.7842,-73.10725556,-73.10725556,12,Motor Vehicle In-Transport,6,Angle,0,No,2,Intersection,2,Four-Way Intersection,1,On Roadway,0,None,1,Daylight,10,Cloudy,0,No,0000000,Not Applicable,99,Unknown,99,Unknown,99,Unknown EMS Scene Arrival Hour,99,Unknown EMS Scene Arrival Minutes,99,Unknown,99,Unknown EMS Hospital Arrival Time,1
36,New York,361052,0,0,3,2,1,3,3,103,SUFFOLK (103),2920,ISLIP,7,July,7,7,5,Thursday,2022,5,5:00am-5:59am,20,20,CR-67 MOTOR PARKWAY,CR-17 WHEELER RD,4,County Road,2,Urban,4,Minor Arterial,2,County Highway Agency,0,This section IS NOT on the NHS,0,No Special Jurisdiction,99998,Not Reported,40.80296944,40.80296944,-73.212625,-73.212625,12,Motor Vehicle In-Transport,6,Angle,0,No,2,Intersection,3,T-Intersection,1,On Roadway,0,None,4,Dawn,1,Clear,0,No,0000000,Not Applicable,99,Unknown,99,Unknown,99,Unknown EMS Scene Arrival Hour,99,Unknown EMS Scene Arrival Minutes,99,Unknown,99,Unknown EMS Hospital Arrival Time,1
36,New York,361053,1,1,1,1,0,2,2,103,SUFFOLK (103),2920,ISLIP,7,July,8,8,6,Friday,2022,17,5:00pm-5:59pm,51,51,PINE AIRE DR,WELLS DR,5,Local Street - Township,2,Urban,4,Minor Arterial,3,Town or Township Highway Agency,0,This section IS NOT on the NHS,0,No Special Jurisdiction,99998,Not Reported,40.77561389,40.77561389,-73.26330556,-73.26330556,9,Pedalcyclist,0,The First Harmful Event was Not a Collision with a Motor Vehicle in Transport,0,No,3,Intersection-Related,3,T-Intersection,1,On Roadway,0,None,1,Daylight,1,Clear,0,No,0000000,Not Applicable,99,Unknown,99,Unknown,99,Unknown EMS Scene Arrival Hour,99,Unknown EMS Scene Arrival Minutes,99,Unknown,99,Unknown EMS Hospital Arrival Time,1
36,New York,361054,1,1,2,2,0,5,5,103,SUFFOLK (103),705,BROOKHAVEN,7,July,10,10,1,Sunday,2022,0,0:00am-0:59am,31,31,I-495,NA,1,Interstate,2,Urban,1,Interstate,1,State Highway Agency,1,This section IS ON the NHS,0,No Special Jurisdiction,99998,Not Reported,40.82288611,40.82288611,-72.98702778,-72.98702778,8,Pedestrian,0,The First Harmful Event was Not a Collision with a Motor Vehicle in Transport,0,No,1,Non-Junction,1,Not an Intersection,1,On Roadway,0,None,2,Dark - Not Lighted,1,Clear,0,No,0000000,Not Applicable,0,0:00am-0:59am,29,29,0,0:00am-0:59am,40,40,88,Not Applicable (Not Transported),88,Not Applicable (Not Transported),1
36,New York,361055,0,0,1,1,0,1,1,67,ONONDAGA (67),3425,LYSANDER,8,August,1,1,2,Monday,2022,11,11:00am-11:59am,32,32,DINGLEHOLE RD,NA,5,Local Street - Township,2,Urban,7,Local,3,Town or Township Highway Agency,0,This section IS NOT on the NHS,0,No Special Jurisdiction,99998,Not Reported,43.20065556,43.20065556,-76.37798333,-76.37798333,1,Rollover/Overturn,0,The First Harmful Event was Not a Collision with a Motor Vehicle in Transport,0,No,1,Non-Junction,1,Not an Intersection,4,On Roadside,0,None,1,Daylight,10,Cloudy,0,No,0000000,Not Applicable,99,Unknown,99,Unknown,99,Unknown EMS Scene Arrival Hour,99,Unknown EMS Scene Arrival Minutes,99,Unknown,99,Unknown EMS Hospital Arrival Time,1
36,New York,361056,0,0,1,1,0,2,2,103,SUFFOLK (103),5810,SOUTHAMPTON,12,December,7,7,4,Wednesday,2022,9,9:00am-9:59am,4,4,SR-24 NUGENT DR,NA,3,State Highway,2,Urban,3,Principal Arterial - Other,1,State Highway Agency,1,This section IS ON the NHS,0,No Special Jurisdiction,99998,Not Reported,99.9999,99.9999,999.9999,999.9999,42,Tree (Standing Only),0,The First Harmful Event was Not a Collision with a Motor Vehicle in Transport,0,No,1,Non-Junction,1,Not an Intersection,3,On Median,0,None,1,Daylight,2,Rain,0,No,0000000,Not Applicable,9,9:00am-9:59am,2,2,9,9:00am-9:59am,14,14,99,Unknown,99,Unknown EMS Hospital Arrival Time,1